time_s,tec_temperature_c,measured_temperature_c,error_c,p_pwm,i_pwm,applied_pwm,saturated
0.1,23.197740930212266,23.197740930212266,6.802259069787734,13.623076923076916,0.054492307692307666,13.677569230769222,False
0.6,23.24431057327555,23.24431057327555,6.755689426724452,13.530052214034455,0.32583846953222906,13.855890683566685,False
1.0999999999999999,23.291160541092086,23.291160541092086,6.708839458907914,13.436462782221923,0.5953173278997049,14.031780110121629,False
1.6000000000000003,23.338280710966288,23.338280710966288,6.661719289033712,13.34232891333945,0.8629178320902069,14.205246745429658,False
2.1000000000000005,23.385661060972698,23.385661060972698,6.614338939027302,13.24767069154467,1.1286293346946865,14.376300026239356,False
2.600000000000001,23.433291669942278,23.433291669942278,6.566708330057722,13.152507999474736,1.3924415875689449,14.54494958704368,False
3.1000000000000014,23.481162717435314,23.481162717435314,6.518837282564686,13.05686051829521,1.6543447378037672,14.711205256098976,False
3.600000000000002,23.529264483701056,23.529264483701056,6.470735516298944,12.960747727775455,1.914329323696355,14.875077051471811,False
4.100000000000001,23.577587349624373,23.577587349624373,6.422412650375627,12.864188906390197,2.1723862707235773,15.036575177113775,False
4.6,23.626121796659504,23.626121796659504,6.373878203340496,12.767203131446898,2.428506887517566,15.195710018964464,False
5.099999999999998,23.67485840675114,23.67485840675114,6.325141593248858,12.669809279238521,2.6826828618441647,15.352492141082685,False
5.599999999999996,23.72378786224306,23.72378786224306,6.276212137756939,12.572026025221334,2.93490625658473,15.506932281806064,False
6.099999999999994,23.77290094577438,23.77290094577438,6.227099054225619,12.473871844217484,3.1851695057217935,15.659041349939278,False
6.5999999999999925,23.822188540163754,23.822188540163754,6.177811459836246,12.37536501064178,3.433465410329056,15.808830420970835,False
7.099999999999991,23.871641628281566,23.871641628281566,6.128358371718434,12.276523598752568,3.679787134566219,15.956310733318787,False
7.599999999999989,23.921251292910377,23.921251292910377,6.078748707089623,12.177365482926156,3.924128201679108,16.101493684605263,False
8.099999999999987,23.971008716593797,23.971008716593797,6.028991283406203,12.077908337954455,4.166482490005566,16.24439082796002,False
8.599999999999985,24.02090518147391,24.02090518147391,5.9790948185260895,11.97816963936559,4.40684422898758,16.38501386835317,False
9.099999999999984,24.07093206911747,24.07093206911747,5.929067930882528,11.878166663767054,4.645207995190084,16.523374658957138,False
9.599999999999982,24.121080860331073,24.121080860331073,5.878919139668927,11.77791648921096,4.881568708326896,16.659485197537855,False
10.09999999999998,24.171343134965387,24.171343134965387,5.828656865034613,11.677435995581256,5.1159216272942185,16.793357622875476,False
10.599999999999978,24.2217105717087,24.2217105717087,5.778289428291298,11.576741865002354,5.3482623462121515,16.925004211214507,False
11.099999999999977,24.272174947869946,24.272174947869946,5.727825052130054,11.475850582268933,5.578586790474618,17.05443737274355,False
11.599999999999975,24.322728139151312,24.322728139151312,5.677271860848688,11.374778435296548,5.806891212808153,17.1816696481047,False
12.099999999999973,24.373362119410714,24.373362119410714,5.626637880589286,11.273541515592697,6.033172189339933,17.30671370493263,False
12.599999999999971,24.42406896041419,24.42406896041419,5.575931039585811,11.17215571874798,6.2574266156754765,17.429582334423458,False
13.09999999999997,24.474840831578472,24.474840831578472,5.525159168421528,11.070636744947087,6.479651702986416,17.550288447933504,False
13.599999999999968,24.525669999703858,24.525669999703858,5.474330000296142,10.969000099499183,6.6998449741087045,17.668845073607887,False
14.099999999999966,24.57654882869756,24.57654882869756,5.423451171302439,10.867261093387455,6.9180042596516715,17.785265353039126,False
14.599999999999964,24.62746977928773,24.62746977928773,5.372530220712271,10.765434843837326,7.134127694118296,17.89956253795562,False
15.099999999999962,24.678425408728213,24.678425408728213,5.321574591271787,10.663536274903272,7.348213712037055,18.011749986940327,False
15.59999999999996,24.729408370494404,24.729408370494404,5.270591629505596,10.561580118073607,7.560261044105747,18.121841162179354,False
16.09999999999996,24.78041141397013,24.78041141397013,5.219588586029872,10.45958091289311,7.7702687133475985,18.229849626240707,False
16.599999999999966,24.83142738412588,24.83142738412588,5.168572615874119,10.357553007603151,7.978236031280052,18.335789038883203,False
17.099999999999973,24.882449221188516,24.882449221188516,5.117550778811484,10.255510559798914,8.184162594096561,18.439673153895477,False
17.59999999999998,24.93346996030257,24.93346996030257,5.0665300396974295,10.153467537103417,8.388048278861724,18.54151581596514,False
18.099999999999987,24.984482731183345,24.984482731183345,5.015517268816655,10.051437717858072,8.589893239720105,18.641330957578177,False
18.599999999999994,25.03548075776196,25.03548075776196,4.96451924223804,9.949434691829417,8.78969790411905,18.73913259594847,False
19.1,25.086457357822475,25.086457357822475,4.913542642177525,9.847471860931698,8.98746296904584,18.834934829977538,False
19.60000000000001,25.13740594263129,25.13740594263129,4.86259405736871,9.74556243996502,9.18318939727948,18.928751837244498,False
20.100000000000016,25.18832001655893,25.18832001655893,4.811679983441071,9.64371945736876,9.37687841365743,19.02059787102619,False
20.600000000000023,25.239193176694425,25.239193176694425,4.760806823305575,9.54195575598984,9.568531501357588,19.11048725734743,False
21.10000000000003,25.290019112452363,25.290019112452363,4.709980887547637,9.440283993865762,9.758150398195813,19.198434392061575,False
21.600000000000037,25.340791605172857,25.340791605172857,4.659208394827143,9.338716645021819,9.94573709293928,19.2844537379611,False
22.100000000000044,25.391504527714506,25.391504527714506,4.608495472285494,9.237266000282432,10.131293821635952,19.36855982191838,False
22.60000000000005,25.442151844040517,25.442151844040517,4.5578481559594834,9.135944168096152,10.31482306396043,19.450767232056585,False
23.10000000000006,25.492727608798155,25.492727608798155,4.507272391201845,9.034763075374165,10.4963275395765,19.531090614950664,False
23.600000000000065,25.54322596689166,25.54322596689166,4.4567740331083385,8.933734468341818,10.67581020451656,19.609544672858377,False
24.100000000000072,25.593641153048765,25.593641153048765,4.406358846951235,8.832869913403094,10.853274247578263,19.686144160981357,False
24.60000000000008,25.643967491380966,25.643967491380966,4.356032508619034,8.732180798017552,11.028723086738603,19.760903884756154,False
25.100000000000087,25.694199394937723,25.694199394937723,4.305800605062277,8.631678331589548,11.202160365585664,19.83383869717521,False
25.600000000000094,25.74433136525464,25.74433136525464,4.2556686347453585,8.531373546369487,11.373589949768323,19.90496349613781,False
26.1000000000001,25.794357991895893,25.794357991895893,4.205642008104107,8.431277298366687,11.543015923464102,19.97429322183079,False
26.600000000000108,25.84427395199095,25.84427395199095,4.1557260480090505,8.331400268273661,11.710442585865417,20.041842854139077,False
27.100000000000115,25.894074009765756,25.894074009765756,4.105925990234244,8.231752962401579,11.87587444768445,20.10762741008603,False
27.600000000000122,25.94375301606853,25.94375301606853,4.056246983931469,8.132345713626535,12.039316227676872,20.171661941303405,False
28.10000000000013,25.9933059078903,25.9933059078903,4.006694092109701,8.033188682346385,12.200772849184592,20.233961531530976,False
28.600000000000136,26.0427277078803,26.0427277078803,3.9572722921197006,7.934291857447924,12.360249436697782,20.294541294145706,False
29.100000000000144,26.09201352385639,26.09201352385639,3.907986476143609,7.835665057284075,12.517751312436385,20.35341636972046,False
29.60000000000015,26.141158548310617,26.141158548310617,3.8588414516893828,7.737317930660858,12.673283992951244,20.410601923612102,False
30.100000000000158,26.190158057910057,26.190158057910057,3.8098419420899425,7.639259957833815,12.82685318574512,20.466113143578937,False
30.600000000000165,26.239007412993043,26.239007412993043,3.7609925870069567,7.541500451513755,12.978464785913726,20.51996523742748,False
31.100000000000172,26.28770205706098,26.28770205706098,3.7122979429390206,7.444048557881366,13.128124872806998,20.572173430688366,False
31.60000000000018,26.336237516265758,26.336237516265758,3.663762483734242,7.3469132576106375,13.275839706710768,20.622752964321407,False
32.100000000000186,26.384609398893023,26.384609398893023,3.615390601106977,7.25010336690071,13.42161572554899,20.6717190924497,False
32.60000000000019,26.432813394841332,26.432813394841332,3.5671866051586676,7.153627538515913,13.565459541606714,20.719087080122627,False
33.1000000000002,26.48084527509738,26.48084527509738,3.51915472490262,7.057494262833785,13.707377938273945,20.76487220110773,False
33.60000000000021,26.52870089120737,26.52870089120737,3.4712991087926284,6.961711868900771,13.847377866810575,20.809089735711346,False
34.100000000000215,26.576376174744702,26.576376174744702,3.423623825255298,6.866288525495442,13.985466443132507,20.85175496862795,False
34.60000000000022,26.623867136774077,26.623867136774077,3.376132863225923,6.771232242198835,14.121650944619121,20.892883186817954,False
35.10000000000023,26.671169867312113,26.671169867312113,3.3288301326878873,6.676550870471857,14.25593880694225,20.932489677414107,False
35.600000000000236,26.718280534784682,26.718280534784682,3.2817194652153177,6.582252104739318,14.388337620916772,20.97058972565609,False
36.10000000000024,26.765195385480926,26.765195385480926,3.2348046145190743,6.488343483480598,14.518855129372964,21.007198612853564,False
36.60000000000025,26.81191074300426,26.81191074300426,3.1880892569957417,6.394832390326435,14.647499224050751,21.042331614377186,False
37.10000000000026,26.85842300772033,26.85842300772033,3.1415769922796706,6.301726055161822,14.774277942515951,21.076003997677773,False
37.600000000000264,26.90472865620212,26.90472865620212,3.0952713437978794,6.209031555234674,14.899199465098658,21.10823102033333,False
38.10000000000027,26.950824240672276,26.950824240672276,3.0491757593277242,6.116755816270093,15.022272111853864,21.13902792812396,False
38.60000000000028,26.996706388442814,26.996706388442814,3.0032936115571864,6.024905613589887,15.14350433954443,21.168409953134315,False
39.100000000000286,27.042371801352257,27.042371801352257,2.9576281986477433,5.933487573237322,15.262904738646508,21.19639231188383,False
39.60000000000029,27.087817255200363,27.087817255200363,2.9121827447996367,5.842508173106708,15.380482030377511,21.22299020348422,False
40.1000000000003,27.133039599180538,27.133039599180538,2.866960400819462,5.751973744077667,15.496245063746755,21.248218807824422,False
40.60000000000031,27.178035755310034,27.178035755310034,2.8219642446899655,5.661890471153853,15.610202812628795,21.27209328378265,False
41.100000000000314,27.222802717858034,27.222802717858034,2.777197282141966,5.572264394605973,15.722364372859646,21.294628767465618,False
41.60000000000032,27.267337552771764,27.267337552771764,2.732662447228236,5.483101411118788,15.83273895935586,21.315840370474646,False
42.10000000000033,27.31163739710068,27.31163739710068,2.6883626028993213,5.394407274941976,15.94133590325662,21.335743178198598,False
42.600000000000335,27.355699458418915,27.355699458418915,2.644300541581085,5.306187599044563,16.048164649088886,21.35435224813345,False
43.10000000000034,27.39952101424599,27.39952101424599,2.600478985754009,5.218447856272817,16.15323475195567,21.371682608228486,False
43.60000000000035,27.44309941146595,27.44309941146595,2.556900588534049,5.131193380511384,16.2565558747475,21.387749255258885,False
44.10000000000036,27.486432065745046,27.486432065745046,2.5135679342549544,5.044429367847329,16.35813778537719,21.402567153224517,False
44.600000000000364,27.529516460947978,27.529516460947978,2.4704835390520223,4.9581608777371144,16.457990354037822,21.416151231774936,False
45.10000000000037,27.572350148552896,27.572350148552896,2.4276498514471037,4.87239283417609,16.55612355048423,21.42851638466032,False
45.60000000000038,27.61493074706519,27.61493074706519,2.3850692529348088,4.787130026870479,16.652547441337784,21.439677468208263,False
46.100000000000385,27.657255941430172,27.657255941430172,2.342744058569828,4.702377112411554,16.747272187414744,21.449649299826298,False
46.60000000000039,27.699323482444765,27.699323482444765,2.3006765175552353,4.61813861545189,16.840308041078025,21.458446656529915,False
47.1000000000004,27.74113118616826,27.74113118616826,2.2588688138317394,4.5344189298835005,16.93166534361259,21.46608427349609,False
47.600000000000406,27.782676933332315,27.782676933332315,2.217323066667685,4.451222320017536,17.02135452262439,21.472576842641924,False
48.10000000000041,27.823958668750144,27.823958668750144,2.1760413312498557,4.368552921765598,17.1093860894629,21.4779390112285,False
48.60000000000042,27.864974400725128,27.864974400725128,2.135025599274872,4.28641474382232,17.19577063666734,21.48218538048966,False
49.10000000000043,27.905722200458843,27.905722200458843,2.094277799541157,4.204811668849054,17.280518835436524,21.485330504285578,False
49.600000000000435,27.946200201458648,27.946200201458648,2.053799798541352,4.123747454658584,17.363641433122417,21.487388887781,False
50.10000000000044,27.986406598944875,27.986406598944875,2.0135934010551253,4.043225735400547,17.44514925074738,21.488374986147928,False
50.60000000000045,28.026339649257743,28.026339649257743,1.9736603507422572,3.9632500227475447,17.525053180545143,21.488303203292688,False
51.100000000000456,28.06599766926406,28.06599766926406,1.9340023307359395,3.8838237070816533,17.603364183525517,21.48718789060717,False
51.60000000000046,28.1053790357638,28.1053790357638,1.8946209642362,3.804950058681243,17.680093287062796,21.48504334574404,False
52.10000000000047,28.14448218489663,28.14448218489663,1.8555178151033687,3.7266322289078957,17.755251582507945,21.48188381141584,False
52.60000000000048,28.183305611548494,28.183305611548494,1.8166943884515057,3.6488732513932973,17.828850222824506,21.477723474217804,False
53.100000000000485,28.221847868758292,28.221847868758292,1.7781521312417077,3.5716760432259207,17.900900420248234,21.472576463474155,False
53.60000000000049,28.260107567124763,28.260107567124763,1.7398924328752372,3.4950434061373485,17.97141344397048,21.46645685010783,False
54.1000000000005,28.29808337421366,28.29808337421366,1.701916625786339,3.4189780276880555,18.040400617845265,21.45937864553332,False
54.600000000000506,28.335774013965235,28.335774013965235,1.664225986034765,3.343482482452579,18.1078733181201,21.451355800572678,False
55.10000000000051,28.373178266102187,28.373178266102187,1.6268217338978133,3.26855923320381,18.17384297119047,21.44240220439428,False
55.60000000000052,28.410294965538096,28.410294965538096,1.589705034461904,3.1942106320963433,18.238321051378012,21.432531683474355,False
56.10000000000053,28.447123001786405,28.447123001786405,1.5528769982135948,3.120438921848745,18.301319078732323,21.421758000581068,False
56.600000000000534,28.4836613183701,28.4836613183701,1.5163386816299003,3.0472462369244653,18.362848616856436,21.4100948537809,False
57.10000000000054,28.519908912232033,28.519908912232033,1.480091087767967,2.9746346047114756,18.422921270755833,21.397555875467308,False
57.60000000000055,28.55586483314611,28.55586483314611,1.44413516685389,2.9026059467002554,18.481548684711132,21.384154631411388,False
58.100000000000556,28.591528183129267,28.591528183129267,1.4084718168707333,2.831162079660146,18.538742540174216,21.36990461983436,False
58.60000000000056,28.626898115854388,28.626898115854388,1.373101884145612,2.76030471681392,18.594514553687908,21.354819270501828,False
59.10000000000057,28.66197383606423,28.66197383606423,1.3380261639357691,2.69003546901034,18.648876474829137,21.338911943839477,False
59.60000000000058,28.6967545989864,28.6967545989864,1.3032454010136014,2.620355845894636,18.70184008417549,21.322195930070126,False
60.100000000000584,28.73123970974938,28.73123970974938,1.2687602902506185,2.5512672570768657,18.753417191295163,21.30468444837203,False
60.60000000000059,28.765428522799876,28.765428522799876,1.2345714772001237,2.4827710132978,18.80361963276027,21.28639064605807,False
61.1000000000006,28.79932044132125,28.79932044132125,1.2006795586787504,2.4148683275924583,18.8524592701834,21.267327597775857,False
61.600000000000605,28.832914916653376,28.832914916653376,1.167085083346624,2.3475603164509877,18.899947988277454,21.24750830472844,False
62.10000000000061,28.866211447713823,28.866211447713823,1.1337885522861768,2.2808480009768672,18.946097692938647,21.226945693915514,False
62.60000000000062,28.899209580420454,28.899209580420454,1.1007904195795462,2.2147323080422368,18.990920309352642,21.20565261739488,False
63.10000000000063,28.93190890711552,28.93190890711552,1.0680910928844796,2.149214071440362,19.03442778012375,21.18364185156411,False
63.600000000000634,28.96430906599129,28.96430906599129,1.0356909340087093,2.0842940330349506,19.076632063427155,21.160926096462106,False
64.10000000000063,28.996409740517315,28.996409740517315,1.003590259482685,2.019972843906345,19.117545131184094,21.13751797509044,False
64.6000000000006,29.028210658869284,29.028210658869284,0.9717893411307159,1.956251065494392,19.157178967259892,21.113430032754284,False
65.10000000000058,29.059711593359655,29.059711593359655,0.9402884066403452,1.8931291707379572,19.195545565684842,21.0886747364228,False
65.60000000000055,29.090912359869993,29.090912359869993,0.9090876401300072,1.8306075452109027,19.232656928897814,21.063264474108717,False
66.10000000000052,29.121812817285164,29.121812817285164,0.8781871827148358,1.7686864882544597,19.268525066012565,21.037211554267024,False
66.60000000000049,29.152412866929392,29.152412866929392,0.8475871330706077,1.7073662141058819,19.303161991106613,21.010528205212495,False
67.10000000000046,29.182712452004193,29.182712452004193,0.8172875479958073,1.6466468530233058,19.336579721532686,20.983226574555992,False
67.60000000000043,29.21271155702834,29.21271155702834,0.7872884429716613,1.5865284524066752,19.36879027625258,20.955318728659254,False
68.1000000000004,29.2424102072798,29.2424102072798,0.7575897927202,1.5270109779146424,19.39980567419341,20.92681665210805,False
68.60000000000038,29.27180846823975,29.27180846823975,0.728191531760249,1.4680943145773782,19.42963793262615,20.89773224720353,False
69.10000000000035,29.30090644503871,29.30090644503871,0.6990935549612907,1.4097782679051747,19.45829906556637,20.868077333471543,False
69.60000000000032,29.329704281904817,29.329704281904817,0.6702957180951827,1.3520625649927283,19.485801082197085,20.837863647189813,False
70.10000000000029,29.358202161614344,29.358202161614344,0.6417978383856564,1.2949468556190524,19.512155985313665,20.807102840932718,False
70.60000000000026,29.38640030494439,29.38640030494439,0.6135996950556084,1.2384307133429218,19.53737576979068,20.7758064831336,False
71.10000000000024,29.414298970127962,29.414298970127962,0.5857010298720375,1.1825136365937325,19.561472421070558,20.74398605766429,False
71.60000000000021,29.441898452311293,29.441898452311293,0.5581015476887075,1.1271950497577023,19.58445791367408,20.71165296343178,False
72.10000000000018,29.469199083013613,29.469199083013613,0.5308009169863865,1.0724743042593516,19.606344209732477,20.67881851399183,False
72.60000000000015,29.496201229589268,29.496201229589268,0.5037987704107323,1.0183506796382318,19.627143257541135,20.645493937179367,False
73.10000000000012,29.522905294692364,29.522905294692364,0.47709470530763554,0.964823384620594,19.646866990134765,20.61169037475536,False
73.6000000000001,29.54931171574385,29.54931171574385,0.4506882842561488,0.9118915581862623,19.665527323883932,20.577418882070194,False
74.10000000000007,29.575420964401157,29.575420964401157,0.4245790355988426,0.8595542706303618,19.683136157112894,20.542690427743256,False
74.60000000000004,29.601233546030404,29.601233546030404,0.3987664539695963,0.8078105246199243,19.699705368738584,20.50751589335851,False
75.10000000000001,29.626749999181214,29.626749999181214,0.37325000081878557,0.756659256245328,19.715246816930684,20.47190607317601,False
75.59999999999998,29.651970895064167,29.651970895064167,0.34802910493583283,0.706099336066444,19.729772337792642,20.435871673859086,False
76.09999999999995,29.67689683703093,29.67689683703093,0.32310316296906905,0.6561295701534533,19.74329374406357,20.399423314217024,False
76.59999999999992,29.701528460057105,29.701528460057105,0.298471539942895,0.6067487011222497,19.755822823840877,20.362571524963126,False
77.0999999999999,29.7258664302278,29.7258664302278,0.27413356977220005,0.5579554091643715,19.767371339323553,20.325326748487925,False
77.59999999999987,29.749911444226008,29.749911444226008,0.250088555773992,0.5097483130713982,19.777951025575984,20.287699338647382,False
78.09999999999984,29.773664228823748,29.773664228823748,0.22633577117625236,0.4621259712537551,19.787573589312196,20.24969956056595,False
78.59999999999981,29.79712554037611,29.79712554037611,0.20287445962388873,0.4150868827538048,19.796250707700384,20.21133759045419,False
79.09999999999978,29.820296164318105,29.820296164318105,0.17970383568189519,0.36862948825328345,19.803994027187656,20.17262351544094,False
79.59999999999975,29.84317691466442,29.84317691466442,0.15682308533558142,0.32275217107491727,19.810815162344852,20.13356733341977,False
80.09999999999972,29.86576863351214,29.86576863351214,0.13423136648786027,0.27745325817821254,19.816725694731314,20.094178952909527,False
80.5999999999997,29.888072190546385,29.888072190546385,0.11192780945361491,0.23273102114933408,19.821737171779517,20.05446819292885,False
81.09999999999967,29.910088482548936,29.910088482548936,0.08991151745106407,0.18858367718505065,19.82586110569942,20.01444478288447,False
81.59999999999964,29.93181843290987,29.93181843290987,0.06818156709012868,0.14500939007067615,19.82910897240242,19.974118362473096,False
82.09999999999961,29.953262991142207,29.953262991142207,0.04673700885779297,0.10200627115199268,19.831492210444786,19.93349848159678,False
82.59999999999958,29.974423132399647,29.974423132399647,0.02557686760035338,0.05957238030099887,19.833022219990486,19.892594600291485,False
83.09999999999955,29.995299856997338,29.995299856997338,0.004700143002661861,0.01770572687559735,19.833710361793234,19.85141608866883,False
83.59999999999953,30.015894189935803,30.015894189935803,-0.015894189935803382,-0.023595729326977732,19.83356795619764,19.809972226870663,False
84.0999999999995,30.036207180427922,30.036207180427922,-0.03620718042792248,-0.06433407712292905,19.832606282159393,19.768272205036464,False
84.59999999999947,30.056239901429134,30.056239901429134,-0.05623990142913371,-0.10451145300097409,19.830836576284288,19.726325123283313,False
85.09999999999944,30.075993449170728,30.075993449170728,-0.0759934491707277,-0.14413004018771858,19.828270031886,19.68413999169828,False
85.59999999999941,30.095468942696378,30.095468942696378,-0.09546894269637818,-0.18319206771940344,19.824917798062476,19.641725730343072,False
86.09999999999938,30.11466752340187,30.11466752340187,-0.11466752340187014,-0.22169980952008927,19.820790978790814,19.599091169270725,False
86.59999999999935,30.13359035457802,30.13359035457802,-0.13359035457801838,-0.25965558348622153,19.815900632040506,19.556245048554285,False
87.09999999999933,30.152238620956865,30.152238620956865,-0.15223862095686513,-0.2970617505776758,19.810257768904904,19.51319601832723,False
87.5999999999993,30.170613528261132,30.170613528261132,-0.17061352826113207,-0.3339207139154112,19.803873352750784,19.469952638835373,False
88.09999999999927,30.188716302756927,30.188716302756927,-0.18871630275692652,-0.37023491788553997,19.7967582983859,19.42652338050036,False
88.59999999999924,30.206548190809755,30.206548190809755,-0.20654819080975528,-0.4060068472500262,19.78892347124435,19.382916623994323,False
89.09999999999921,30.224110458443842,30.224110458443842,-0.22411045844384248,-0.44123902626402867,19.78037968658968,19.33914066032565,False
89.59999999999918,30.24140439090477,30.24140439090477,-0.24140439090476917,-0.4759340177998226,19.771137708735516,19.295203690935693,False
90.09999999999916,30.25843129222545,30.25843129222545,-0.258431292225449,-0.5100944224774295,19.761208250283687,19.251113827806257,False
90.59999999999913,30.275192484795447,30.275192484795447,-0.275192484795447,-0.5437228778018977,19.750601971379627,19.20687909357773,False
91.0999999999991,30.291689308933652,30.291689308933652,-0.29168930893365186,-0.576822057307325,19.739329478984953,19.162507421677628,False
91.59999999999907,30.307923122464366,30.307923122464366,-0.30792312246436637,-0.6093946697076618,19.72740132616709,19.11800665645943,False
92.09999999999904,30.323895300296723,30.323895300296723,-0.32389530029672287,-0.641443458054205,19.714828011405796,19.07338455335159,False
92.59999999999901,30.33960723400753,30.33960723400753,-0.3396072340075307,-0.6729711988999085,19.701619977916447,19.02864877901654,False
93.09999999999899,30.35506033142752,30.35506033142752,-0.35506033142752,-0.7039807014705559,19.68778761298997,18.983806911519412,False
93.59999999999896,30.370256016231004,30.370256016231004,-0.37025601623100357,-0.7344748068426483,19.673341247349246,18.938866440506597,False
94.09999999999893,30.385195727528966,30.385195727528966,-0.38519572752896636,-0.764456387128277,19.65829115452192,18.893834767393642,False
94.5999999999989,30.399880919465573,30.399880919465573,-0.39988091946557347,-0.7939283446667176,19.642647550229363,18.848719205562645,False
95.09999999999887,30.41431306081814,30.41431306081814,-0.41431306081814157,-0.822893611223023,19.626420591791785,18.803526980568762,False
95.59999999999884,30.42849363460055,30.42849363460055,-0.42849363460054946,-0.8513551471934449,19.609620377549252,18.758265230355807,False
96.09999999999881,30.442424137670088,30.442424137670088,-0.4424241376700877,-0.8793159408177758,19.592256946298527,18.71294100548075,False
96.59999999999879,30.456106080337797,30.456106080337797,-0.456106080337797,-0.9067790073986117,19.574340276745577,18.667561269346965,False
97.09999999999876,30.46954098598227,30.46954098598227,-0.46954098598227034,-0.9337473885275713,19.555880286973625,18.622132898446054,False
97.59999999999873,30.482730390666887,30.482730390666887,-0.4827303906668874,-0.9602241513184069,19.536886833926566,18.57666268260816,False
98.0999999999987,30.49567584276059,30.49567584276059,-0.4956758427605905,-0.9862123876471216,19.517369712907666,18.531157325260544,False
98.59999999999867,30.508378902562093,30.508378902562093,-0.5083789025620931,-1.0117152133990288,19.497338657093355,18.485623443694326,False
99.09999999999864,30.520841141927587,30.520841141927587,-0.5208411419275869,-1.036735767722753,19.47680333706202,18.440067569339266,False
99.59999999999862,30.533064143901935,30.533064143901935,-0.5330641439019352,-1.0612772122912233,19.4557733603376,18.394496148046375,False
100.09999999999859,30.545049502353372,30.545049502353372,-0.5450495023533719,-1.0853427305696712,19.4342582709479,18.34891554037823,False
100.59999999999856,30.556798821611665,30.556798821611665,-0.5567988216116646,-1.1089355270905799,19.412267548997463,18.303332021906883,False
101.09999999999853,30.568313716109795,30.568313716109795,-0.5683137161097953,-1.1320588267356229,19.389810610254845,18.257751783519222,False
101.5999999999985,30.57959581002912,30.57959581002912,-0.5795958100291188,-1.1547158740245962,19.366896805754187,18.21218093172959,False
102.09999999999847,30.590646736948024,30.590646736948024,-0.5906467369480239,-1.1769099324113483,19.3435354214109,18.16662548899955,False
102.59999999999845,30.601468139494102,30.601468139494102,-0.6014681394941022,-1.1986442835866953,19.319735677651355,18.12109139406466,False
103.09999999999842,30.61206166899977,30.61206166899977,-0.6120616689997718,-1.2199222267883059,19.295506729056456,18.07558450226815,False
103.59999999999839,30.622428985161438,30.622428985161438,-0.622428985161438,-1.2407470781176002,19.270857664018905,18.030110585901305,False
104.09999999999836,30.632571755702145,30.632571755702145,-0.6325717557021449,-1.261122169863647,19.245797504414046,17.9846753345504,False
104.59999999999833,30.642491656037667,30.642491656037667,-0.6424916560376666,-1.2810508498339956,19.22033520528414,17.939284355450145,False
105.0999999999983,30.652190368946144,30.652190368946144,-0.6521903689461439,-1.3005364806925002,19.19447965453599,17.89394317384349,False
105.59999999999827,30.661669584241178,30.661669584241178,-0.6616695842411779,-1.3195824393041562,19.168239672651644,17.848657233347488,False
106.09999999999825,30.670930998448423,30.670930998448423,-0.6709309984484229,-1.3381921160868586,19.141624012412198,17.80343189632534,False
106.59999999999822,30.679976314485632,30.679976314485632,-0.6799763144856321,-1.3563689143701296,19.114641358634426,17.758272444264296,False
107.09999999999819,30.688807241346193,30.688807241346193,-0.6888072413461934,-1.374116249760796,19.087300327920172,17.713184078159376,False
107.59999999999816,30.697425493786156,30.697425493786156,-0.6974254937861559,-1.3914375495156364,19.059609468418355,17.66817191890272,False
108.09999999999813,30.705832792014693,30.705832792014693,-0.705832792014693,-1.408336251920936,19.031577259599402,17.623241007678466,False
108.5999999999981,30.714030861388018,30.714030861388018,-0.714030861388018,-1.4248158056789535,19.00321211204206,17.578396306363107,False
109.09999999999808,30.72202143210679,30.72202143210679,-0.7220214321067893,-1.440879669301303,18.97452236723235,17.533642697931047,False
109.59999999999805,30.729806238916943,30.729806238916943,-0.7298062389169431,-1.4565313105092912,18.94551629737458,17.48898498686529,False
110.09999999999802,30.737387020813973,30.737387020813973,-0.7373870208139728,-1.4717742056410614,18.91620210521431,17.44442789957325,False
110.59999999999799,30.74476552075063,30.74476552075063,-0.7447655207506294,-1.4866118390656524,18.886587923873012,17.39997608480736,False
111.09999999999796,30.75194348534809,30.75194348534809,-0.7519434853480895,-1.501047702603934,18.85668181669444,17.355634114090506,False
111.59999999999793,30.75892266461049,30.75892266461049,-0.7589226646104912,-1.5150852949563358,18.826491777102472,17.311406482146136,False
112.0999999999979,30.76570481164293,30.76570481164293,-0.7657048116429301,-1.528728121137469,18.7960257284703,17.267297607332832,False
112.59999999999788,30.77229168237284,30.77229168237284,-0.7722916823728383,-1.5419796919175184,18.76529152400088,17.22331183208336,False
113.09999999999785,30.77868503527475,30.77868503527475,-0.7786850352747514,-1.5548435232704136,18.734296946618425,17.17945342334801,False
113.59999999999782,30.78488663109848,30.78488663109848,-0.7848866310984803,-1.5673231358288433,18.703049708870914,17.13572657304207,False
114.09999999999779,30.79089823260067,30.79089823260067,-0.7908982326006715,-1.57942205434599,18.671557452843356,17.092135398497366,False
114.59999999999776,30.796721604279682,30.796721604279682,-0.7967216042796821,-1.5911438071639807,18.639827750081803,17.048683942917823,False
115.09999999999773,30.802358512113884,30.802358512113884,-0.8023585121138836,-1.6024919256891081,18.60786810152784,17.00537617583873,False
115.5999999999977,30.807810723303266,30.807810723303266,-0.8078107233032661,-1.6134699438737172,18.57568593746356,16.962215993589844,False
116.09999999999768,30.813080006014403,30.813080006014403,-0.8130800060144026,-1.6240813977048134,18.543288617466782,16.91920721976197,False
116.59999999999765,30.818168129128733,30.818168129128733,-0.8181681291287326,-1.634329824699286,18.510683430376424,16.87635360567714,False
117.09999999999762,30.823076861994156,30.823076861994156,-0.8230768619941564,-1.6442187634057746,18.477877594267884,16.83365883086211,False
117.59999999999759,30.82780797417995,30.82780797417995,-0.8278079741799509,-1.6537517529131804,18.44487825643833,16.79112650352515,False
118.09999999999756,30.832363235234954,30.832363235234954,-0.8323632352349541,-1.6629323323657346,18.41169249340172,16.748760161035985,False
118.59999999999754,30.83674441444906,30.83674441444906,-0.8367444144490612,-1.6717640404846463,18.378327310893436,16.70656327040879,False
119.09999999999751,30.840953280617953,30.840953280617953,-0.8409532806179527,-1.680250415096289,18.344789643884436,16.664539228788147,False
119.59999999999748,30.844991601811127,30.844991601811127,-0.8449916018111274,-1.6883949926669501,18.31108635660472,16.62269136393777,False
120.09999999999745,30.848861145143108,30.848861145143108,-0.8488611451431076,-1.6962013078439426,18.277224242576064,16.581022934732122,False
120.59999999999742,30.85256367654796,30.85256367654796,-0.852563676547959,-1.7036728930033647,18.243210024653834,16.53953713165047,False
121.0999999999974,30.856100960556944,30.856100960556944,-0.8561009605569438,-1.710813277804121,18.209050355077775,16.498237077273654,False
121.59999999999737,30.859474760079458,30.859474760079458,-0.8594747600794577,-1.7176259887484946,18.17475181553164,16.457125826783145,False
122.09999999999734,30.862686836187088,30.862686836187088,-0.8626868361870876,-1.7241145487490286,18.140320917211515,16.416206368462486,False
122.59999999999731,30.865738947900883,30.865738947900883,-0.8657389479008835,-1.730282476701774,18.10576410090276,16.375481624200987,False
123.09999999999728,30.86863285198177,30.86863285198177,-0.8686328519817685,-1.7361332870658543,18.07108773706539,16.334954449999536,False
123.59999999999725,30.871370302724138,30.871370302724138,-0.871370302724138,-1.7416704894493975,18.036298125927786,16.29462763647839,False
124.09999999999722,30.873953051752522,30.873953051752522,-0.8739530517525225,-1.7468975882016409,18.001401497588642,16.254503909387,False
124.5999999999972,30.876382847821425,30.876382847821425,-0.8763828478214251,-1.75181808201134,17.96640401212693,16.21458593011559,False
125.09999999999717,30.878661436618227,30.878661436618227,-0.878661436618227,-1.7564354635113304,17.931311759719915,16.174876296208584,False
125.59999999999714,30.88079056056921,30.88079056056921,-0.8807905605692099,-1.7607532188893629,17.896130760768912,16.13537754187955,False
126.09999999999711,30.882771958648604,30.882771958648604,-0.882771958648604,-1.7647748275049793,17.860866966032816,16.096092138527837,False
126.59999999999708,30.884607366190743,30.884607366190743,-0.8846073661907425,-1.7685037615125694,17.8255262567692,16.057022495256632,False
127.09999999999705,30.886298514705196,30.886298514705196,-0.8862985147051958,-1.7719434854904605,17.790114444882867,16.018170959392407,False
127.59999999999702,30.887847131694986,30.887847131694986,-0.8878471316949863,-1.775097456076118,17.754637273081766,15.979539817005648,False
128.099999999997,30.889254940477763,30.889254940477763,-0.8892549404777625,-1.7779691216073061,17.71910041504013,15.941131293432825,False
128.59999999999698,30.89052366001,30.89052366001,-0.8905236600100004,-1.7805619217692978,17.6835094755687,15.902947553799404,False
129.09999999999695,30.89165500471414,30.89165500471414,-0.8916550047141385,-1.7828792872479582,17.647869990791953,15.864990703543995,False
129.59999999999692,30.892650684308702,30.892650684308702,-0.8926506843087019,-1.784924639388791,17.6121874283322,15.827262788943408,False
130.0999999999969,30.89351240364134,30.89351240364134,-0.8935124036413384,-1.7867013898618822,17.576467187500405,15.789765797638523,False
130.59999999999687,30.894241862524794,30.894241862524794,-0.8942418625247939,-1.7882129403326559,17.540714599493672,15.752501659161016,False
131.09999999999684,30.894840755575782,30.894840755575782,-0.8948407555757818,-1.789462682138442,17.50493492759922,15.715472245460777,False
131.5999999999968,30.89531077205673,30.89531077205673,-0.8953107720567317,-1.7904539959708714,17.469133367404762,15.67867937143389,False
132.09999999999678,30.895653595720425,30.895653595720425,-0.8956535957204252,-1.7911902515639326,17.43331504701518,15.642124795451249,False
132.59999999999675,30.89587090465747,30.89587090465747,-0.8958709046574711,-1.7916748073878637,17.39748502727536,15.605810219887495,False
133.09999999999673,30.895964371146594,30.895964371146594,-0.8959643711465937,-1.7919110103485352,17.36164830199906,15.569737291650526,False
133.5999999999967,30.89593566150778,30.89593566150778,-0.8959356615077816,-1.7919021954926535,17.325809798203792,15.533907602711139,False
134.09999999999667,30.89578643595818,30.89578643595818,-0.8957864359581791,-1.7916516857184348,17.289974376351434,15.498322690633,False
134.59999999999664,30.895518348470784,30.895518348470784,-0.8955183484707838,-1.791162791491871,17.25414683059465,15.462984039102778,False
135.0999999999966,30.895133046635912,30.895133046635912,-0.8951330466359124,-1.7904388105685811,17.218331889028857,15.427893078460276,False
135.59999999999658,30.89463217152537,30.89463217152537,-0.8946321715253696,-1.7894830277210332,17.182534213949733,15.3930511862287,False
136.09999999999656,30.894017357559385,30.894017357559385,-0.8940173575593846,-1.7882987144713667,17.14675840211609,15.358459687644725,False
136.59999999999653,30.893290232376188,30.893290232376188,-0.893290232376188,-1.7868891288294364,17.111008985018024,15.324119856188588,False
137.0999999999965,30.892452416704344,30.892452416704344,-0.8924524167043444,-1.7852575150364132,17.07529042915025,15.290032914113837,False
137.59999999999647,30.891505524237694,30.891505524237694,-0.8915055242376937,-1.7834071033136212,17.03960713629051,15.256200032976889,False
138.09999999999644,30.89045116151295,30.89045116151295,-0.8904511615129493,-1.781341109616669,17.003963443782908,15.222622334166239,False
138.5999999999964,30.88929092778995,30.88929092778995,-0.8892909277899506,-1.779062735394895,16.96836362482614,15.189300889431244,False
139.09999999999638,30.88802641493448,30.88802641493448,-0.8880264149344796,-1.7765751673559862,16.93281188876643,15.156236721410444,False
139.59999999999636,30.886659207303687,30.886659207303687,-0.886659207303687,-1.7738815772357839,16.89731238139516,15.123430804159376,False
140.09999999999633,30.88519088163408,30.88519088163408,-0.885190881634081,-1.7709851215732328,16.861869185250995,15.090884063677763,False
140.5999999999963,30.883623006932062,30.883623006932062,-0.8836230069320621,-1.7678889414904546,16.826486319926477,15.058597378436023,False
141.09999999999627,30.88195714436698,30.88195714436698,-0.8819571443669787,-1.7645961624778295,16.791167742378942,15.026571579901113,False
141.59999999999624,30.880194847166717,30.880194847166717,-0.8801948471667167,-1.7611098941841874,16.7559173472457,14.994807453061512,False
142.09999999999621,30.87833766051573,30.87833766051573,-0.8783376605157294,-1.7574332302118876,16.720738967163292,14.963305736951405,False
142.5999999999962,30.87638712145558,30.87638712145558,-0.8763871214555792,-1.7535692479168787,16.68563637309088,14.932067125174001,False
143.09999999999616,30.874344758787906,30.874344758787906,-0.8743447587879061,-1.749521008213705,16.650613274637475,14.90109226642377,False
143.59999999999613,30.872212092979826,30.872212092979826,-0.8722120929798258,-1.7452915553853217,16.615673320393093,14.870381765007771,False
144.0999999999961,30.869990636071734,30.869990636071734,-0.8699906360717335,-1.7408839168977153,16.58082009826359,14.839936181365875,False
144.59999999999607,30.867681891587512,30.867681891587512,-0.8676818915875124,-1.7363011032194038,16.546057135809185,14.809756032589782,False
145.09999999999604,30.86528735444707,30.86528735444707,-0.8652873544470694,-1.7315461076455563,16.51138790058654,14.779841792940985,False
145.59999999999602,30.862808510881266,30.862808510881266,-0.8628085108812655,-1.7266219061269013,16.476815800494272,14.75019389436737,False
146.099999999996,30.86024683834913,30.86024683834913,-0.8602468383491306,-1.7215314571032607,16.442344184121847,14.720812727018586,False
146.59999999999596,30.857603805457412,30.857603805457412,-0.857603805457412,-1.7162777013416886,16.40797634110176,14.691698639760073,False
147.09999999999593,30.8548808718824,30.8548808718824,-0.8548808718824006,-1.7108635617792345,16.373715502464876,14.662851940685641,False
147.5999999999959,30.852079488294013,30.852079488294013,-0.852079488294013,-1.70529194337022,16.33956484099886,14.634272897628641,False
148.09999999999587,30.849201096282123,30.849201096282123,-0.8492010962821226,-1.6995657329379839,16.305527471609647,14.605961738671663,False
148.59999999999584,30.84624712828514,30.84624712828514,-0.8462471282851389,-1.6936877990311388,16.271606451685763,14.577918652654624,False
149.09999999999582,30.843219007520748,30.843219007520748,-0.843219007520748,-1.6876609917842202,16.237804781465506,14.550143789681286,False
149.5999999999958,30.840118147918854,30.840118147918854,-0.8401181479188544,-1.6814881427826691,16.204125404406877,14.522637261624208,False
150.09999999999576,30.8369459540567,30.8369459540567,-0.8369459540566986,-1.6751720649322124,16.170571207560105,14.495399142627893,False
150.59999999999573,30.833703821096105,30.833703821096105,-0.8337038210961047,-1.6687155523324932,16.137145021942786,14.468429469610292,False
151.0999999999957,30.830393134722854,30.830393134722854,-0.8303931347228541,-1.6621213801549999,16.103849622917465,14.441728242762466,False
151.59999999999567,30.827015271088143,30.827015271088143,-0.8270152710881433,-1.6553923045251153,16.070687730571628,14.415295426046512,False
152.09999999999565,30.823571596752146,30.823571596752146,-0.8235715967521458,-1.6485310624084377,16.037662010099993,14.389130947691555,False
152.59999999999562,30.820063468629623,30.820063468629623,-0.8200634686296233,-1.6415403715011507,16.00477507218902,14.363234700687869,False
153.0999999999956,30.81649223393756,30.81649223393756,-0.8164922339375593,-1.634422930124522,15.972029473403591,14.337606543279069,False
153.59999999999556,30.81285923014485,30.81285923014485,-0.8128592301448485,-1.6271814171234311,15.939427716575711,14.31224629945228,False
154.09999999999553,30.809165784923948,30.809165784923948,-0.8091657849239482,-1.6198184917689176,15.906972251195219,14.287153759426301,False
154.5999999999955,30.805413216104526,30.805413216104526,-0.805413216104526,-1.6123367936646602,15.874665473802395,14.262328680137735,False
155.09999999999548,30.801602831629065,30.801602831629065,-0.8016028316290651,-1.6047389426574128,15.842509728382401,14.237770785724988,False
155.59999999999545,30.797735929510377,30.797735929510377,-0.7977359295103774,-1.5970275387512771,15.810507306761428,14.213479768010151,False
156.09999999999542,30.793813797791096,30.793813797791096,-0.7938137977910955,-1.5892051620258982,15.778660449004558,14.18945528697866,False
156.5999999999954,30.789837714504984,30.789837714504984,-0.7898377145049835,-1.5812743725583545,15.746971343815185,14.16569697125683,False
157.09999999999536,30.785808947640167,30.785808947640167,-0.7858089476401666,-1.573237710348863,15.715442128935965,14.142204418587102,False
157.59999999999533,30.78172875510422,30.78172875510422,-0.7817287551042185,-1.565097695250195,15.684074891551218,14.118977196301023,False
158.0999999999953,30.777598384691057,30.777598384691057,-0.777598384691057,-1.5568568269007699,15.652871668690674,14.096014841789904,False
158.59999999999528,30.77341907404968,30.77341907404968,-0.7734190740496807,-1.5485175846613828,15.621834447634525,14.073316862973142,False
159.09999999999525,30.76919205065468,30.76919205065468,-0.7691920506546808,-1.5400824275555394,15.590965166319698,14.050882738764159,False
159.59999999999522,30.764918531778513,30.764918531778513,-0.7649185317785125,-1.5315537942132451,15.560265713747288,14.028711919534043,False
160.0999999999952,30.76059972446556,30.76059972446556,-0.7605997244655605,-1.5229341028185104,15.529737930391068,14.006803827572558,False
160.59999999999516,30.756236825507905,30.756236825507905,-0.756236825507905,-1.5142257510601098,15.49938360860699,13.98515785754688,False
161.09999999999513,30.751831021422802,30.751831021422802,-0.7518310214228023,-1.50543111608593,15.46920449304365,13.96377337695772,False
161.5999999999951,30.74738348843186,30.74738348843186,-0.7473834884318613,-1.4965525544606209,15.439202281053625,13.942649726593004,False
162.09999999999508,30.742895392441895,30.742895392441895,-0.7428953924418948,-1.48759240212663,15.409378623105601,13.921786220978971,False
162.59999999999505,30.738367889027426,30.738367889027426,-0.7383678890274261,-1.4785529743685615,15.379735123197259,13.901182148828697,False
163.09999999999502,30.73380212341481,30.73380212341481,-0.7338021234148115,-1.4694365657807822,15.350273339268815,13.880836773488033,False
163.599999999995,30.72919923046799,30.72919923046799,-0.7291992304679908,-1.4602454502382614,15.3209947836172,13.860749333378939,False
164.09999999999496,30.724560334675814,30.724560334675814,-0.7245603346758145,-1.4509818808706143,15.291900923310733,13.840919042440119,False
164.59999999999494,30.71988655014096,30.71988655014096,-0.7198865501409593,-1.441648090039287,15.262993180604335,13.821345090565048,False
165.0999999999949,30.715178980570393,30.715178980570393,-0.7151789805703928,-1.4322462893178738,15.234272933355125,13.802026644037252,False
165.59999999999488,30.710438719267334,30.710438719267334,-0.7104387192673336,-1.4227786694754556,15.205741515438376,13.78296284596292,False
166.09999999999485,30.705666849124803,30.705666849124803,-0.7056668491248033,-1.4132474004630424,15.177400217163775,13.764152816700733,False
166.59999999999482,30.70086444262058,30.70086444262058,-0.7008644426205812,-1.4036546314029508,15.149250285691922,13.745595654288971,False
167.0999999999948,30.6960325618137,30.6960325618137,-0.6960325618136984,-1.3940024905811725,15.121292925451002,13.727290434869829,False
167.59999999999476,30.69117225834234,30.69117225834234,-0.6911722583423412,-1.3842930854426,15.093529298553552,13.709236213110952,False
168.09999999999474,30.686284573423244,30.686284573423244,-0.6862845734232437,-1.374528502589257,15.065960525213338,13.691432022624081,False
168.5999999999947,30.681370537852416,30.681370537852416,-0.6813705378524162,-1.3647108077811936,15.038587684162195,13.673876876381001,False
169.09999999999468,30.676431172007355,30.676431172007355,-0.676431172007355,-1.3548420459403303,15.011411813066811,13.65656976712648,False
169.59999999999465,30.671467485850563,30.671467485850563,-0.6714674858505632,-1.344924241156967,14.98443390894544,13.639509667788474,False
170.09999999999462,30.66648047893446,30.66648047893446,-0.66648047893446,-1.3349593966990696,14.95765492858441,13.62269553188534,False
170.5999999999946,30.661471140407638,30.661471140407638,-0.6614711404076381,-1.3249494950242209,14.931075788954429,13.606126293930208,False
171.09999999999457,30.656440449022398,30.656440449022398,-0.6564404490223978,-1.3148964977942086,14.904697367626639,13.58980086983243,False
171.59999999999454,30.65138937314362,30.65138937314362,-0.6513893731436191,-1.3048023458922131,14.878520503188309,13.573718157296096,False
172.0999999999945,30.646318870758915,30.646318870758915,-0.6463188707589147,-1.2946689594426317,14.85254599565819,13.557877036215558,False
172.59999999999448,30.641229889490027,30.641229889490027,-0.6412298894900275,-1.284498237833347,14.826774606901429,13.542276369068082,False
173.09999999999445,30.63612336660547,30.63612336660547,-0.6361233666054709,-1.2742920597405316,14.801207061043982,13.52691500130345,False
173.59999999999442,30.631000229034427,30.631000229034427,-0.6310002290344272,-1.264052283155955,14.775844044886542,13.511791761730587,False
174.0999999999944,30.62586139338181,30.62586139338181,-0.6258613933818111,-1.2537807454166199,14.750686208317884,13.496905462901264,False
174.59999999999437,30.620707765944548,30.620707765944548,-0.6207077659445481,-1.243479263236857,14.72573416472756,13.482254901490704,False
175.09999999999434,30.615540242729022,30.615540242729022,-0.615540242729022,-1.2331496327427516,14.700988491417954,13.467838858675202,False
175.5999999999943,30.610359709469655,30.610359709469655,-0.6103597094696553,-1.2227936295088426,14.676449730015605,13.453656100506763,False
176.09999999999428,30.60516704164865,30.60516704164865,-0.6051670416486488,-1.2124130085971672,14.652118386881778,13.43970537828461,False
176.59999999999425,30.599963104516835,30.599963104516835,-0.599963104516835,-1.202009504598486,14.627994933522219,13.425985428923733,False
177.09999999999422,30.594748753115603,30.594748753115603,-0.5947487531156028,-1.1915848316757405,14.60407980699606,13.41249497532032,False
177.5999999999942,30.58952483229992,30.58952483229992,-0.5895248322999187,-1.1811406836096552,14.580373410323846,13.39923272671419,False
178.09999999999417,30.584292176762425,30.584292176762425,-0.5842921767624247,-1.1706787338464792,14.556876112894589,13.38619737904811,False
178.59999999999414,30.579051611058574,30.579051611058574,-0.5790516110585742,-1.1602006355478807,14.533588250871876,13.373387615323995,False
179.0999999999941,30.573803949632765,30.573803949632765,-0.5738039496327652,-1.1497080216427875,14.510510127598941,13.360802105956154,False
179.59999999999408,30.568549996845537,30.568549996845537,-0.5685499968455368,-1.1392025048813892,14.48764201400267,13.348439509121281,False
180.09999999999405,30.563290547001706,30.563290547001706,-0.5632905470017064,-1.1286856778910064,14.464984148996505,13.336298471105499,False
180.59999999999403,30.558026384379517,30.558026384379517,-0.5580263843795166,-1.1181591132339932,14.44253673988223,13.324377626648237,False
181.099999999994,30.55275828326072,30.55275828326072,-0.5527582832607187,-1.1076243634675507,14.420299962750526,13.312675599282976,False
181.59999999999397,30.547487007961625,30.547487007961625,-0.5474870079616245,-1.0970829612054231,14.398273962880355,13.301191001674932,False
182.09999999999394,30.542213312865048,30.542213312865048,-0.5422133128650479,-1.086536419181435,14.376458855137077,13.289922435955642,False
182.5999999999939,30.536937942453175,30.536937942453175,-0.536937942453175,-1.0759862303148608,14.354854724369238,13.278868494054377,False
183.09999999999388,30.531661631341322,30.531661631341322,-0.531661631341322,-1.0654338677776067,14.333461625804091,13.268027758026484,False
183.59999999999386,30.526385104312563,30.526385104312563,-0.5263851043125634,-1.0548807850630837,14.3122795854417,13.257398800378617,False
184.09999999999383,30.521109076353227,30.521109076353227,-0.5211090763532269,-1.0443284160568922,14.291308600447667,13.246980184390775,False
184.5999999999938,30.515834252689213,30.515834252689213,-0.5158342526892135,-1.0337781751091057,14.270548639544423,13.236770464435317,False
185.09999999999377,30.510561328823147,30.510561328823147,-0.5105613288231474,-1.023231457108274,14.249999643401061,13.226768186292787,False
185.59999999999374,30.505290990572348,30.505290990572348,-0.5052909905723482,-1.0126896375569956,14.229661525021662,13.216971887464666,False
186.0999999999937,30.50002391410758,30.50002391410758,-0.5000239141075795,-1.002154072649148,14.209534170132065,13.207380097482917,False
186.59999999999368,30.49476076599258,30.49476076599258,-0.4947607659925808,-0.9916260993486219,14.189617437565134,13.197991338216513,False
187.09999999999366,30.489502203224344,30.489502203224344,-0.4895022032243439,-0.9811070354695843,14.169911159644382,13.188804124174798,False
187.59999999999363,30.484248873274176,30.484248873274176,-0.48424887327417565,-0.9705981797582837,14.150415142565981,13.179816962807697,False
188.0999999999936,30.479001414129446,30.479001414129446,-0.47900141412944564,-0.9601008119762824,14.131129166779127,13.171028354802845,False
188.59999999999357,30.473760454336063,30.473760454336063,-0.4737604543360625,-0.9496161929851255,14.112052987364725,13.1624367943796,False
189.09999999999354,30.468526613041654,30.468526613041654,-0.46852661304165366,-0.9391455648323941,14.093186334412355,13.15404076957996,False
189.5999999999935,30.463300500039434,30.463300500039434,-0.4633005000394341,-0.9286901508392091,14.0745289133955,13.145838762556291,False
190.09999999999349,30.458082715812726,30.458082715812726,-0.45808271581272564,-0.9182511556889779,14.056080405545025,13.137829249856047,False
190.59999999999346,30.452873851580126,30.452873851580126,-0.45287385158012583,-0.9078297655175049,14.03784046822083,13.130010702703325,False
191.09999999999343,30.447674489341352,30.447674489341352,-0.44767448934135246,-0.8974271480043754,14.019808735281739,13.122381587277363,False
191.5999999999934,30.442485201923656,30.442485201923656,-0.44248520192365604,-0.8870444524655952,14.00198481745348,13.114940364987884,False
192.09999999999337,30.437306553028886,30.437306553028886,-0.4373065530288862,-0.8766828099474324,13.98436830269485,13.107685492747418,False
192.59999999999334,30.43213909728113,30.43213909728113,-0.4321390972811301,-0.8663433333214954,13.966958756561983,13.100615423240487,False
193.09999999999332,30.42698338027493,30.42698338027493,-0.42698338027492966,-0.8560271173809113,13.949755722570664,13.093728605189753,False
193.5999999999933,30.421839938624082,30.421839938624082,-0.42183993862408187,-0.8457352389377135,13.932758722556756,13.087023483619042,False
194.09999999999326,30.416709300010957,30.416709300010957,-0.4167093000109574,-0.8354687569212729,13.91596725703462,13.080498500113347,False
194.59999999999323,30.411591983236388,30.411591983236388,-0.4115919832363879,-0.8252287124778306,13.899380805553596,13.074152093075766,False
195.0999999999932,30.40648849827005,30.40648849827005,-0.4064884982700505,-0.8150161290710898,13.882998827052447,13.067982697981357,False
195.59999999999317,30.40139934630138,30.40139934630138,-0.4013993463013783,-0.8048320125838231,13.8668207602118,13.061988747627977,False
196.09999999999314,30.39632501979096,30.39632501979096,-0.3963250197909609,-0.7946773514204821,13.850846023804527,13.056168672384045,False
196.59999999999312,30.39126600252242,30.39126600252242,-0.3912660025224213,-0.784553116610752,13.835074017044079,13.050520900433327,False
197.0999999999931,30.386222769654776,30.386222769654776,-0.38622276965477553,-0.7744602619140863,13.819504119930716,13.04504385801663,False
197.59999999999306,30.3811957877752,30.3811957877752,-0.38119578777520147,-0.7643997239250808,13.804135693595672,13.039735969670591,False
198.09999999999303,30.37618551495233,30.37618551495233,-0.3761855149523292,-0.7543724221798627,13.788968080643146,13.034595658463283,False
198.599999999993,30.371192400789873,30.371192400789873,-0.37119240078987303,-0.7443792592631908,13.774000605490212,13.029621346227021,False
199.09999999999297,30.36621688648074,30.36621688648074,-0.36621688648073913,-0.7344211209165081,13.759232574704534,13.024811453788026,False
199.59999999999295,30.3612594048615,30.3612594048615,-0.36125940486149943,-0.7244988761467468,13.74466327733995,13.020164401193203,False
200.09999999999292,30.35632038046727,30.35632038046727,-0.3563203804672703,-0.7146133773359011,13.730291985269819,13.015678607933918,False
200.5999999999929,30.35140022958698,30.35140022958698,-0.3514002295869787,-0.7047654603514175,13.716117953518223,13.011352493166806,False
201.09999999999286,30.346499360318955,30.346499360318955,-0.3464993603189548,-0.6949559446572664,13.702140420588908,13.007184475931641,False
201.59999999999283,30.34161817262692,30.34161817262692,-0.3416181726269194,-0.6851856334257533,13.688358608792024,13.00317297536627,False
202.0999999999928,30.336757058396287,30.336757058396287,-0.33675705839628733,-0.6754553136499766,13.6747717245686,12.999316410918624,False
202.59999999999278,30.331916401490794,30.331916401490794,-0.33191640149079404,-0.6657657562569952,13.661378958812788,12.995613202555793,False
203.09999999999275,30.32709657780944,30.32709657780944,-0.32709657780943857,-0.6561177162215586,13.6481794871918,12.992061770970242,False
203.59999999999272,30.322297955343753,30.322297955343753,-0.3222979553437533,-0.6465119326805322,13.635172470463594,12.988660537783062,False
204.0999999999927,30.31752089423533,30.31752089423533,-0.31752089423532937,-0.6369491290478351,13.622357054792253,12.985407925744418,False
204.59999999999266,30.312765746833648,30.312765746833648,-0.312765746833648,-0.6274300131300095,13.609732372061051,12.982302358931042,False
205.09999999999263,30.308032857754156,30.308032857754156,-0.30803285775415645,-0.6179552772422241,13.597297540183213,12.979342262940989,False
205.5999999999926,30.303322563936632,30.303322563936632,-0.30332256393663215,-0.6085255983249596,13.585051663410352,12.976526065085393,False
206.09999999999258,30.29863519470376,30.29863519470376,-0.29863519470375977,-0.5991416380610133,13.572993832638538,12.973852194577525,False
206.59999999999255,30.293971071819946,30.293971071819946,-0.2939710718199464,-0.5898040429930873,13.561123125712069,12.971319082718981,False
207.09999999999252,30.289330509550382,30.289330509550382,-0.289330509550382,-0.5805134446417739,13.549438607724833,12.968925163083059,False
207.5999999999925,30.284713814720302,30.284713814720302,-0.2847138147203019,-0.5712704596240314,13.537939331319345,12.966668871695314,False
208.09999999999246,30.280121286774424,30.280121286774424,-0.28012128677442405,-0.5620756897719588,13.526624336983387,12.964548647211428,False
208.59999999999243,30.275553217836606,30.275553217836606,-0.275553217836606,-0.5529297222520668,13.515492653344277,12.96256293109221,False
209.0999999999924,30.27100989276969,30.27100989276969,-0.27100989276969045,-0.5438331296848489,13.504543297460753,12.960710167775904,False
209.59999999999238,30.266491589235468,30.266491589235468,-0.2664915892354678,-0.5347864702646987,13.493775275112439,12.95898880484774,False
210.09999999999235,30.261998577754852,30.261998577754852,-0.26199857775485214,-0.5257902878801559,13.483187581086941,12.957397293206785,False
210.59999999999232,30.25753112176819,30.25753112176819,-0.2575311217681886,-0.5168451122344635,13.472779199464501,12.955934087230037,False
211.0999999999923,30.25308947769568,30.25308947769568,-0.25308947769568135,-0.5079514589664242,13.462549103900276,12.954597644933852,False
211.59999999999226,30.248673894997957,30.248673894997957,-0.24867389499795678,-0.49910982977139895,13.452496257904155,12.953386428132756,False
212.09999999999224,30.24428461623677,30.24428461623677,-0.24428461623676867,-0.49032071252273823,13.442619615118176,12.952298902595437,False
212.5999999999922,30.239921877135785,30.239921877135785,-0.23992187713578517,-0.4815845813932711,13.43291811959152,12.951333538198249,False
213.09999999999218,30.235585906641468,30.235585906641468,-0.23558590664146806,-0.4729018969770493,13.423390706053045,12.950488809075996,False
213.59999999999215,30.231276926984084,30.231276926984084,-0.23127692698408353,-0.46427310641131925,13.414036300181401,12.949763193770082,False
214.09999999999212,30.226995153738738,30.226995153738738,-0.2269951537387378,-0.4556986434985788,13.404853818872716,12.949155175374138,False
214.5999999999921,30.222740795886526,30.222740795886526,-0.2227407958865264,-0.4471789288288477,13.395842170505803,12.948663241676956,False
215.09999999999206,30.218514055875715,30.218514055875715,-0.21851405587571548,-0.4387143699019731,13.387000255204967,12.948285885302994,False
215.59999999999204,30.214315129683,30.214315129683,-0.21431512968300126,-0.43030536125019125,13.378326965100303,12.948021603850112,False
216.099999999992,30.21014420687479,30.21014420687479,-0.21014420687479074,-0.42195228456061074,13.369821184585613,12.947868900025002,False
216.59999999999198,30.20600147066851,30.20600147066851,-0.20600147066851093,-0.4136555087978664,13.361481790573817,12.947826281775951,False
217.09999999999195,30.201887097993982,30.201887097993982,-0.20188709799398197,-0.40541539032682294,13.353307652749944,12.947892262423121,False
217.59999999999192,30.19780125955477,30.19780125955477,-0.1978012595547689,-0.39723227303529995,13.345297633821641,12.948065360786341,False
218.0999999999919,30.193744119889555,30.193744119889555,-0.19374411988955487,-0.38910648845678963,13.337450589767242,12.948344101310452,False
218.59999999999187,30.18971583743352,30.18971583743352,-0.18971583743352127,-0.38103835589323154,13.329765370081391,12.94872701418816,False
219.09999999999184,30.185716564579693,30.185716564579693,-0.18571656457969254,-0.3730281825377304,13.322240818018201,12.949212635480471,False
219.5999999999918,30.181746447740313,30.181746447740313,-0.1817464477403128,-0.36507626359726686,13.314875770831948,12.949799507234681,False
220.09999999999178,30.17780562740815,30.17780562740815,-0.17780562740815142,-0.35718288241536555,13.307669060015321,12.950486177599956,False
220.59999999999175,30.173894238217795,30.173894238217795,-0.1738942382177946,-0.34934831059466376,13.300619511535231,12.951271200940567,False
221.09999999999172,30.170012409006898,30.170012409006898,-0.1700124090068975,-0.34157280811945157,13.29372594606615,12.952153137946699,False
221.5999999999917,30.166160262877394,30.166160262877394,-0.16616026287739416,-0.3338566234780984,13.286987179221013,12.953130555742915,False
222.09999999999167,30.162337917256647,30.162337917256647,-0.1623379172566466,-0.3261999937853801,13.280402021779665,12.954202027994285,False
222.59999999999164,30.158545483958495,30.158545483958495,-0.15854548395849477,-0.31860314490461406,13.273969279914873,12.955366135010259,False
223.0999999999916,30.154783069244324,30.154783069244324,-0.15478306924432417,-0.3110662915698015,13.267687755415876,12.956621463846075,False
223.59999999999158,30.151050773883956,30.151050773883956,-0.1510507738839557,-0.30358963750747137,13.26155624590952,12.95796660840205,False
224.09999999999155,30.147348693216514,30.147348693216514,-0.14734869321651445,-0.2961733755584177,13.255573545078953,12.959400169520535,False
224.59999999999152,30.1436769172112,30.1436769172112,-0.14367691721119868,-0.28881768779930184,13.249738442879861,12.96092075508056,False
225.0999999999915,30.140035530527914,30.140035530527914,-0.14003553052791418,-0.2815227456639562,13.244049725754303,12.962526980090347,False
225.59999999999147,30.13642461257784,30.13642461257784,-0.13642461257784078,-0.27428871006455324,13.238506176842128,12.964217466777574,False
226.09999999999144,30.13284423758387,30.13284423758387,-0.1328442375838712,-0.26711573151252566,13.233106576189927,12.965990844677401,False
226.5999999999914,30.129294474640943,30.129294474640943,-0.12929447464094324,-0.2600039502393017,13.227849700957634,12.967845750718332,False
227.09999999999138,30.12577538777621,30.12577538777621,-0.12577538777620845,-0.2529534963166782,13.222734325622644,12.969780829305966,False
227.59999999999135,30.12228703600913,30.12228703600913,-0.12228703600912993,-0.24596448977705876,13.21775922218159,12.97179473240453,False
228.09999999999133,30.118829473411378,30.118829473411378,-0.1188294734113775,-0.23903704073332221,13.212923160349684,12.973886119616362,False
228.5999999999913,30.115402749166627,30.115402749166627,-0.11540274916662696,-0.2321712494984709,13.208224907757668,12.976053658259197,False
229.09999999999127,30.112006907630178,30.112006907630178,-0.11200690763017818,-0.22536720670492372,13.20366323014638,12.978296023441457,False
229.59999999999124,30.108641988388435,30.108641988388435,-0.10864198838843464,-0.21862499342356045,13.199236891558941,12.98061189813538,False
230.0999999999912,30.10530802631821,30.10530802631821,-0.1053080263182089,-0.211944681282354,13.19494465453056,12.982999973248207,False
230.59999999999118,30.102005051645875,30.102005051645875,-0.10200505164587526,-0.20532633258478938,13.190785280275966,12.985458947691177,False
231.09999999999116,30.098733090006316,30.098733090006316,-0.09873309000631636,-0.1987700004278068,13.186757528874484,12.987987528446677,False
231.59999999999113,30.095492162501728,30.095492162501728,-0.09549216250172776,-0.19227572881948873,13.182860159452758,12.99058443063327,False
232.0999999999911,30.092282285760206,30.092282285760206,-0.0922822857602057,-0.1858435527963067,13.179091930365116,12.99324837756881,False
232.59999999999107,30.089103471994175,30.089103471994175,-0.08910347199417501,-0.17947349854004813,13.175451599371602,12.995978100831554,False
233.09999999999104,30.085955729058597,30.085955729058597,-0.08595572905859683,-0.1731655834943311,13.171937923813667,12.998772340319336,False
233.599999999991,30.082839060508977,30.082839060508977,-0.08283906050897727,-0.16691981648069287,13.168549660787537,13.001629844306844,False
234.09999999999098,30.079753465659177,30.079753465659177,-0.07975346565917718,-0.1607361978142663,13.165285567315268,13.004549369501001,False
234.59999999999096,30.076698939639027,30.076698939639027,-0.07669893963902652,-0.1546147194191434,13.162144400513494,13.00752968109435,False
235.09999999999093,30.073675473451676,30.073675473451676,-0.0736754734516758,-0.14855536494312815,13.159124917759867,13.010569552816738,False
235.5999999999909,30.070683054030773,30.070683054030773,-0.07068305403077346,-0.14255810987220485,13.156225876857206,13.013667766985002,False
236.09999999999087,30.067721664297398,30.067721664297398,-0.06772166429739812,-0.13662292164446654,13.15344603619537,13.016823114550903,False
236.59999999999084,30.06479128321676,30.06479128321676,-0.06479128321675987,-0.13074975976362424,13.15078415491084,13.020034395147215,False
237.0999999999908,30.061891885854664,30.061891885854664,-0.06189188585466354,-0.12493857591204716,13.148238993044066,13.023300417132019,False
237.59999999999079,30.05902344343374,30.05902344343374,-0.05902344343374111,-0.11918931406329136,13.145809311694537,13.026619997631245,False
238.09999999999076,30.056185923389442,30.056185923389442,-0.056185923389442394,-0.1135019105941879,13.14349387317361,13.029991962579421,False
238.59999999999073,30.053379289425774,30.053379289425774,-0.053379289425773635,-0.10787629439644775,13.141291441155103,13.033415146758655,False
239.0999999999907,30.050603501570762,30.050603501570762,-0.05060350157076243,-0.10231238698765566,13.139200780823664,13.036888393836009,False
239.59999999999067,30.04785851623172,30.04785851623172,-0.047858516231720216,-0.09681010262190881,13.13722065902094,13.040410556399031,False
240.09999999999064,30.045144286250178,30.045144286250178,-0.045144286250177856,-0.09136934839980881,13.1353498443895,13.043980495989691,False
240.59999999999062,30.042460760956615,30.042460760956615,-0.04246076095661522,-0.08599002437801317,13.13358710751461,13.047597083136596,False
241.0999999999906,30.03980788622489,30.03980788622489,-0.03980788622488873,-0.08067202367820414,13.131931221063793,13.051259197385589,False
241.59999999999056,30.037185604526393,30.037185604526393,-0.037185604526392524,-0.07541523259550331,13.13038095992423,13.054965727328726,False
242.09999999999053,30.034593854983953,30.034593854983953,-0.034593854983953065,-0.07021953070640308,13.128935101338001,13.058715570631598,False
242.5999999999905,30.032032573425454,30.032032573425454,-0.03203257342545385,-0.0650847909760941,13.127592425035159,13.062507634059065,False
243.09999999999047,30.029501692437144,30.029501692437144,-0.029501692437143845,-0.060010879865224354,13.126351713364679,13.066340833499455,False
243.59999999999044,30.027001141416694,30.027001141416694,-0.02700114141669374,-0.05499765743611107,13.125211751423267,13.070214093987156,False
244.09999999999042,30.024530846625943,30.024530846625943,-0.02453084662594307,-0.05004497745834158,13.12417132718207,13.074126349723729,False
244.5999999999904,30.022090731243374,30.022090731243374,-0.022090731243373796,-0.04515268751386259,13.123229231611266,13.078076544097403,False
245.09999999999036,30.019680715416275,30.019680715416275,-0.019680715416274808,-0.04032062910141576,13.12238425880255,13.082063629701134,False
245.59999999999033,30.01730071631261,30.01730071631261,-0.01730071631261154,-0.03554863774039063,13.121635206089566,13.086086568349176,False
246.0999999999903,30.01495064817259,30.01495064817259,-0.014950648172590064,-0.030836543074073575,13.120980874166245,13.090144331092171,False
246.59999999999027,30.012630422359923,30.012630422359923,-0.012630422359922733,-0.026184168972314126,13.120420067203101,13.094235898230787,False
247.09999999999025,30.0103399474128,30.0103399474128,-0.010339947412798978,-0.021591333633580234,13.119951592961469,13.098360259327888,False
247.59999999999022,30.00807912909451,30.00807912909451,-0.008079129094511472,-0.017057849686345605,13.119574262905713,13.102516413219368,False
248.0999999999902,30.005847870443812,30.005847870443812,-0.0058478704438122975,-0.012583524289901504,13.119286892313424,13.106703368023522,False
248.59999999999016,30.003646071824924,30.003646071824924,-0.0036460718249244906,-0.008168159234536176,13.119088300383591,13.110920141149055,False
249.09999999999013,30.00147363097726,30.00147363097726,-0.001473630977258722,-0.0038115510410676734,13.118977310342789,13.115165759301721,False
249.5999999999901,29.999330443064768,29.999330443064768,0.0006695569352324071,0.0004865089402770195,13.118952749549383,13.11943925848966,False
250.09999999999008,29.99721640072504,29.99721640072504,0.002783599274959414,0.0047262344316010285,13.119013449595762,13.123739684027363,False
250.59999999999005,29.995131394118037,29.995131394118037,0.0048686058819633615,0.008907844129694809,13.119158246408604,13.128066090538299,False
251.09999999999002,29.993075310974476,29.993075310974476,0.006924689025524344,0.01303156160913943,13.119385980347209,13.132417541956348,False
251.59999999999,29.99104803664395,29.99104803664395,0.00895196335605064,0.01709761522596409,13.119695496299906,13.13679311152587,False
252.09999999998996,29.989049454142652,29.989049454142652,0.010950545857348004,0.02110623802202838,13.120085643778522,13.14119188180055,False
252.59999999998993,29.98707944420081,29.98707944420081,0.012920555799190936,0.025057667630051128,13.120555277010967,13.145612944641018,False
253.0999999999899,29.985137885309776,29.985137885309776,0.01486211469022436,0.028952146179271665,13.12110325503191,13.150055401211182,False
253.59999999998988,29.983224653768776,29.983224653768776,0.01677534623122412,0.032789920201842904,13.121728441771591,13.154518361973434,False
254.09999999998985,29.9813396237313,29.9813396237313,0.018660376268698542,0.03657124053987104,13.122429706142759,13.15900094668263,False
254.59999999998982,29.979482667251204,29.979482667251204,0.020517332748795525,0.04029636225314448,13.12320592212577,13.163502284378914,False
255.0999999999898,29.97765365432842,29.97765365432842,0.022346345671579115,0.04396554452750934,13.124055968851822,13.168021513379331,False
255.59999999998976,29.975852452954356,29.975852452954356,0.02414754704564359,0.04757905058396261,13.124978730684411,13.172557781268374,False
256.09999999998973,29.97407892915694,29.97407892915694,0.0259210708430615,0.05113714758844168,13.125973097298933,13.177110244887375,False
256.59999999998985,29.972332947045306,29.972332947045306,0.02766705295469407,0.054640106562267476,13.127037963760502,13.18167807032277,False
257.09999999998996,29.97061436885416,29.97061436885416,0.02938563114583914,0.05808820229331957,13.128172230600006,13.186260432893326,False
257.5999999999901,29.968923054987776,29.968923054987776,0.03107694501222369,0.06148171324789331,13.129374803888368,13.190856517136261,False
258.0999999999902,29.967258864063652,29.967258864063652,0.03274113593634809,0.06482092148323204,13.130644595309068,13.1954655167923,False
258.5999999999903,29.965621652955807,29.965621652955807,0.034378347044192736,0.06810611256079113,13.131980522228925,13.200086634789717,False
259.0999999999904,29.96401127683773,29.96401127683773,0.03598872316226931,0.07133757546023389,13.133381507767139,13.204719083227372,False
259.59999999999053,29.962427589225,29.962427589225,0.03757241077499884,0.07451560249400302,13.13484648086263,13.209362083356632,False
260.09999999999064,29.9608704420175,29.9608704420175,0.0391295579824984,0.07764048922279443,13.136374376339685,13.21401486556248,False
260.59999999999076,29.959339685541334,29.959339685541334,0.040660314458666136,0.0807125343715498,13.137964134971904,13.218676669343454,False
261.09999999999087,29.957835168590332,29.957835168590332,0.04216483140966787,0.08373203974630883,13.139614703544495,13.223346743290804,False
261.599999999991,29.956356738467257,29.956356738467257,0.04364326153274334,0.08669931015167975,13.141325034914908,13.228024345066588,False
262.0999999999911,29.954904241024607,29.954904241024607,0.04509575897539264,0.08961465330904872,13.143094088071805,13.232708741380854,False
262.5999999999912,29.953477520705086,29.953477520705086,0.046522479294914376,0.0924783797755353,13.14492082819244,13.237399207967975,False
263.0999999999913,29.952076420581704,29.952076420581704,0.0479235794182955,0.09529080286362301,13.146804226698398,13.242095029562021,False
263.59999999999144,29.95070078239753,29.95070078239753,0.04929921760247069,0.09805223856152168,13.148743261309756,13.246795499871277,False
264.09999999999155,29.94935044660507,29.94935044660507,0.050649553394929825,0.10076300545426164,13.150736916097635,13.251499921551897,False
264.59999999999167,29.948025252405305,29.948025252405305,0.051974747594695,0.10342342464548437,13.152784181535209,13.256207606180693,False
265.0999999999918,29.946725037786347,29.946725037786347,0.0532749622136528,0.10603381967996484,13.154884054547137,13.260917874227102,False
265.5999999999919,29.945449639561744,29.945449639561744,0.05455036043825601,0.10859451646688001,13.15703553855748,13.26563005502436,False
266.099999999992,29.94419889340843,29.94419889340843,0.055801106591570004,0.11110584320375239,13.15923764353605,13.270343486739803,False
266.5999999999921,29.942972633904326,29.942972633904326,0.05702736609567438,0.11356813030111113,13.1614893860433,13.275057516344411,False
267.09999999999224,29.941770694565523,29.941770694565523,0.058229305434476686,0.11598171030796323,13.163789789273656,13.279771499581619,False
267.59999999999235,29.940592907883186,29.940592907883186,0.05940709211681394,0.11834691783786866,13.166137883097429,13.284484800935298,False
268.09999999999246,29.93943910536003,29.93943910536003,0.06056089463996983,0.12066408949583263,13.168532704101212,13.289196793597045,False
268.5999999999926,29.938309117546453,29.938309117546453,0.06169088245354715,0.12293356380587284,13.170973295626846,13.293906859432719,False
269.0999999999927,29.937202774076336,29.937202774076336,0.06279722592366355,0.12515568113931153,13.173458707808921,13.298614388948232,False
269.5999999999928,29.936119903702444,29.936119903702444,0.06388009629755587,0.12733078364379935,13.175987997610894,13.303318781254694,False
270.0999999999929,29.935060334331492,29.935060334331492,0.06493966566850773,0.12945921517307113,13.17856022885976,13.308019444032832,False
270.59999999999303,29.934023893058814,29.934023893058814,0.06597610694118572,0.13154132121741213,13.181174472279336,13.312715793496748,False
271.09999999999314,29.933010406202733,29.933010406202733,0.06698959379726688,0.1335774488348349,13.18382980552216,13.317407254356995,False
271.59999999999326,29.932019699338497,29.932019699338497,0.06798030066150318,0.1355679465830164,13.186525313200045,13.322093259783061,False
272.0999999999934,29.93105159733192,29.93105159733192,0.06894840266808089,0.13751316445190298,13.189260086913245,13.326773251365148,False
272.5999999999935,29.930105924372604,29.930105924372604,0.06989407562739558,0.1394134537970757,13.19203322527831,13.331446679075386,False
273.0999999999936,29.92918250400687,29.92918250400687,0.07081749599312914,0.1412691672738191,13.194843833954604,13.336113001228423,False
273.5999999999937,29.928281159170258,29.928281159170258,0.07171884082974245,0.14308065877191467,13.197691025669508,13.340771684441423,False
274.0999999999938,29.927401712219712,29.927401712219712,0.07259828778028776,0.14484828335114486,13.20057392024235,13.345422203593495,False
274.59999999999394,29.926543984965402,29.926543984965402,0.07345601503459775,0.1465723971775148,13.203491644607023,13.350064041784538,False
275.09999999999405,29.925707798702184,29.925707798702184,0.07429220129781555,0.14825335746018453,13.206443332833363,13.354696690293547,False
275.59999999999417,29.924892974240695,29.924892974240695,0.07510702575930495,0.14989152238914727,13.209428126147255,13.359319648536403,False
276.0999999999943,29.924099331938102,29.924099331938102,0.0759006680618981,0.15148725107355432,13.212445172949511,13.363932424023066,False
276.5999999999944,29.923326691728484,29.923326691728484,0.0766733082715163,0.15304090348084287,13.215493628833526,13.368534532314369,False
277.0999999999945,29.92257487315289,29.92257487315289,0.07742512684711045,0.15455284037647488,13.218572656601717,13.373125496978192,False
277.5999999999946,29.92184369538899,29.92184369538899,0.07815630461101009,0.15602342326447172,13.221681426280757,13.377704849545228,False
278.09999999999474,29.92113297728043,29.92113297728043,0.07886702271957091,0.1574530143285955,13.224819115135663,13.382272129464258,False
278.59999999999485,29.92044253736579,29.92044253736579,0.07955746263420949,0.15884197637426212,13.227984907682673,13.386826884056935,False
279.09999999999496,29.919772193907214,29.919772193907214,0.08022780609278612,0.16019067277115084,13.231177995701001,13.391368668472152,False
279.5999999999951,29.919121764918685,29.919121764918685,0.08087823508131464,0.1614994673965242,13.234397578243422,13.395897045639947,False
280.0999999999952,29.918491068193944,29.918491068193944,0.08150893180605578,0.1627687245792302,13.237642861645782,13.400411586225012,False
280.5999999999953,29.917879921334062,29.917879921334062,0.08212007866593751,0.1639988090444504,13.240913059535337,13.404911868579788,False
281.0999999999954,29.917288141774677,29.917288141774677,0.08271185822532345,0.16519008585905226,13.244207392838037,13.40939747869709,False
281.59999999999553,29.91671554681286,29.91671554681286,0.08328445318714017,0.1663429203777298,13.247525089784705,13.413868010162435,False
282.09999999999565,29.91616195363365,29.91616195363365,0.08383804636634906,0.1674576781898125,13.250865385916164,13.418323064105977,False
282.59999999999576,29.915627179336262,29.915627179336262,0.08437282066373797,0.1685347250666922,13.254227524087288,13.42276224915398,False
283.0999999999959,29.915111040959918,29.915111040959918,0.08488895904008231,0.16957442691003166,13.25761075447003,13.427185181380061,False
283.599999999996,29.91461335550934,29.91461335550934,0.08538664449066147,0.17057714970064097,13.261014334555396,13.431591484256037,False
284.0999999999961,29.914133939979934,29.914133939979934,0.08586606002006647,0.1715432594479651,13.264437529154444,13.435980788602409,False
284.5999999999962,29.913672611382605,29.913672611382605,0.08632738861739497,0.17247312214033172,13.267879610398236,13.440352732538567,False
285.0999999999963,29.91322918676824,29.91322918676824,0.08677081323175884,0.17336710369585262,13.271339857736846,13.444706961432699,False
285.59999999999644,29.91280348325185,29.91280348325185,0.08719651674815054,0.17422556991399318,13.274817557937359,13.449043127851352,False
286.09999999999656,29.912395318036385,29.912395318036385,0.08760468196361515,0.17504888642778837,13.278312005080927,13.453360891508716,False
286.59999999999667,29.9120045084362,29.9120045084362,0.08799549156379882,0.175837418656819,13.281822500558876,13.457659919215695,False
287.0999999999968,29.911630871900233,29.911630871900233,0.08836912809976738,0.17659153176072806,13.28534835306788,13.461939884828608,False
287.5999999999969,29.91127422603476,29.91127422603476,0.0887257739652405,0.17731159059350432,13.28888887860421,13.466200469197714,False
288.099999999997,29.910934388625932,29.910934388625932,0.08906561137406754,0.17799795965835585,13.292443400457078,13.470441360115434,False
288.5999999999971,29.910611177661885,29.910611177661885,0.0893888223381154,0.17865100306332948,13.296011249201088,13.474662252264418,False
289.09999999999724,29.910304411354574,29.910304411354574,0.08969558864542648,0.17927108447749873,13.299591762687813,13.478862847165312,False
289.59999999999735,29.910013908161286,29.910013908161286,0.08998609183871409,0.17985856708782677,13.303184286036482,13.483042853124308,False
290.09999999999746,29.9097394868058,29.9097394868058,0.09026051319419892,0.1804138135567115,13.30678817162384,13.487201985180551,False
290.5999999999976,29.909480966299242,29.909480966299242,0.0905190337007582,0.18093718598014874,13.310402779073153,13.491339965053301,False
291.0999999999977,29.909238165960602,29.909238165960602,0.09076183403939808,0.1814290458465564,13.314027475242375,13.495456521088931,False
291.5999999999978,29.909010905436958,29.909010905436958,0.09098909456304227,0.18188975399620944,13.317661634211516,13.499551388207726,False
292.0999999999979,29.908799004723356,29.908799004723356,0.09120099527664394,0.18231967058136433,13.321304637269202,13.503624307850567,False
292.59999999999803,29.90860228418239,29.90860228418239,0.09139771581761025,0.1827191550269518,13.324955872898443,13.507675027925394,False
293.09999999999815,29.908420564563464,29.908420564563464,0.09157943543653602,0.18308856599193746,13.328614736761605,13.511703302753542,False
293.59999999999826,29.90825366702173,29.90825366702173,0.09174633297827128,0.18342826133131496,13.33228063168465,13.515708893015965,False
294.0999999999984,29.908101413136713,29.908101413136713,0.09189858686328733,0.1837385980587385,13.335952967640612,13.51969156569935,False
294.5999999999985,29.90796362493067,29.90796362493067,0.09203637506933049,0.18401993230968827,13.33963116173231,13.523651094041998,False
295.0999999999986,29.90784012488656,29.90784012488656,0.09215987511343826,0.18427261930537497,13.343314638174357,13.527587257479732,False
295.5999999999987,29.907730735965796,29.907730735965796,0.09226926403420421,0.18449701331717705,13.347002828274455,13.531499841591632,False
296.09999999999883,29.907635281625616,29.907635281625616,0.09236471837438387,0.18469346763168204,13.35069517041397,13.535388638045651,False
296.59999999999894,29.90755358583621,29.90755358583621,0.0924464141637884,0.18486233451641,13.354391110027821,13.539253444544231,False
297.09999999999906,29.907485473097505,29.907485473097505,0.09251452690249451,0.18500396518605555,13.358090099583702,13.543094064769758,False
297.59999999999917,29.90743076845567,29.90743076845567,0.09256923154433139,0.18511870976939804,13.361791598560622,13.54691030833002,False
298.0999999999993,29.907389297519327,29.907389297519327,0.09261070248067327,0.1852069172767301,13.365495073426787,13.550701990703518,False
298.5999999999994,29.90736088647546,29.90736088647546,0.09263911352454102,0.18526893556794732,13.369199997616867,13.554468933184815,False
299.0999999999995,29.907345362105016,29.907345362105016,0.0926546378949844,0.1853051113212132,13.372905851508595,13.558210962829808,False
299.5999999999996,29.90734255179824,29.90734255179824,0.09265744820175925,0.18531579000217135,13.376612122398758,13.561927912400929,False
300.09999999999974,29.90735228356971,29.90735228356971,0.0926477164302888,0.18530131583379728,13.3803183044786,13.565619620312397,False
300.59999999999985,29.90737438607307,29.90737438607307,0.09262561392693058,0.18526203176674727,13.3840238988086,13.569285930575347,False
301.09999999999997,29.90740868861551,29.90740868861551,0.0925913113844885,0.18519827945033995,13.387728413292685,13.572926692743025,False
301.6000000000001,29.907455021171916,29.907455021171916,0.09254497882808366,0.18511039920413452,13.391431362651852,13.576541761855987,False
302.1000000000002,29.90751321439877,29.90751321439877,0.09248678560123125,0.18499872998999933,13.39513226839724,13.58013099838724,False
302.6000000000003,29.907583099647784,29.907583099647784,0.09241690035221595,0.18486360938474888,13.398830658802652,13.5836942681874,False
303.1000000000004,29.907664508979202,29.907664508979202,0.09233549102079763,0.1847053735534132,13.402526068876524,13.587231442429937,False
303.60000000000053,29.90775727517488,29.90775727517488,0.09224272482511964,0.18452435722299754,13.406218040333378,13.590742397556376,False
304.10000000000065,29.907861231751056,29.907861231751056,0.09213876824894385,0.18432089365678905,13.409906121564758,13.594227015221547,False
304.60000000000076,29.90797621297086,29.90797621297086,0.0920237870291416,0.18409531462926765,13.413589867609643,13.59768518223891,False
305.1000000000009,29.90810205385657,29.90810205385657,0.09189794614342972,0.18384795040145718,13.417268840124382,13.60111679052584,False
305.600000000001,29.90823859020157,29.90823859020157,0.09176140979842984,0.18357912969693047,13.420942607352126,13.604521737049057,False
306.1000000000011,29.908385658582056,29.908385658582056,0.09161434141794444,0.18328917967826897,13.42461074409181,13.607899923770079,False
306.6000000000012,29.908543096368486,29.908543096368486,0.0914569036315136,0.18297842592406255,13.42827283166665,13.611251257590713,False
307.10000000000133,29.90871074173674,29.90871074173674,0.0912892582632594,0.18264719240648475,13.431928457892184,13.614575650298669,False
307.60000000000144,29.908888433679067,29.908888433679067,0.09111156632093298,0.18229580146930857,13.435577217043898,13.617873018513206,False
308.10000000000156,29.909076012014722,29.909076012014722,0.09092398798527768,0.18192457380650495,13.439218709824377,13.621143283630882,False
308.60000000000167,29.90927331740038,29.90927331740038,0.09072668259961958,0.18153382844133858,13.442852543330082,13.62438637177142,False
309.1000000000018,29.909480191340283,29.909480191340283,0.09051980865971743,0.18112388270594693,13.446478331017673,13.62760221372362,False
309.6000000000019,29.90969647619614,29.90969647619614,0.0903035238038612,0.1806950522214592,13.450095692669953,13.630790744891412,False
310.100000000002,29.909922015196777,29.909922015196777,0.09007798480322293,0.1802476508785844,13.45370425436141,13.633951905239995,False
310.6000000000021,29.910156652447533,29.910156652447533,0.08984334755246692,0.17978199081873925,13.457303648423387,13.637085639242127,False
311.10000000000224,29.910400232939423,29.910400232939423,0.0895997670605766,0.17929838241560248,13.460893513408873,13.640191895824476,False
311.60000000000235,29.91065260255804,29.91065260255804,0.08934739744195852,0.17879713425721633,13.464473494056932,13.643270628314148,False
312.10000000000247,29.910913608092226,29.910913608092226,0.08908639190777379,0.1782785531285711,13.468043241256774,13.646321794385345,False
312.6000000000026,29.91118309724251,29.91118309724251,0.08881690275748966,0.1777429439946019,13.471602412011501,13.649345356006103,False
313.1000000000027,29.911460918629295,29.911460918629295,0.08853908137070476,0.17719060998374658,13.475150669401499,13.652341279385245,False
313.6000000000028,29.911746921800805,29.911746921800805,0.08825307819919459,0.1766218523719303,13.478687682547516,13.655309534919446,False
314.1000000000029,29.912040957240833,29.912040957240833,0.08795904275916655,0.1760369705670044,13.482213126573429,13.658250097140433,False
314.60000000000304,29.912342876376222,29.912342876376222,0.08765712362377798,0.17543626209369023,13.485726682568696,13.661162944662387,False
315.10000000000315,29.91265253158412,29.91265253158412,0.08734746841588148,0.174820022578956,13.489228037550525,13.664048060129481,False
315.60000000000326,29.912969776199038,29.912969776199038,0.08703022380096215,0.17418854573781317,13.492716884425732,13.666905430163546,False
316.1000000000034,29.91329446451965,29.91329446451965,0.08670553548034832,0.17354212335965968,13.496192921952357,13.669735045312017,False
316.6000000000035,29.913626451815393,29.913626451815393,0.08637354818460707,0.1728810452949574,13.499655854700974,13.672536899995931,False
317.1000000000036,29.91396559433282,29.91396559433282,0.08603440566718135,0.1722055994424494,13.503105393015776,13.675310992458225,False
317.6000000000037,29.914311749301774,29.914311749301774,0.08568825069822594,0.17151607173672545,13.50654125297537,13.678057324712096,False
318.10000000000383,29.91466477494132,29.91466477494132,0.08533522505868163,0.17081274613627073,13.50996315635337,13.680775902489641,False
318.60000000000394,29.91502453046544,29.91502453046544,0.08497546953455881,0.17009590461199053,13.513370830578715,13.683466735190706,False
319.10000000000406,29.915390876088598,29.915390876088598,0.0846091239114024,0.169365827136005,13.516764008695802,13.686129835831807,False
319.6000000000042,29.91576367303098,29.91576367303098,0.08423632696901961,0.16862279167105498,13.520142429324377,13.688765220995432,False
320.1000000000043,29.916142783523632,29.916142783523632,0.08385721647636757,0.16786707416019908,13.523505836619213,13.691372910779412,False
320.6000000000044,29.91652807081332,29.91652807081332,0.083471929186679,0.1670989485169443,13.52685398022961,13.693952928746555,False
321.1000000000045,29.91691939916723,29.91691939916723,0.08308060083276914,0.16631868661583127,13.530186615258684,13.696505301874515,False
321.6000000000046,29.91731663387746,29.91731663387746,0.08268336612254146,0.16552655828331808,13.533503502222477,13.699030060505795,False
322.10000000000474,29.917719641265265,29.917719641265265,0.08228035873473516,0.16472283128921816,13.5368044070089,13.701527238298118,False
322.60000000000485,29.91812828868519,29.91812828868519,0.08187171131481108,0.16390777133840118,13.540089100836488,13.703996872174889,False
323.10000000000497,29.918542444528928,29.918542444528928,0.08145755547107214,0.1630816420629415,13.543357360213015,13.706439002275957,False
323.6000000000051,29.918961978229046,29.918961978229046,0.08103802177095432,0.16224470501462918,13.546608966893944,13.708853671908573,False
324.1000000000052,29.919386760262476,29.919386760262476,0.08061323973752366,0.16139721965789278,13.549843707840735,13.711240927498627,False
324.6000000000053,29.919816662153845,29.919816662153845,0.0801833378461545,0.16053944336305648,13.55306137517902,13.713600818542076,False
325.1000000000054,29.9202515564786,29.9202515564786,0.07974844352139954,0.1596716314000517,13.556261766156643,13.715933397556695,False
325.60000000000554,29.920691316865963,29.920691316865963,0.0793086831340375,0.1587940369323988,13.559444683101574,13.718238720033973,False
326.10000000000565,29.921135818001694,29.921135818001694,0.07886418199830558,0.15790691101160803,13.562609933379727,13.720516844391335,False
326.60000000000576,29.921584935630694,29.921584935630694,0.07841506436930601,0.15701050257194282,13.565757329352637,13.72276783192458,False
327.1000000000059,29.922038546559396,29.922038546559396,0.07796145344060434,0.15610505842550992,13.568886688335077,13.724991746760587,False
327.600000000006,29.922496528658,29.922496528658,0.07750347134199842,0.15519082325775457,13.571997832552537,13.727188655810291,False
328.1000000000061,29.92295876086255,29.92295876086255,0.07704123913745065,0.15426803962325408,13.575090589098659,13.729358628721913,False
328.6000000000062,29.923425123176802,29.923425123176802,0.07657487682319797,0.15333694794185249,13.578164789892568,13.73150173783442,False
329.10000000000633,29.923895496673953,29.923895496673953,0.07610450332604657,0.1523977864951931,13.581220271636125,13.733618058131318,False
329.60000000000645,29.924369763498188,29.924369763498188,0.07563023650181222,0.15145079142353524,13.584256875771144,13.73570766719468,False
330.10000000000656,29.92484780686607,29.92484780686607,0.07515219313393118,0.15049619672291215,13.587274448436501,13.737770645159413,False
330.6000000000067,29.925329511067744,29.925329511067744,0.07467048893225581,0.149534234242644,13.590272840425254,13.739807074667898,False
331.1000000000068,29.92581476146802,29.92581476146802,0.07418523853198167,0.1485651336831353,13.593251907141646,13.741817040824781,False
331.6000000000069,29.926303444507273,29.926303444507273,0.07369655549272736,0.1475891225939847,13.596211508558138,13.743800631152123,False
332.100000000007,29.926795447702162,29.926795447702162,0.07320455229783818,0.1466064263724931,13.59915150917234,13.745757935544834,False
332.6000000000071,29.927290659646246,29.927290659646246,0.07270934035375376,0.14561726826238441,13.602071777963983,13.747689046226368,False
333.10000000000724,29.927788970010397,29.927788970010397,0.07221102998960305,0.14462186935288912,13.604972188351814,13.749594057704703,False
333.60000000000736,29.928290269543094,29.928290269543094,0.07170973045690587,0.14362044857813316,13.607852618150503,13.751473066728636,False
334.10000000000747,29.92879445007056,29.92879445007056,0.0712055499294415,0.14261322271677557,13.610712949527535,13.75332617224431,False
334.6000000000076,29.929301404496748,29.929301404496748,0.07069859550325219,0.1416004063919729,13.613553068960105,13.755153475352078,False
335.1000000000077,29.929811026803176,29.929811026803176,0.07018897319682438,0.14058221207168486,13.616372867192009,13.756955079263694,False
335.6000000000078,29.930323212048624,29.930323212048624,0.06967678795137644,0.13955885006919289,13.619172239190542,13.758731089259735,False
336.1000000000079,29.9308378563687,29.9308378563687,0.06916214363129924,0.13853052854392445,13.62195108410342,13.760481612647345,False
336.60000000000804,29.931354856975265,29.931354856975265,0.06864514302473523,0.13749745350256148,13.624709305215712,13.762206758718273,False
337.10000000000815,29.931874112155683,29.931874112155683,0.06812588784431739,0.13645982880044016,13.627446809906798,13.763906638707239,False
337.60000000000827,29.932395521272,29.932395521272,0.06760447872800057,0.13541785614319934,13.630163509607371,13.76558136575057,False
338.1000000000084,29.932918984759937,29.932918984759937,0.06708101524006338,0.13437173508868483,13.632859319756456,13.76723105484514,False
338.6000000000085,29.93344440412777,29.93344440412777,0.06655559587223081,0.13332166304918758,13.635534159758484,13.768855822807671,False
339.1000000000086,29.933971681955093,29.933971681955093,0.06602831804490705,0.13226783529382402,13.638187952940413,13.770455788234237,False
339.6000000000087,29.934500721891435,29.934500721891435,0.0654992781085646,0.13121044495128587,13.640820626508896,13.772031071460182,False
340.10000000000883,29.935031428654746,29.935031428654746,0.06496857134525413,0.13014968301278884,13.6434321115075,13.77358179452029,False
340.60000000000895,29.93556370802978,29.93556370802978,0.06443629197022105,0.12908573833527015,13.646022342774,13.77510808110927,False
341.10000000000906,29.936097466866354,29.936097466866354,0.06390253313364624,0.1280187976448275,13.648591258897735,13.776610056542562,False
341.6000000000092,29.936632613077464,29.936632613077464,0.06336738692253618,0.12694904554043518,13.651138802177035,13.77808784771747,False
342.1000000000093,29.93716905563732,29.93716905563732,0.06283094436268044,0.12587666449783086,13.653664918576728,13.77954158307456,False
342.6000000000094,29.937706704579213,29.937706704579213,0.062293295420786876,0.12480183487371477,13.65616955768571,13.780971392559424,False
343.1000000000095,29.93824547099332,29.93824547099332,0.06175452900668077,0.1237247349101196,13.658652672674634,13.782377407584754,False
343.60000000000963,29.93878526702437,29.93878526702437,0.061214732975628294,0.1226455407390219,13.661114220253676,13.783759760992698,False
344.10000000000974,29.9393260058692,29.9393260058692,0.06067399413079855,0.12156442638720222,13.663554160630364,13.785118587017566,False
344.60000000000986,29.939867601774214,29.939867601774214,0.06013239822578598,0.12048156378125441,13.66597245746756,13.786454021248815,False
345.10000000000997,29.9404099700327,29.9404099700327,0.059590029967299785,0.1193971227529218,13.668369077841513,13.787766200594435,False
345.6000000000101,29.940953026982108,29.940953026982108,0.05904697301789241,0.11831127104451156,13.670743992200016,13.789055263244528,False
346.1000000000102,29.941496690001152,29.941496690001152,0.0585033099988479,0.11722417431463583,13.673097174320706,13.790321348635342,False
346.6000000000103,29.942040877506862,29.942040877506862,0.05795912249313773,0.11613599614408088,13.675428601269441,13.791564597413522,False
347.1000000000104,29.94258550895151,29.94258550895151,0.05741449104849039,0.11504689804189638,13.677738253358825,13.792785151400722,False
347.60000000001054,29.94313050481944,29.94313050481944,0.05686949518056039,0.1139570394517051,13.68002611410685,13.793983153558555,False
348.10000000001065,29.943675786623817,29.943675786623817,0.05632421337618254,0.11286657775817588,13.682292170195659,13.795158747953835,False
348.60000000001077,29.944221276903267,29.944221276903267,0.05577872309673282,0.11177566829370278,13.684536411430452,13.796312079724155,False
349.1000000000109,29.94476689921842,29.94476689921842,0.05523310078158161,0.1106844643452547,13.686758830698523,13.797443295043777,False
349.600000000011,29.945312578148382,29.945312578148382,0.05468742185161801,0.10959311716144526,13.688959423928429,13.798552541089874,False
350.1000000000111,29.94585823928711,29.94585823928711,0.05414176071289134,0.10850177595970223,13.691138190049317,13.79963996600902,False
350.6000000000112,29.946403809239666,29.946403809239666,0.053596190760334395,0.10741058793374236,13.693295130950386,13.800705718884128,False
351.10000000001133,29.946949215618446,29.946949215618446,0.053050784381554195,0.10631969826109611,13.695430251440499,13.801749949701595,False
351.60000000001145,29.947494387039274,29.947494387039274,0.052505612960725756,0.1052292501108596,13.697543559207958,13.802772809318817,False
352.10000000001156,29.948039253117443,29.948039253117443,0.05196074688255692,0.10413938465158168,13.699635064780427,13.803774449432009,False
352.6000000000117,29.94858374446365,29.94858374446365,0.0514162555363491,0.10305024105937832,13.70170478148503,13.80475502254441,False
353.1000000000118,29.94912779267988,29.94912779267988,0.050872207320118434,0.10196195652612516,13.703752725408572,13.805714681934697,False
353.6000000000119,29.949671330355187,29.949671330355187,0.05032866964481286,0.10087466626786323,13.705778915357978,13.806653581625842,False
354.100000000012,29.950214291061407,29.950214291061407,0.04978570893859313,0.09978850353333968,13.707783372820876,13.807571876354215,False
354.60000000001213,29.95075660934882,29.95075660934882,0.04924339065118133,0.09870359961266928,13.709766121926346,13.808469721539016,False
355.10000000001224,29.951298220741684,29.951298220741684,0.04870177925831598,0.09762008384620202,13.711727189405865,13.809347273252067,False
355.60000000001236,29.95183906173376,29.95183906173376,0.04816093826623913,0.09653808363350436,13.713666604554408,13.810204688187913,False
356.10000000001247,29.952379069783728,29.952379069783728,0.04762093021627223,0.09545772444243283,13.715584399191751,13.811042123634184,False
356.6000000000126,29.95291818331054,29.95291818331054,0.047081816689459544,0.09437912981844931,13.717480607623937,13.811859737442386,False
357.1000000000127,29.953456341688725,29.953456341688725,0.04654365831127549,0.09330242139397171,13.71935526660495,13.812657687998922,False
357.6000000000128,29.953993485243597,29.953993485243597,0.04600651475640305,0.09222771889790238,13.721208415298566,13.813436134196468,False
358.1000000000129,29.954529555246438,29.954529555246438,0.04547044475356188,0.09115514016529858,13.723040095240396,13.814195235405695,False
358.60000000001304,29.955064493909582,29.955064493909582,0.04493550609041819,0.09008480114711404,13.724850350300128,13.814935151447242,False
359.10000000001315,29.955598244381473,29.955598244381473,0.04440175561852655,0.08901681592011101,13.726639226643966,13.815656042564077,False
359.60000000001327,29.956130750741632,29.956130750741632,0.04386924925836766,0.08795129669686474,13.728406772697252,13.816358069394116,False
360.1000000000134,29.95666195799558,29.95666195799558,0.043338042004421595,0.08688835383592419,13.730153039107321,13.817041392943246,False
360.6000000000135,29.957191812069716,29.957191812069716,0.042808187930283736,0.08582809585200835,13.731878078706545,13.817706174558554,False
361.1000000000136,29.957720259806138,29.957720259806138,0.04227974019386238,0.08477062942636593,13.733581946475566,13.818352575901931,False
361.6000000000137,29.958247248957363,29.958247248957363,0.04175275104263676,0.08371605941729143,13.73526469950675,13.818980758924042,False
362.10000000001384,29.958772728181085,29.958772728181085,0.04122727181891506,0.08266448887060562,13.736926396967872,13.819590885838478,False
362.60000000001395,29.95929664703479,29.95929664703479,0.04070335296520966,0.08161601903041316,13.738567100065984,13.820183119096397,False
363.10000000001406,29.95981895597039,29.95981895597039,0.04018104402960887,0.08057074934977493,13.74018687201151,13.820757621361285,False
363.6000000000142,29.960339606328784,29.960339606328784,0.0396603936712161,0.07952877750162202,13.741785777982553,13.821314555484175,False
364.1000000000143,29.960858550334354,29.960858550334354,0.03914144966564592,0.07849019938969803,13.743363885089435,13.821854084479133,False
364.6000000000144,29.961375741089462,29.961375741089462,0.03862425891053789,0.07745510915958675,13.744921262339425,13.822376371499011,False
365.1000000000145,29.961891132568837,29.961891132568837,0.03810886743116271,0.07642359920987474,13.746457980601729,13.822881579811604,False
365.60000000001463,29.962404679614004,29.962404679614004,0.037595320385996445,0.07539576020332817,13.747974112572683,13.823369872776011,False
366.10000000001475,29.96291633792759,29.96291633792759,0.03708366207240843,0.074371681078226,13.749469732741154,13.82384141381938,False
366.60000000001486,29.96342606406766,29.96342606406766,0.036573935932338486,0.07335144905970736,13.750944917354209,13.824296366413916,False
367.100000000015,29.963933815441944,29.963933815441944,0.03606618455805588,0.07233514967124677,13.752399744382974,13.82473489405422,False
367.6000000000151,29.964439550302107,29.964439550302107,0.035560449697893404,0.07132286674616495,13.753834293488742,13.825157160234907,False
368.1000000000152,29.964943227737905,29.964943227737905,0.03505677226209514,0.07031468243925332,13.755248645989319,13.825563328428572,False
368.6000000000153,29.96544480767138,29.96544480767138,0.03455519232862159,0.06931067723840556,13.756642884825569,13.825953562063974,False
369.1000000000154,29.965944250850942,29.965944250850942,0.034055749149057846,0.06831092997639843,13.75801709452826,13.826328024504658,False
369.60000000001554,29.966441518845507,29.966441518845507,0.033558481154493336,0.06731551784266543,13.759371361185051,13.826686879027717,False
370.10000000001565,29.966936574038535,29.966936574038535,0.0330634259614655,0.06632451639514159,13.760705772407812,13.827030288802954,False
370.60000000001577,29.967429379622065,29.967429379622065,0.032570620377935455,0.06533799957222897,13.762020417300104,13.827358416872332,False
371.1000000000159,29.96791989959072,29.96791989959072,0.03208010040928144,0.06435603970475512,13.763315386424951,13.827671426129706,False
371.600000000016,29.96840809873569,29.96840809873569,0.031591901264309996,0.06337870752799546,13.764590771772834,13.82796947930083,False
372.1000000000161,29.96889394263869,29.96889394263869,0.03110605736130978,0.0624060721937596,13.765846666729908,13.828252738923668,False
372.6000000000162,29.969377397665873,29.969377397665873,0.030622602334126725,0.06143820128254873,13.767083166046499,13.828521367329047,False
373.10000000001634,29.969858430961743,29.969858430961743,0.030141569038256932,0.060475160815713025,13.768300365805803,13.828775526621516,False
373.60000000001645,29.970337010443036,29.970337010443036,0.029662989556964448,0.05951701526770137,13.769498363392868,13.82901537866057,False
374.10000000001656,29.970813104792576,29.970813104792576,0.029186895207423902,0.05856382757830403,13.770677257463795,13.8292410850421,False
374.6000000000167,29.97128668345313,29.97128668345313,0.02871331654687026,0.05761565916498057,13.771837147915193,13.829452807080173,False
375.1000000000168,29.9717577166212,29.9717577166212,0.028242283378798305,0.0566725699352304,13.772978135853876,13.829650705789106,False
375.6000000000169,29.972226175240863,29.972226175240863,0.027773824759137256,0.055734618298941996,13.77410032356682,13.829834941865762,False
376.100000000017,29.972692030997518,29.972692030997518,0.027307969002482224,0.05480186118084873,13.775203814491359,13.830005675672208,False
376.60000000001713,29.9731552563117,29.9731552563117,0.02684474368830081,0.05387435403292784,13.776288713185622,13.83016306721855,False
377.10000000001725,29.973615824332796,29.973615824332796,0.026384175667203635,0.0529521508469557,13.777355125299252,13.830307276146208,False
377.60000000001736,29.974073708932817,29.974073708932817,0.025926291067182916,0.052035304166956564,13.778403157544314,13.830438461711271,False
378.1000000000175,29.97452888470011,29.97452888470011,0.0254711152998901,0.051123865101757815,13.77943291766652,13.830556782768278,False
378.6000000000176,29.974981326933076,29.974981326933076,0.02501867306692418,0.050217883337580815,13.780444514416669,13.83066239775425,False
379.1000000000177,29.975431011633884,29.975431011633884,0.02456898836611643,0.04931740715058908,13.781438057522339,13.830755464672928,False
379.6000000000178,29.975877915502174,29.975877915502174,0.024122084497825824,0.04842248341947908,13.782413657659847,13.830836141079326,False
380.1000000000179,29.97632201592873,29.97632201592873,0.023677984071269975,0.047533157638120827,13.783371426426442,13.830904584064562,False
380.60000000001804,29.976763290989172,29.976763290989172,0.02323670901082764,0.046649473928212615,13.784311476312762,13.830960950240975,False
381.10000000001816,29.97720171943763,29.97720171943763,0.022798280562369655,0.045771475051871846,13.785233920675552,13.831005395727423,False
381.60000000001827,29.97763728070041,29.97763728070041,0.022362719299589884,0.044899202424353746,13.786138873710602,13.831038076134956,False
382.1000000000184,29.978069954869653,29.978069954869653,0.021930045130346798,0.04403269612669192,13.787026450425994,13.831059146552686,False
382.6000000000185,29.97849972269701,29.97849972269701,0.021500277302990867,0.04317199491837442,13.78789676661554,13.831068761533915,False
383.1000000000186,29.978926565587273,29.978926565587273,0.021073434412727465,0.0423171362500554,13.78874993883252,13.831067075082576,False
383.6000000000187,29.979350465592056,29.979350465592056,0.02064953440794426,0.04146815627622402,13.78958608436365,13.831054240639874,False
384.10000000001884,29.979771405403433,29.979771405403433,0.020228594596567007,0.040625089867894815,13.790405321203316,13.831030411071211,False
384.60000000001895,29.9801893683476,29.9801893683476,0.019810631652401156,0.03978797062531925,13.791207768028055,13.830995738653375,False
385.10000000001907,29.98060433837852,29.98060433837852,0.019395661621480542,0.038956830890654714,13.79199354417129,13.830950375061946,False
385.6000000000192,29.981016300071587,29.981016300071587,0.018983699928412534,0.038131701760669046,13.792762769598324,13.830894471358993,False
386.1000000000193,29.981425238617266,29.981425238617266,0.01857476138273384,0.03731261309945211,13.793515564881577,13.83082817798103,False
386.6000000000194,29.98183113981477,29.98183113981477,0.018168860185230784,0.03649959355106347,13.794252051176104,13.830751644727167,False
387.1000000000195,29.98223399006572,29.98223399006572,0.017766009934280902,0.03569267055220848,13.794972350195318,13.830665020747526,False
387.60000000001963,29.982633776367802,29.982633776367802,0.017366223632198086,0.03489187034492147,13.795676584187014,13.830568454531935,False
388.10000000001975,29.98303048630846,29.98303048630846,0.01696951369153865,0.03409721798921339,13.796364875909624,13.830462093898838,False
388.60000000001986,29.983424108058564,29.983424108058564,0.016575891941435827,0.03330873737571238,13.79703734860873,13.830346085984443,False
389.10000000002,29.983814630366098,29.983814630366098,0.01618536963390227,0.032526451238268805,13.797694125993827,13.830220577232096,False
389.6000000000201,29.984202042549846,29.984202042549846,0.015797957450153888,0.031750381166645525,13.798335332215327,13.830085713381973,False
390.1000000000202,29.98458633449311,29.98458633449311,0.01541366550689105,0.03098054761902347,13.798961091841852,13.829941639460875,False
390.6000000000203,29.98496749663742,29.98496749663742,0.015032503362579774,0.03021696993462797,13.799571529837731,13.82978849977236,False
391.10000000002043,29.98534551997625,29.98534551997625,0.014654480023750693,0.029459666346298263,13.800166771540779,13.829626437887077,False
391.60000000002054,29.98572039604874,29.98572039604874,0.014279603951258935,0.02870865399300726,13.800746942640323,13.82945559663333,False
392.10000000002066,29.98609211693347,29.98609211693347,0.013907883066529791,0.0279639489323813,13.801312169155485,13.829276118087867,False
392.60000000002077,29.98646067524219,29.98646067524219,0.0135393247578115,0.027225566153191494,13.80186257741368,13.82908814356687,False
393.1000000000209,29.986826064113597,29.986826064113597,0.013173935886403143,0.026493519587809544,13.8023982940294,13.82889181361721,False
393.600000000021,29.987188277207117,29.987188277207117,0.012811722792882563,0.025767822124691975,13.802919445883248,13.82868726800794,False
394.1000000000211,29.98754730869671,29.98754730869671,0.01245269130329163,0.025048485620750682,13.80342616010119,13.82847464572194,False
394.6000000000212,29.987903153264657,29.987903153264657,0.012096846735342837,0.0243355209137448,13.803918564034085,13.82825408494783,False
395.10000000002134,29.98825580609542,29.98825580609542,0.011744193904579703,0.023628937834651254,13.804396785237445,13.828025723072097,False
395.60000000002145,29.988605262869445,29.988605262869445,0.011394737130554944,0.022928745219985558,13.80486095145145,13.827789696671436,False
396.10000000002157,29.988951519757055,29.988951519757055,0.011048480242944692,0.0222349509240658,13.805311190581198,13.827546141505264,False
396.6000000000217,29.989294573412305,29.989294573412305,0.010705426587694689,0.021547561831297912,13.805747630677219,13.827295192508517,False
397.1000000000218,29.98963442096689,29.98963442096689,0.01036557903310964,0.0208665838683757,13.80617039991622,13.827036983784597,False
397.6000000000219,29.989971060024043,29.989971060024043,0.010028939975956774,0.020192022016473743,13.806579626582078,13.826771648598552,False
398.100000000022,29.990304488652473,29.990304488652473,0.009695511347526775,0.01952388032339769,13.806975439047065,13.826499319370463,False
398.60000000002213,29.990634705380316,29.990634705380316,0.00936529461968405,0.01886216191567769,13.807357965753345,13.826220127669023,False
399.10000000002225,29.990961709189097,29.990961709189097,0.009038290810902794,0.018206869010654714,13.807727335194675,13.82593420420533,False
399.60000000002236,29.991285499507736,29.991285499507736,0.008714500492263966,0.017558002928495853,13.808083675898379,13.825641678826875,False
400.1000000000225,29.99160607620654,29.99160607620654,0.008393923793459379,0.016915564104174052,13.808427116407541,13.825342680511715,False
400.6000000000226,29.991923439591258,29.991923439591258,0.008076560408742495,0.016279552099426553,13.808757785263442,13.825037337362868,False
401.1000000000227,29.992237590397117,29.992237590397117,0.007762409602882769,0.015649965614635164,13.809075810988253,13.824725776602888,False
401.6000000000228,29.992548529782916,29.992548529782916,0.007451470217084477,0.015026802500685221,13.809381322067928,13.824408124568613,False
402.10000000002293,29.99285625932511,29.99285625932511,0.007143740674891319,0.014410059770789019,13.809674446935379,13.824084506706168,False
402.60000000002304,29.993160781011955,29.993160781011955,0.006839218988044848,0.013799733612216869,13.80995531395384,13.823755047566056,False
403.10000000002316,29.993462097237646,29.993462097237646,0.0065379027623535535,0.013195819398021058,13.810224051400512,13.823419870798533,False
403.6000000000233,29.99376021079649,29.99376021079649,0.00623978920350865,0.012598311698702958,13.810480787450404,13.823079099149107,False
404.1000000000234,29.994055124877107,29.994055124877107,0.005944875122892768,0.012007204293823293,13.81072565016042,13.822732854454243,False
404.6000000000235,29.994346843056658,29.994346843056658,0.005653156943342452,0.011422490183555567,13.810958767453693,13.822381257637248,False
405.1000000000236,29.99463536929508,29.99463536929508,0.005364630704921325,0.010844161600218172,13.811180267104119,13.822024428704337,False
405.6000000000237,29.994920707929378,29.994920707929378,0.005079292070622188,0.010272210019707018,13.811390276721147,13.821662486740854,False
406.10000000002384,29.995202863667927,29.995202863667927,0.004797136332072682,0.009706626172913957,13.811588923734794,13.821295549907708,False
406.60000000002395,29.995481841584787,29.995481841584787,0.004518158415212525,0.009147400057095467,13.811776335380864,13.82092373543796,False
407.10000000002407,29.995757647114083,29.995757647114083,0.004242352885917455,0.008594520947127648,13.811952638686419,13.820547159633547,False
407.6000000000242,29.99603028604437,29.99603028604437,0.003969713955630283,0.008047977406768325,13.81211796045547,13.820165937862239,False
408.1000000000243,29.996299764513054,29.996299764513054,0.0037002354869457577,0.0075077572998623054,13.81227242725489,13.819780184554752,False
408.6000000000244,29.99656608900084,29.99656608900084,0.003433910999159906,0.006973847801425848,13.812416165400535,13.81939001320196,False
409.1000000000245,29.996829266326202,29.996829266326202,0.003170733673798054,0.006446235408745338,13.812549300943624,13.81899553635237,False
409.60000000002464,29.99708930363988,29.99708930363988,0.002910696360121534,0.0059249059523622805,13.812671959657292,13.818596865609655,False
410.10000000002475,29.997346208419394,29.997346208419394,0.0026537915806059686,0.005409844607079606,13.812784267023405,13.818194111630484,False
410.60000000002486,29.997599988463648,29.997599988463648,0.0024000115363520536,0.00490103590277613,13.81288634821957,13.817787384122346,False
411.100000000025,29.997850651887475,29.997850651887475,0.0021493481125247627,0.004398463735292069,13.812978328106356,13.817376791841648,False
411.6000000000251,29.998098207116282,29.998098207116282,0.0019017928837179454,0.003902111377193762,13.81306033121476,13.816962442591954,False
412.1000000000252,29.99834266288071,29.99834266288071,0.0016573371192905029,0.003411961488431814,13.813132481733867,13.816544443222298,False
412.6000000000253,29.998584028211294,29.998584028211294,0.0014159717887061163,0.0029279961270489707,13.813194903498706,13.816122899625755,False
413.10000000002543,29.998822312433198,29.998822312433198,0.0011776875668019215,0.0024501967597245766,13.813247719978369,13.815697916738094,False
413.60000000002555,29.999057525160953,29.999057525160953,0.0009424748390465254,0.0019785442723048163,13.813291054264287,13.815269598536592,False
414.10000000002566,29.999289676293238,29.999289676293238,0.0007103237067624946,0.0015130189802690097,13.813325029058747,13.814838048039016,False
414.6000000000258,29.999518776007687,29.999518776007687,0.0004812239923133177,0.0010536006390893249,13.813349766663611,13.8144033673027,False
415.1000000000259,29.999744834755756,29.999744834755756,0.0002551652442441821,0.000600268454569175,13.813365388969236,13.813965657423806,False
415.600000000026,29.999967863257577,29.999967863257577,3.213674242275033e-05,0.00015300109310345533,13.81337201744361,13.813525018536714,False
416.1000000000261,30.000187872496873,30.000187872496873,-0.0001878724968733536,-0.00028822330813937924,13.813369773121671,13.813081549813532,False
416.6000000000262,30.000404873715897,30.000404873715897,-0.0004048737158974802,-0.0007234271310565532,13.813358776594873,13.812635349463816,False
417.10000000002634,30.000618878410435,30.000618878410435,-0.0006188784104352862,-0.0011526332665994232,13.813339148000892,13.812186514734293,False
417.60000000002645,30.000829898324795,30.000829898324795,-0.0008298983247954084,-0.0015758651047761418,13.813311007013588,13.811735141908812,False
418.10000000002657,30.001037945446857,30.001037945446857,-0.0010379454468569804,-0.001993146524704059,13.813274472833129,13.811281326308425,False
418.6000000000267,30.001243032003153,30.001243032003153,-0.0012430320031526776,-0.0024045018847758115,13.813229664176346,13.81082516229157,False
419.1000000000268,30.00144517045399,30.00144517045399,-0.0014451704539908405,-0.0028099560128680423,13.813176699267238,13.81036674325437,False
419.6000000000269,30.001644373488585,30.001644373488585,-0.001644373488584705,-0.003209534196628283,13.813115695827724,13.809906161631096,False
420.100000000027,30.001840654020263,30.001840654020263,-0.0018406540202633437,-0.003603262173825783,13.813046771068546,13.80944350889472,False
420.60000000002714,30.00203402518167,30.00203402518167,-0.0020340251816683974,-0.003991166122787604,13.812970041680396,13.808978875557608,False
421.10000000002725,30.00222450032002,30.00222450032002,-0.0022245003200183078,-0.0043732726528702415,13.812885623825212,13.808512351172341,False
421.60000000002736,30.0024120929924,30.0024120929924,-0.0024120929924009715,-0.004749608795059146,13.812793633127663,13.808044024332604,False
422.1000000000275,30.002596816961095,30.002596816961095,-0.0025968169610948166,-0.005120201992575346,13.812694184666837,13.807573982674262,False
422.6000000000276,30.00277868618893,30.00277868618893,-0.0027786861889289582,-0.005485080091588657,13.812587392968114,13.807102312876525,False
423.1000000000277,30.002957714834668,30.002957714834668,-0.0029577148346682236,-0.0058442713319948325,13.81247337199521,13.806629100663216,False
423.6000000000278,30.00313391724848,30.00313391724848,-0.0031339172484798894,-0.0061978043382993064,13.81235223514241,13.80615443080411,False
424.10000000002793,30.003307307967372,30.003307307967372,-0.0033073079673719974,-0.00654570811049382,13.81222409522699,13.805678387116496,False
424.60000000002805,30.003477901710706,30.003477901710706,-0.003477901710706277,-0.006888012015082268,13.812089064481809,13.805201052466726,False
425.10000000002816,30.003645713375743,30.003645713375743,-0.0036457133757430427,-0.0072247457761349665,13.8119472545481,13.804722508771965,False
425.6000000000283,30.003810758033218,30.003810758033218,-0.0038107580332180646,-0.007555939466435291,13.811798776468413,13.804242837001977,False
426.1000000000284,30.00397305092296,30.00397305092296,-0.003973050922958521,-0.007881623498697365,13.811643740679745,13.803762117181048,False
426.6000000000285,30.004132607449524,30.004132607449524,-0.004132607449523817,-0.0082018286168406,13.811482257006853,13.803280428390012,False
427.1000000000286,30.00428944317791,30.00428944317791,-0.004289443177910357,-0.008516585887370809,13.811314434655726,13.802797848768355,False
427.60000000002873,30.004443573829267,30.004443573829267,-0.004443573829266967,-0.008825926690811059,13.811140382207247,13.802314455516436,False
428.10000000002884,30.004595015276657,30.004595015276657,-0.004595015276656511,-0.009129882713182269,13.810960207611016,13.801830324897834,False
428.60000000002896,30.00474378354085,30.00474378354085,-0.004743783540849478,-0.009428485937625908,13.810774018179316,13.80134553224169,False
429.10000000002907,30.004889894786164,30.004889894786164,-0.004889894786163751,-0.009721768636012484,13.810581920581301,13.800860151945288,False
429.6000000000292,30.005033365316347,30.005033365316347,-0.005033365316347016,-0.01000976336072057,13.810384020837308,13.800374257476587,False
430.1000000000293,30.005174211570473,30.005174211570473,-0.005174211570473375,-0.010292502936430026,13.810180424313339,13.799887921376909,False
430.6000000000294,30.00531245011888,30.00531245011888,-0.005312450118879042,-0.010570020451936557,13.809971235715732,13.799401215263796,False
431.1000000000295,30.005448097659187,30.005448097659187,-0.005448097659186857,-0.010842349252229155,13.80975655908595,13.79891420983372,False
431.60000000002964,30.005581171012288,30.005581171012288,-0.005581171012288166,-0.01110952293039702,13.809536497795566,13.79842697486517,False
432.10000000002975,30.005711687118417,30.005711687118417,-0.005711687118417075,-0.011371575319813587,13.80931115454141,13.797939579221596,False
432.60000000002987,30.00583966303325,30.00583966303325,-0.005839663033249565,-0.011628540486270822,13.809080631340827,13.797452090854556,False
433.10000000003,30.00596511592403,30.00596511592403,-0.005965115924031039,-0.011880452720241408,13.808845029527143,13.796964576806902,False
433.6000000000301,30.006088063065743,30.006088063065743,-0.0060880630657429435,-0.012127346529204885,13.808604449745264,13.79647710321606,False
434.1000000000302,30.006208521837326,30.006208521837326,-0.006208521837326231,-0.012369256630073266,13.808358991947411,13.795989735317338,False
434.6000000000303,30.00632650971791,30.00632650971791,-0.00632650971790838,-0.012606217941602438,13.808108755389043,13.79550253744744,False
435.10000000003043,30.006442044283098,30.006442044283098,-0.006442044283097914,-0.012838265577030938,13.807853838624888,13.795015573047857,False
435.60000000003055,30.006555143201304,30.006555143201304,-0.0065551432013037925,-0.013065434836626366,13.807594339505163,13.794528904668537,False
436.10000000003066,30.006665824230094,30.006665824230094,-0.006665824230093875,-0.013287761200444947,13.807330355171903,13.794042593971458,False
436.6000000000308,30.00677410521258,30.00677410521258,-0.006774105212578263,-0.01350528032106979,13.807061982055465,13.793556701734396,False
437.1000000000309,30.006880004073853,30.006880004073853,-0.00688000407385303,-0.013718028016448613,13.806789315871157,13.793071287854708,False
437.600000000031,30.006983538817472,30.006983538817472,-0.006983538817472379,-0.013926040262887796,13.806512451616008,13.79258641135312,False
438.1000000000311,30.007084727521946,30.007084727521946,-0.007084727521945666,-0.014129353187968263,13.806231483565712,13.792102130377744,False
438.60000000003123,30.007183588337288,30.007183588337288,-0.007183588337287716,-0.014328003063667438,13.805946505271654,13.791618502207987,False
439.10000000003134,30.007280139481598,30.007280139481598,-0.007280139481597558,-0.014522026299495394,13.805657609558125,13.79113558325863,False
439.60000000003146,30.00737439923768,30.00737439923768,-0.007374399237679796,-0.014711459435716279,13.805364888519637,13.790653429083921,False
440.10000000003157,30.00746638594969,30.00746638594969,-0.007466385949690846,-0.014896339136633685,13.805068433518409,13.790172094381775,False
440.6000000000317,30.007556118019853,30.007556118019853,-0.007556118019852676,-0.01507670218398971,13.804768335181944,13.789691632997954,False
441.1000000000318,30.007643613905156,30.007643613905156,-0.007643613905155888,-0.015252585470378222,13.804464683400779,13.7892120979304,False
441.6000000000319,30.00772889211415,30.00772889211415,-0.00772889211415162,-0.015424025992793133,13.804157567326328,13.788733541333535,False
442.100000000032,30.007811971203726,30.007811971203726,-0.007811971203725676,-0.015591060846176674,13.803847075368884,13.788256014522707,False
442.60000000003214,30.007892869775965,30.007892869775965,-0.007892869775965039,-0.015753727217131086,13.80353329519573,13.7877795679786,False
443.10000000003225,30.00797160647503,30.00797160647503,-0.007971606475031479,-0.015912062377637426,13.803216313729381,13.787304251351744,False
443.60000000003237,30.008048199984056,30.008048199984056,-0.008048199984056481,-0.01606610367886674,13.802896217145959,13.786830113467092,False
444.1000000000325,30.00812266902211,30.00812266902211,-0.008122669022110784,-0.016215888545062285,13.802573090873667,13.786357202328604,False
444.6000000000326,30.00819503234119,30.00819503234119,-0.008195032341191677,-0.016361454467535452,13.802247019591409,13.785885565123873,False
445.1000000000327,30.008265308723228,30.008265308723228,-0.00826530872322806,-0.016502838998640357,13.80191808722753,13.78541524822889,False
445.6000000000328,30.008333516977153,30.008333516977153,-0.00833351697715301,-0.016640079745911862,13.80158637695865,13.784946297212738,False
446.10000000003294,30.008399675936,30.008399675936,-0.008399675936001216,-0.016773214366232025,13.801251971208632,13.7844787568424,False
446.60000000003305,30.008463804454035,30.008463804454035,-0.008463804454034829,-0.016902280560096017,13.800914951647679,13.784012671087583,False
447.10000000003316,30.008525921403916,30.008525921403916,-0.008525921403915504,-0.017027316065913567,13.800575399191512,13.783548083125599,False
447.6000000000333,30.008586045673898,30.008586045673898,-0.008586045673897758,-0.017148358654402784,13.800233394000696,13.783085035346293,False
448.1000000000334,30.00864419616509,30.00864419616509,-0.008644196165089824,-0.01726544612308345,13.799889015480039,13.782623569356955,False
448.6000000000335,30.0087003917887,30.0087003917887,-0.008700391788700301,-0.017378616290748994,13.799542342278148,13.782163725987399,False
449.1000000000336,30.008754651463384,30.008754651463384,-0.008754651463384278,-0.017487906992172952,13.799193452287046,13.781705545294873,False
449.60000000003373,30.008806994112557,30.008806994112557,-0.008806994112557476,-0.017593356072694633,13.79884242264192,13.781249066569226,False
450.10000000003384,30.008857438661785,30.008857438661785,-0.008857438661785011,-0.017695001383003728,13.79848932972099,13.780794328337986,False
450.60000000003396,30.008906004036216,30.008906004036216,-0.00890600403621633,-0.017792880773974673,13.798134249145447,13.780341368371472,False
451.1000000000341,30.00895270915802,30.00895270915802,-0.008952709158020156,-0.01788703209154363,13.797777255779511,13.779890223687968,False
451.6000000000342,30.008997572943866,30.008997572943866,-0.008997572943865606,-0.017977493171642323,13.797418423730601,13.779440930558959,False
452.1000000000343,30.00904061430247,30.00904061430247,-0.009040614302470829,-0.01806430183528107,13.797057826349587,13.778993524514306,False
452.6000000000344,30.009081852132134,30.009081852132134,-0.00908185213213386,-0.018147495883624742,13.796695536231146,13.778548040347522,False
453.1000000000345,30.00912130531832,30.00912130531832,-0.009121305318320339,-0.018227113093097103,13.796331625214226,13.778104512121129,False
453.60000000003464,30.009158992731322,30.009158992731322,-0.009158992731322257,-0.018303191210748082,13.795966164382586,13.777662973171838,False
454.10000000003475,30.009194933223874,30.009194933223874,-0.009194933223874102,-0.01837576794942919,13.795599224065448,13.777223456116019,False
454.60000000003487,30.009229145628886,30.009229145628886,-0.009229145628886215,-0.018444880983267353,13.795230873838243,13.776785992854975,False
455.100000000035,30.009261648757143,30.009261648757143,-0.009261648757142638,-0.018510567943032186,13.794861182523423,13.776350614580391,False
455.6000000000351,30.009292461395074,30.009292461395074,-0.009292461395073559,-0.018572866411680877,13.794490218191395,13.775917351779714,False
456.1000000000352,30.00932160230256,30.00932160230256,-0.00932160230255974,-0.018631813919945728,13.794118048161522,13.775486234241576,False
456.6000000000353,30.009349090210737,30.009349090210737,-0.009349090210736932,-0.018687447941942992,13.79374473900323,13.775057291061287,False
457.10000000003544,30.00937494381989,30.00937494381989,-0.009374943819889126,-0.018739805890916728,13.793370356537181,13.774630550646265,False
457.60000000003555,30.009399181797306,30.009399181797306,-0.009399181797306255,-0.018788925114982646,13.792994965836558,13.774206040721575,False
458.10000000003566,30.009421822775256,30.009421822775256,-0.009421822775255606,-0.018834842893006964,13.792618631228395,13.773783788335388,False
458.6000000000358,30.009442885348903,30.009442885348903,-0.009442885348903474,-0.01887759643049236,13.792241416295024,13.773363819864532,False
459.1000000000359,30.009462388074326,30.009462388074326,-0.009462388074325645,-0.018917222855542093,13.791863383875594,13.772946161020052,False
459.600000000036,30.00948034946654,30.00948034946654,-0.009480349466539195,-0.018953759214923593,13.79148459606766,13.772530836852736,False
460.1000000000361,30.009496787997552,30.009496787997552,-0.009496787997552047,-0.018987242470167587,13.791105114228856,13.772117871758688,False
460.60000000003623,30.00951172209445,30.00951172209445,-0.009511722094451613,-0.01901770949371695,13.790724998978652,13.771707289484935,False
461.10000000003635,30.009525170137533,30.009525170137533,-0.009525170137532513,-0.019045197065175046,13.790344310200174,13.771299113134999,False
461.60000000003646,30.009537150458446,30.009537150458446,-0.009537150458445609,-0.01906974186759669,13.789963107042109,13.770893365174512,False
462.1000000000366,30.00954768133838,30.00954768133838,-0.009547681338379022,-0.019091380483828857,13.789581447920675,13.770490067436846,False
462.6000000000367,30.009556781006296,30.009556781006296,-0.009556781006295978,-0.01911014939296507,13.789199390521686,13.770089241128721,False
463.1000000000368,30.00956446763717,30.00956446763717,-0.009564467637169116,-0.01912608496683532,13.788816991802644,13.769690906835809,False
463.6000000000369,30.009570759350247,30.009570759350247,-0.00957075935024676,-0.019139223466488886,13.788434307994944,13.769295084528455,False
464.100000000037,30.00957567420739,30.00957567420739,-0.00957567420739025,-0.019149601038876085,13.788051394606121,13.768901793567245,False
464.60000000003714,30.00957923021139,30.00957923021139,-0.009579230211389955,-0.019157253713466105,13.787668306422175,13.768511052708709,False
465.10000000003726,30.00958144530436,30.00958144530436,-0.009581445304359448,-0.019162217399014025,13.78728509750996,13.768122880110946,False
465.60000000003737,30.009582337366115,30.009582337366115,-0.009582337366115468,-0.019164527880327853,13.786901821219642,13.767737293339314,False
466.1000000000375,30.009581924212622,30.009581924212622,-0.009581924212621828,-0.019164220815120814,13.786518530187202,13.767354309372081,False
466.6000000000376,30.009580223594444,30.009580223594444,-0.009580223594443993,-0.0191613317309276,13.786135276337037,13.766973944606109,False
467.1000000000377,30.009577253195257,30.009577253195257,-0.00957725319525693,-0.019155896022091667,13.785752110884571,13.76659621486248,False
467.6000000000378,30.00957303063033,30.00957303063033,-0.009573030630331658,-0.019147948946752535,13.785369084338983,13.76622113539223,False
468.10000000003794,30.009567573445118,30.009567573445118,-0.009567573445117716,-0.019137525623968088,13.784986246505948,13.76584872088198,False
468.60000000003805,30.009560899113826,30.009560899113826,-0.009560899113825627,-0.01912466103087951,13.784603646490462,13.765478985459582,False
469.10000000003816,30.00955302503799,30.00955302503799,-0.009553025037991603,-0.019109389999847792,13.784221332699708,13.76511194269986,False
469.6000000000383,30.009543968545167,30.009543968545167,-0.009543968545166592,-0.019091747215782107,13.78383935284599,13.764747605630207,False
470.1000000000384,30.00953374688754,30.00953374688754,-0.009533746887541383,-0.01907176721341841,13.783457753949705,13.764385986736286,False
470.6000000000385,30.009522377240664,30.009522377240664,-0.00952237724066407,-0.019049484374725978,13.783076582342389,13.764027097967663,False
471.1000000000386,30.009509876702154,30.009509876702154,-0.009509876702153974,-0.019024932926306803,13.7826958836698,13.763670950743494,False
471.60000000003873,30.009496262290448,30.009496262290448,-0.009496262290447532,-0.018998146936901605,13.782315702895058,13.763317555958157,False
472.10000000003885,30.009481550943573,30.009481550943573,-0.009481550943572614,-0.01896916031493845,13.781936084301815,13.762966923986877,False
472.60000000003896,30.00946575951797,30.00946575951797,-0.009465759517969019,-0.018938006806102692,13.781557071497518,13.762619064691416,False
473.1000000000391,30.009448904787288,30.009448904787288,-0.00944890478728766,-0.018904719991006402,13.781178707416672,13.762273987425665,False
473.6000000000392,30.0094310034413,30.0094310034413,-0.009431003441299879,-0.01886933328292173,13.780801034324162,13.76193170104124,False
474.1000000000393,30.00941207208473,30.00941207208473,-0.009412072084728607,-0.018831879925492956,13.780424093818661,13.761592213893168,False
474.6000000000394,30.009392127236193,30.009392127236193,-0.009392127236193204,-0.01879239299056934,13.780047926836017,13.761255533845448,False
475.10000000003953,30.009371185327144,30.009371185327144,-0.00937118532714365,-0.018750905376080595,13.779672573652721,13.76092166827664,False
475.60000000003964,30.009349262700816,30.009349262700816,-0.009349262700816041,-0.018707449803955,13.779298073889422,13.760590624085467,False
476.10000000003976,30.009326375611227,30.009326375611227,-0.009326375611227178,-0.018662058818073035,13.778924466514457,13.760262407696384,False
476.60000000003987,30.009302540222187,30.009302540222187,-0.009302540222186906,-0.018614764782284965,13.778551789847445,13.75993702506516,False
477.10000000004,30.009277772606353,30.009277772606353,-0.009277772606353096,-0.018565599878527905,13.77818008156291,13.759614481684382,False
477.6000000000401,30.009252088744276,30.009252088744276,-0.009252088744275966,-0.018514596104878933,13.777809378693938,13.759294782589059,False
478.1000000000402,30.009225504523524,30.009225504523524,-0.009225504523524108,-0.018461785273828468,13.777439717635874,13.758977932362045,False
478.6000000000403,30.009198035737757,30.009198035737757,-0.009198035737757237,-0.018407199010383124,13.777071134150072,13.758663935139689,False
479.10000000004044,30.009169698085902,30.009169698085902,-0.009169698085901956,-0.01835086875043146,13.776703663367643,13.758352794617212,False
479.60000000004055,30.00914050717131,30.00914050717131,-0.009140507171309764,-0.018292825739038676,13.776337339793267,13.758044514054228,False
480.10000000004067,30.009110478500936,30.009110478500936,-0.009110478500936381,-0.01823310102879816,13.775972197309034,13.757739096280236,False
480.6000000000408,30.00907962748457,30.00907962748457,-0.009079627484570807,-0.01817172547827539,13.775608269178308,13.757436543700033,False
481.1000000000409,30.009047969434054,30.009047969434054,-0.009047969434053726,-0.018108729750458963,13.775245588049623,13.757136858299164,False
481.600000000041,30.009015519562563,30.009015519562563,-0.009015519562563412,-0.01804414431128265,13.774884185960616,13.756840041649333,False
482.1000000000411,30.008982292983884,30.008982292983884,-0.008982292983883866,-0.01797799942818301,13.774524094341992,13.756546094913809,False
482.60000000004123,30.008948304711716,30.008948304711716,-0.008948304711715593,-0.017910325168699615,13.774165344021492,13.756255018852793,False
483.10000000004135,30.008913569659008,30.008913569659008,-0.008913569659007692,-0.017841151399146327,13.773807965227927,13.755966813828781,False
483.60000000004146,30.008878102637315,30.008878102637315,-0.00887810263731481,-0.017770507783282596,13.773451987595209,13.755681479811926,False
484.1000000000416,30.00884191835616,30.00884191835616,-0.008841918356161216,-0.017698423781070005,13.773097440166417,13.755399016385347,False
484.6000000000417,30.008805031422455,30.008805031422455,-0.00880503142245459,-0.017624928647464344,13.772744351397888,13.755119422750424,False
485.1000000000418,30.0087674563399,30.0087674563399,-0.008767456339899837,-0.01755005143124322,13.772392749163334,13.75484269773209,False
485.6000000000419,30.008729207508434,30.008729207508434,-0.0087292075084342,-0.017473820973890497,13.772042660757979,13.754568839784088,False
486.10000000004203,30.008690299223694,30.008690299223694,-0.008690299223694353,-0.01739626590845944,13.771694112902715,13.754297846994255,False
486.60000000004214,30.00865074567651,30.00865074567651,-0.008650745676508365,-0.01731741465863479,13.771347131748282,13.754029717089647,False
487.10000000004226,30.0086105609524,30.0086105609524,-0.008610560952398316,-0.017237295437638522,13.771001742879474,13.753764447441835,False
487.60000000004237,30.008569759031097,30.008569759031097,-0.008569759031097135,-0.017155936247341685,13.77065797131935,13.753502035072009,False
488.1000000000425,30.008528353786108,30.008528353786108,-0.008528353786108056,-0.017073364877305153,13.77031584153348,13.753242476656174,False
488.6000000000426,30.008486358984275,30.008486358984275,-0.008486358984274744,-0.016989608903948294,13.7699753774342,13.752985768530252,False
489.1000000000427,30.008443788285355,30.008443788285355,-0.00844378828535497,-0.01690469568968922,13.76963660238489,13.752731906695201,False
489.6000000000428,30.008400655241637,30.008400655241637,-0.008400655241636912,-0.01681865238214897,13.769299539204246,13.752480886822097,False
490.10000000004294,30.008356973297573,30.008356973297573,-0.008356973297573234,-0.01673150591342676,13.768964210170607,13.75223270425718,False
490.60000000004305,30.00831275578942,30.00831275578942,-0.008312755789418702,-0.01664328299936102,13.76863063702626,13.751987354026898,False
491.10000000004317,30.008268015944914,30.008268015944914,-0.008268015944913998,-0.016554010138897013,13.768298840981773,13.751744830842876,False
491.6000000000433,30.008222766882945,30.008222766882945,-0.008222766882944654,-0.016463713613390496,13.767968842720352,13.751505129106961,False
492.1000000000434,30.008177021613264,30.008177021613264,-0.008177021613263946,-0.016372419486046397,13.767640662402188,13.751268242916142,False
492.6000000000435,30.00813079303622,30.00813079303622,-0.00813079303621933,-0.01628015360136459,13.767314319668838,13.751034166067473,False
493.1000000000436,30.008084093942486,30.008084093942486,-0.008084093942485993,-0.01618694158461409,13.766989833647587,13.750802892062973,False
493.60000000004374,30.008036937012832,30.008036937012832,-0.008036937012832368,-0.016092808841314366,13.766667222955869,13.750574414114555,False
494.10000000004385,30.007989334817903,30.007989334817903,-0.007989334817903426,-0.015997780556851637,13.766346505705629,13.750348725148777,False
494.60000000004396,30.007941299818004,30.007941299818004,-0.007941299818003955,-0.015901881695995712,13.76602769950776,13.750125817811764,False
495.1000000000441,30.007892844362924,30.007892844362924,-0.007892844362924478,-0.015805137002566028,13.76571082147651,13.749905684473944,False
495.6000000000442,30.007843980691764,30.007843980691764,-0.007843980691763619,-0.015707570999055065,13.765395888233913,13.749688317234858,False
496.1000000000443,30.007794720932797,30.007794720932797,-0.0077947209327966505,-0.015609207986372553,13.765082915914197,13.749473707927825,False
496.6000000000444,30.00774507710331,30.00774507710331,-0.0077450771033085175,-0.015510072043497303,13.764771920168245,13.749261848124748,False
497.10000000004453,30.007695061109505,30.007695061109505,-0.007695061109505019,-0.015410187027299571,13.764462916168027,13.749052729140727,False
497.60000000004464,30.007644684746403,30.007644684746403,-0.007644684746402675,-0.015309576572285266,13.764155918611035,13.74884634203875,False
498.10000000004476,30.007593959697747,30.007593959697747,-0.00759395969774701,-0.015208264090489365,13.763850941724742,13.748642677634253,False
498.6000000000449,30.007542897535938,30.007542897535938,-0.0075428975359379535,-0.015106272771241436,13.763547999271063,13.748441726499822,False
499.100000000045,30.007491509721973,30.007491509721973,-0.007491509721972989,-0.015003625581108793,13.76324710455079,13.74824347896968,False
499.6000000000451,30.007439807605433,30.007439807605433,-0.0074398076054329465,-0.014900345263825443,13.762948270408051,13.748047925144226,False
500.1000000000452,30.00738780242444,30.00738780242444,-0.007387802424439371,-0.014796454340221032,13.762651509234791,13.74785505489457,False
500.6000000000453,30.00733550530566,30.00733550530566,-0.007335505305661627,-0.01469197510821374,13.762356832975204,13.74766485786699,False
501.10000000004544,30.007282927264313,30.007282927264313,-0.007282927264313344,-0.01458692964280317,13.762064253130202,13.747477323487399,False
501.60000000004555,30.00723007920419,30.00723007920419,-0.007230079204191497,-0.014481339796155623,13.761773780761864,13.747292440965708,False
502.10000000004567,30.007176971917705,30.007176971917705,-0.007176971917704833,-0.014375227197632512,13.761485426497913,13.74711019930028,False
502.6000000000458,30.007123616085934,30.007123616085934,-0.007123616085934259,-0.01426861325391826,13.761199200536149,13.74693058728223,False
503.1000000000459,30.0070700222787,30.0070700222787,-0.00707002227870035,-0.0141615191491411,13.760915112648904,13.746753593499763,False
503.600000000046,30.007016200954638,30.007016200954638,-0.007016200954637952,-0.014053965845029381,13.760633172187509,13.74657920634248,False
504.1000000000461,30.0069621624613,30.0069621624613,-0.006962162461299215,-0.013945974081110535,13.760353388086719,13.746407414005608,False
504.60000000004624,30.006907917035257,30.006907917035257,-0.006907917035256617,-0.013837564374902911,13.760075768869164,13.746238204494261,False
505.10000000004635,30.006853474802238,30.006853474802238,-0.006853474802237969,-0.013728757022171578,13.75980032264979,13.746071565627618,False
505.60000000004646,30.00679884577725,30.00679884577725,-0.0067988457772507616,-0.013619572097205435,13.759527057140279,13.745907485043073,False
506.1000000000466,30.00674403986474,30.00674403986474,-0.0067440398647384825,-0.013510029453080108,13.759255979653485,13.745745950200405,False
506.6000000000467,30.00668906685874,30.00668906685874,-0.006689066858740489,-0.013400148722020333,13.758987097107852,13.745586948385832,False
507.1000000000468,30.006633936443066,30.006633936443066,-0.006633936443066091,-0.013289949315705485,13.758720416031826,13.74543046671612,False
507.6000000000469,30.006578658191483,30.006578658191483,-0.006578658191482845,-0.013179450425646166,13.75845594256826,13.745276492142613,False
508.10000000004703,30.00652324156792,30.00652324156792,-0.006523241567919058,-0.01306867102361764,13.758193682478819,13.745125011455201,False
508.60000000004715,30.00646769592667,30.00646769592667,-0.0064676959266698475,-0.012957629862015096,13.75793364114836,13.744976011286345,False
509.10000000004726,30.006412030512628,30.006412030512628,-0.006412030512628064,-0.01284634547435104,13.757675823589327,13.744829478114976,False
509.6000000000474,30.00635625446152,30.00635625446152,-0.006356254461518773,-0.01273483617571003,13.757420234446109,13.744685398270398,False
510.1000000000475,30.006300376800137,30.006300376800137,-0.006300376800137286,-0.01262312006320343,13.75716687799941,13.744543757936206,False
510.6000000000476,30.00624440644662,30.00624440644662,-0.006244406446619166,-0.012511215016537847,13.756915758170607,13.744404543154069,False
511.1000000000477,30.006188352210703,30.006188352210703,-0.00618835221070313,-0.012399138698491186,13.756666878526078,13.744267739827587,False
511.6000000000478,30.006132222794022,30.006132222794022,-0.006132222794022368,-0.012286908555537934,13.75642024228155,13.744133333726012,False
512.1000000000479,30.006076026790378,30.006076026790378,-0.0060760267903781084,-0.012174541818353646,13.756175852306411,13.744001310488057,False
512.600000000048,30.00601977268605,30.00601977268605,-0.006019772686048697,-0.012062055502461533,13.755933711128012,13.74387165562555,False
513.1000000000481,30.005963468860116,30.005963468860116,-0.00596346886011645,-0.011949466408857745,13.755693820935972,13.743744354527115,False
513.6000000000482,30.005907123584766,30.005907123584766,-0.005907123584766083,-0.011836791124615331,13.755456183586464,13.743619392461849,False
514.1000000000483,30.00585074502564,30.00585074502564,-0.005850745025639981,-0.011724046023573464,13.755220800606466,13.743496754582893,False
514.6000000000485,30.00579434124216,30.00579434124216,-0.005794341242161494,-0.01161124726702667,13.754987673198048,13.743376425931022,False
515.1000000000486,30.005737920187904,30.005737920187904,-0.005737920187904422,-0.011498410804385628,13.754756802242582,13.743258391438196,False
515.6000000000487,30.005681489710938,30.005681489710938,-0.005681489710937626,-0.011385552373951668,13.754528188304997,13.743142635931045,False
516.1000000000488,30.005625057554216,30.005625057554216,-0.005625057554215829,-0.011272687503605994,13.754301831637974,13.743029144134368,False
516.6000000000489,30.005568631355942,30.005568631355942,-0.005568631355941989,-0.011159831511591278,13.754077732186161,13.74291790067457,False
517.100000000049,30.00551221864996,30.00551221864996,-0.005512218649961653,-0.011046999507293265,13.753855889590346,13.742808890083053,False
517.6000000000491,30.005455826866175,30.005455826866175,-0.005455826866175073,-0.01093420639200815,13.75363630319162,13.742702096799611,False
518.1000000000492,30.00539946333092,30.00539946333092,-0.005399463330920895,-0.010821466859788131,13.753418972035549,13.74259750517576,False
518.6000000000494,30.0053431352674,30.0053431352674,-0.005343135267398935,-0.010708795398208792,13.75320389487629,13.74249509947808,False
519.1000000000495,30.005286849796107,30.005286849796107,-0.0052868497961071625,-0.010596206289285703,13.752991070180718,13.742394863891432,False
519.6000000000496,30.005230613935257,30.005230613935257,-0.005230613935257367,-0.01048371361028444,13.752780496132528,13.742296782522244,False
520.1000000000497,30.00517443460122,30.00517443460122,-0.005174434601219247,-0.01037133123460876,13.752572170636311,13.742200839401702,False
520.6000000000498,30.005118318608982,30.005118318608982,-0.005118318608982264,-0.010259072832724314,13.752366091321633,13.742107018488909,False
521.1000000000499,30.005062272672582,30.005062272672582,-0.005062272672581969,-0.010146951873004184,13.752162255547077,13.742015303674073,False
521.60000000005,30.005006303405583,30.005006303405583,-0.005006303405583168,-0.010034981622688122,13.75196066040427,13.741925678781582,False
522.1000000000502,30.004950417321545,30.004950417321545,-0.004950417321545331,-0.009923175148827568,13.751761302721896,13.741838127573068,False
522.6000000000503,30.00489462083449,30.00489462083449,-0.004894620834491548,-0.009811545319202253,13.7515641790697,13.741752633750497,False
523.1000000000504,30.00483892025941,30.00483892025941,-0.004838920259409463,-0.009700104803329168,13.751369285762443,13.741669180959114,False
523.6000000000505,30.004783321812724,30.004783321812724,-0.004783321812723784,-0.009588866073400482,13.751176618863871,13.74158775279047,False
524.1000000000506,30.004727831612804,30.004727831612804,-0.004727831612804323,-0.009477841405292509,13.750986174190642,13.741508332785349,False
524.6000000000507,30.004672455680467,30.004672455680467,-0.004672455680466925,-0.009367042879588894,13.75079794731624,13.741430904436651,False
525.1000000000508,30.004617199939478,30.004617199939478,-0.004617199939477956,-0.009256482382546949,13.75061193357487,13.741355451192323,False
525.600000000051,30.004562070217077,30.004562070217077,-0.004562070217076553,-0.009146171607184783,13.750428128065336,13.74128195645815,False
526.1000000000511,30.004507072244504,30.004507072244504,-0.0045070722445039735,-0.009036122054290274,13.750246525654887,13.741210403600597,False
526.6000000000512,30.00445221165751,30.00445221165751,-0.00445221165751164,-0.008926345033479777,13.75006712098305,13.741140775949571,False
527.1000000000513,30.00439749399692,30.00439749399692,-0.004397493996918911,-0.008816851664285252,13.749889908465452,13.741073056801167,False
527.6000000000514,30.004342924709132,30.004342924709132,-0.004342924709131779,-0.008707652877191663,13.74971488229759,13.741007229420399,False
528.1000000000515,30.0042885091467,30.0042885091467,-0.0042885091467006475,-0.008598759414752521,13.749542036458614,13.740943277043861,False
528.6000000000516,30.004234252568864,30.004234252568864,-0.004234252568863894,-0.00849018183268413,13.749371364715063,13.74088118288238,False
529.1000000000518,30.004180160142102,30.004180160142102,-0.004180160142102096,-0.008381930500959811,13.749202860624596,13.740820930123636,False
529.6000000000519,30.004126236940714,30.004126236940714,-0.004126236940713568,-0.008274015604953888,13.74903651753968,13.740762501934727,False
530.100000000052,30.00407248794736,30.00407248794736,-0.0040724879473614806,-0.008166447146571443,13.74887232861129,13.740705881464718,False
530.6000000000521,30.00401891805365,30.00401891805365,-0.004018918053649401,-0.008059234945335447,13.748710286792548,13.740651051847212,False
531.1000000000522,30.003965532060693,30.003965532060693,-0.003965532060693278,-0.007952388639594687,13.748550384842362,13.740597996202768,False
531.6000000000523,30.003912334679708,30.003912334679708,-0.003912334679707641,-0.007845917687632209,13.74839261532904,13.740546697641408,False
532.1000000000524,30.00385933053258,30.00385933053258,-0.00385933053258114,-0.007739831368866135,13.74823697063386,13.740497139264994,False
532.6000000000525,30.003806524152463,30.003806524152463,-0.0038065241524627424,-0.007634138785000744,13.748083442954657,13.740449304169656,False
533.1000000000527,30.003753919984373,30.003753919984373,-0.0037539199843728,-0.007528848861227289,13.747932024309348,13.74040317544812,False
533.6000000000528,30.003701522385764,30.003701522385764,-0.0037015223857643775,-0.007423970347389286,13.747782706539459,13.74035873619207,False
534.1000000000529,30.003649335627152,30.003649335627152,-0.003649335627152084,-0.0073195118191904385,13.747635481313598,13.740315969494407,False
534.600000000053,30.0035973638927,30.0035973638927,-0.0035973638926982687,-0.007215481679402558,13.747490340130952,13.74027485845155,False
535.1000000000531,30.00354561128082,30.00354561128082,-0.0035456112808205376,-0.007111888159059276,13.747347274324698,13.740235386165638,False
535.6000000000532,30.003494081804806,30.003494081804806,-0.0034940818048063704,-0.007008739318692392,13.747206275065452,13.74019753574676,False
536.1000000000533,30.003442779393428,30.003442779393428,-0.0034427793934277418,-0.006906043049554,13.74706733336465,13.740161290315095,False
536.6000000000535,30.003391707891545,30.003391707891545,-0.0033917078915450816,-0.0068038070748244195,13.74693044007792,13.740126633003095,False
537.1000000000536,30.00334087106074,30.00334087106074,-0.0033408710607396586,-0.006702038950884059,13.746795585908435,13.740093546957551,False
537.6000000000537,30.003290272579918,30.003290272579918,-0.0032902725799175414,-0.0066007460685142405,13.74666276141022,13.740062015341707,False
538.1000000000538,30.003239916045963,30.003239916045963,-0.003239916045963298,-0.006499935654190381,13.746531956991468,13.740032021337278,False
538.6000000000539,30.003189804974333,30.003189804974333,-0.003189804974333299,-0.00639961477130413,13.746403162917797,13.740003548146493,False
539.100000000054,30.003139942799702,30.003139942799702,-0.003139942799702311,-0.006299790321406817,13.7462763693155,13.739976578994094,False
539.6000000000541,30.003090332876596,30.003090332876596,-0.0030903328765958804,-0.006200469045509749,13.746151566174776,13.739951097129266,False
540.1000000000543,30.00304097848002,30.00304097848002,-0.003040978480019163,-0.006101657525334758,13.746028743352904,13.739927085827569,False
540.6000000000544,30.00299188280609,30.00299188280609,-0.0029918828060893077,-0.0060033621845647644,13.745907890577433,13.739904528392868,False
541.1000000000545,30.002943048972696,30.002943048972696,-0.0029430489726962605,-0.005905589290172486,13.745788997449322,13.73988340815915,False
541.6000000000546,30.002894480020114,30.002894480020114,-0.002894480020113832,-0.00580834495364968,13.745672053446063,13.739863708492413,False
542.1000000000547,30.002846178911653,30.002846178911653,-0.0028461789116533964,-0.005711635132293225,13.745557047924759,13.739845412792466,False
542.6000000000548,30.00279814853431,30.00279814853431,-0.002798148534310485,-0.005615465630526728,13.745443970125212,13.739828504494685,False
543.1000000000549,30.002750391699408,30.002750391699408,-0.002750391699407828,-0.0055198421011510845,13.745332809172956,13.739812967071805,False
543.600000000055,30.00270291114323,30.00270291114323,-0.0027029111432312902,-0.005424770046658978,13.745223554082274,13.739798784035615,False
544.1000000000552,30.002655709527705,30.002655709527705,-0.002655709527704886,-0.0053302548205422795,13.745116193759184,13.739785938938642,False
544.6000000000553,30.00260878944101,30.00260878944101,-0.002608789441008952,-0.005236301628542606,13.745010717004424,13.739774415375882,False
545.1000000000554,30.002562153398248,30.002562153398248,-0.002562153398248057,-0.005142915530001346,13.744907112516362,13.73976419698636,False
545.6000000000555,30.002515803842094,30.002515803842094,-0.0025158038420940443,-0.005050101439131538,13.744805368893925,13.739755267454793,False
546.1000000000556,30.00246974314345,30.00246974314345,-0.002469743143450387,-0.004957864126339473,13.744705474639487,13.739747610513147,False
546.6000000000557,30.00242397360209,30.00242397360209,-0.002423973602091678,-0.004866208219532098,13.744607418161722,13.73974120994219,False
547.1000000000558,30.002378497447324,30.002378497447324,-0.0023784974473244347,-0.004775138205388885,13.744511187778448,13.73973604957306,False
547.600000000056,30.00233331683864,30.00233331683864,-0.0023333168386407976,-0.004684658430726074,13.744416771719427,13.739732113288701,False
548.1000000000561,30.00228843386637,30.00228843386637,-0.0022884338663686776,-0.00459477310376144,13.74432415812915,13.739729385025388,False
548.6000000000562,30.002243850552347,30.002243850552347,-0.002243850552346771,-0.004505486295457217,13.744233335069595,13.739727848774137,False
549.1000000000563,30.002199568850546,30.002199568850546,-0.002199568850546285,-0.0044168019407990755,13.744144290522945,13.739727488582146,False
549.6000000000564,30.002155590647757,30.002155590647757,-0.002155590647756611,-0.004328723840139048,13.744057012394316,13.739728288554177,False
550.1000000000565,30.00211191776423,30.00211191776423,-0.002111917764228366,-0.004241255660481613,13.743971488514413,13.739730232853931,False
550.6000000000566,30.00206855195433,30.00206855195433,-0.002068551954330644,-0.004154400936812408,13.743887706642179,13.739733305705366,False
551.1000000000568,30.002025494907215,30.002025494907215,-0.002025494907215375,-0.004068163073419839,13.743805654467437,13.739737491394017,False
551.6000000000569,30.00198274824747,30.00198274824747,-0.0019827482474710223,-0.003982545345209587,13.74372531961348,13.73974277426827,False
552.100000000057,30.00194031353576,30.00194031353576,-0.00194031353575852,-0.00389755089895516,13.743646689639634,13.73974913874068,False
552.6000000000571,30.001898192269497,30.001898192269497,-0.0018981922694969455,-0.0038131827546905583,13.743569752043824,13.739756569289133,False
553.1000000000572,30.00185638588351,30.00185638588351,-0.0018563858835101144,-0.003729443807003463,13.74349449426507,13.739765050458066,False
553.6000000000573,30.001814895750663,30.001814895750663,-0.0018148957506625152,-0.0036463368262928952,13.743420903686,13.739774566859706,False
554.1000000000574,30.00177372318254,30.00177372318254,-0.0017737231825414312,-0.00356386446014767,13.743348967635306,13.739785103175159,False
554.6000000000575,30.001732869430086,30.001732869430086,-0.0017328694300857705,-0.0034820292345969506,13.743278673390195,13.739796644155598,False
555.1000000000577,30.001692335684268,30.001692335684268,-0.001692335684268187,-0.0034008335554673863,13.743210008178792,13.739809174623325,False
555.6000000000578,30.001652123076717,30.001652123076717,-0.001652123076716805,-0.0033202797096478776,13.743142959182537,13.739822679472889,False
556.1000000000579,30.00161223268039,30.00161223268039,-0.0016122326803902354,-0.003240369866418291,13.743077513538545,13.739837143672126,False
556.600000000058,30.00157266551021,30.00157266551021,-0.0015726655102099585,-0.003161106078742648,13.74301365834194,13.739852552263198,False
557.1000000000581,30.001533422523735,30.001533422523735,-0.0015334225237353394,-0.003082490284569417,13.74295138064818,13.73986889036361,False
557.6000000000582,30.001494504621775,30.001494504621775,-0.001494504621774695,-0.00300452430811049,13.74289066747532,13.73988614316721,False
558.1000000000583,30.001455912649067,30.001455912649067,-0.0014559126490674146,-0.0029272098611770048,13.74283150580628,13.739904295945102,False
558.6000000000585,30.001417647394913,30.001417647394913,-0.001417647394912791,-0.002850548544437004,13.742773882591091,13.739923334046654,False
559.1000000000586,30.00137970959383,30.00137970959383,-0.0013797095938308246,-0.0027745418487441498,13.742717784749082,13.739943242900338,False
559.6000000000587,30.001342099926173,30.001342099926173,-0.0013420999261732902,-0.0026991911563527538,13.742663199171073,13.73996400801472,False
560.1000000000588,30.001304819018802,30.001304819018802,-0.0013048190188023057,-0.0026244977422891225,13.742610112721525,13.739985614979236,False
560.6000000000589,30.001267867445712,30.001267867445712,-0.0012678674457120565,-0.002550462775587903,13.742558512240675,13.740008049465088,False
561.100000000059,30.001231245728672,30.001231245728672,-0.001231245728671837,-0.002477087320578164,13.74250838454664,13.740031297226063,False
561.6000000000591,30.001194954337873,30.001194954337873,-0.0011949543378726446,-0.002404372338162375,13.74245971643749,13.740055344099328,False
562.1000000000593,30.00115899369254,30.00115899369254,-0.001158993692538246,-0.0023323186870811696,13.742412494693307,13.740080176006225,False
562.6000000000594,30.001123364161582,30.001123364161582,-0.0011233641615824297,-0.002260927125178114,13.742366706078206,13.740105778953028,False
563.1000000000595,30.001088066064234,30.001088066064234,-0.0010880660642342832,-0.0021901983106928924,13.742322337342348,13.740132139031655,False
563.6000000000596,30.001053099670667,30.001053099670667,-0.0010530996706670237,-0.0021201328034834432,13.742279375223912,13.740159242420429,False
564.1000000000597,30.001018465202637,30.001018465202637,-0.0010184652026374863,-0.0020507310663333556,13.742237806451042,13.740187075384709,False
564.6000000000598,30.000984162834094,30.000984162834094,-0.0009841628340936381,-0.001981993466166898,13.74219761774378,13.740215624277614,False
565.1000000000599,30.00095019269181,30.00095019269181,-0.0009501926918105141,-0.0019139202752995743,13.74215879581597,13.74024487554067,False
565.60000000006,30.000916554856005,30.000916554856005,-0.0009165548560048364,-0.0018465116726886777,13.742121327377134,13.740274815704446,False
566.1000000000602,30.000883249360978,30.000883249360978,-0.0008832493609780556,-0.001779767745205163,13.742085199134316,13.74030543138911,False
566.6000000000603,30.000850276195703,30.000850276195703,-0.0008502761957025484,-0.0017136884888273585,13.742050397793912,13.740336709305085,False
567.1000000000604,30.000817635304465,30.000817635304465,-0.0008176353044646589,-0.001648273809898626,13.742016910063485,13.740368636253587,False
567.6000000000605,30.000785326587454,30.000785326587454,-0.0007853265874544491,-0.0015835235263494951,13.741984722653534,13.740401199127184,False
568.1000000000606,30.000753349901398,30.000753349901398,-0.0007533499013980816,-0.0015194373689126905,13.74195382227924,13.740434384910328,False
568.6000000000607,30.000721705060148,30.000721705060148,-0.0007217050601475705,-0.0014560149823452662,13.74192419566221,13.740468180679864,False
569.1000000000608,30.000690391835306,30.000690391835306,-0.000690391835306059,-0.0013932559266578437,13.741895829532167,13.740502573605509,False
569.600000000061,30.00065940995682,30.00065940995682,-0.000659409956821122,-0.00133115967831543,13.741868710628644,13.740537550950329,False
570.1000000000611,30.000628759113575,30.000628759113575,-0.0006287591135745174,-0.0012697256314027072,13.741842825702639,13.740573100071236,False
570.6000000000612,30.00059843895401,30.00059843895401,-0.0005984389540110158,-0.001208953098895904,13.741818161518234,13.740609208419338,False
571.1000000000613,30.000568449086703,30.000568449086703,-0.0005684490867032821,-0.001148841313792559,13.74179470485422,13.740645863540427,False
571.6000000000614,30.000538789080963,30.000538789080963,-0.0005387890809629425,-0.0010893894303265483,13.741772442505672,13.740683053075346,False
572.1000000000615,30.00050945846743,30.00050945846743,-0.0005094584674303348,-0.0010305965251475868,13.741751361285514,13.740720764760367,False
572.6000000000616,30.00048045673865,30.00048045673865,-0.000480456738650048,-0.000972461598500729,13.74173144802606,13.74075898642756,False
573.1000000000618,30.000451783349664,30.000451783349664,-0.0004517833496642254,-0.0009149835753632374,13.741712689580513,13.74079770600515,False
573.6000000000619,30.0004234377186,30.0004234377186,-0.00042343771859876256,-0.000858161306666716,13.741695072824482,13.740836911517816,False
574.100000000062,30.00039541922724,30.00039541922724,-0.0003954192272388468,-0.0008019935704339787,13.741678584657423,13.74087659108699,False
574.6000000000621,30.000367727221594,30.000367727221594,-0.00036772722159383875,-0.0007464790728874959,13.741663212004097,13.74091673293121,False
575.1000000000622,30.000340361012494,30.000340361012494,-0.0003403610124941281,-0.0006916164496786337,13.74164894181599,13.740957325366312,False
575.6000000000623,30.00031331987614,30.00031331987614,-0.00031331987613825163,-0.0006374042669605728,13.74163576107271,13.740998356805749,False
576.1000000000624,30.000286603054672,30.000286603054672,-0.00028660305467198555,-0.0005838410225607049,13.741623656783368,13.741039815760807,False
576.6000000000626,30.000260209756746,30.000260209756746,-0.00026020975674612146,-0.0005309251470890786,13.741612615987924,13.741081690840835,False
577.1000000000627,30.000234139158085,30.000234139158085,-0.0002341391580849006,-0.0004786550050681626,13.74160262575852,13.741123970753453,False
577.6000000000628,30.000208390402044,30.000208390402044,-0.0002083904020437899,-0.0004270288960697144,13.741593673200788,13.741166644304718,False
578.1000000000629,30.00018296260015,30.00018296260015,-0.0001829626001494944,-0.00037604505579480474,13.741585745455135,13.74120970039934,False
578.600000000063,30.000157854832665,30.000157854832665,-0.0001578548326648388,-0.0003257016571822646,13.741578829698017,13.741253128040835,False
579.1000000000631,30.00013306614914,30.00013306614914,-0.00013306614913943804,-0.00027599681153844813,13.741572913143164,13.741296916331626,False
579.6000000000632,30.00010859556894,30.00010859556894,-0.00010859556893905165,-0.0002269285695675194,13.741567983042815,13.741341054473247,False
580.1000000000633,30.000084442081803,30.000084442081803,-8.444208180335977e-05,-0.00017849492252253185,13.741564026688902,13.74138553176638,False
580.6000000000635,30.00006060464837,30.00006060464837,-6.0604648371764824e-05,-0.0001306938032286098,13.741561031414244,13.741430337611016,False
581.1000000000636,30.000037082200727,30.000037082200727,-3.708220072695667e-05,-8.352308719850043e-05,13.741558984593688,13.74147546150649,False
581.6000000000637,30.000013873642924,30.000013873642924,-1.387364292426696e-05,-3.698059366286088e-05,13.741557873645252,13.74152089305159,False
582.1000000000638,29.999990977851514,29.999990977851514,9.02214848608196e-06,8.935913356822311e-06,13.741557686031227,13.741566621944584,False
582.6000000000639,29.99996839367607,29.99996839367607,3.1606323929622704e-05,5.422872401084078e-05,13.741558409259277,13.741612637983287,False
583.100000000064,29.999946119939715,29.999946119939715,5.388006028539394e-05,9.890018154834479e-05,13.741560030883509,13.741658931065057,False
583.6000000000641,29.99992415543963,29.99992415543963,7.58445603707969e-05,0.00014295268132258343,13.741562538505528,13.74170549118685,False
584.1000000000643,29.999902498947563,29.999902498947563,9.750105243711005e-05,0.00018638866973930135,13.741565919775448,13.741752308445188,False
584.6000000000644,29.999881149210363,29.999881149210363,0.00011885078963658202,0.00022921064321934637,13.74157016239293,13.74179937303615,False
585.1000000000645,29.999860104950464,29.999860104950464,0.00013989504953570986,0.0002714211472181205,13.741575254108135,13.741846675255353,False
585.6000000000646,29.999839364866403,29.999839364866403,0.0001606351335965428,0.0003130227751810821,13.741581182722719,13.7418942054979,False
586.1000000000647,29.999818927633303,29.999818927633303,0.00018107236669706595,0.00035401816757030247,13.741587936090774,13.741941954258344,False
586.6000000000648,29.99979879190338,29.99979879190338,0.00020120809661960948,0.00039441001087681116,13.741595502119749,13.741989912130625,False
587.1000000000649,29.999778956306447,29.999778956306447,0.00022104369355346876,0.0004342010365903093,13.741603868771376,13.742038069807966,False
587.600000000065,29.999759419450374,29.999759419450374,0.0002405805496259461,0.0004733940202683584,13.741613024062536,13.742086418082804,False
588.1000000000652,29.999740179921602,29.999740179921602,0.00025982007839786547,0.0005119917805345153,13.741622956066147,13.742134947846681,False
588.6000000000653,29.999721236285602,29.999721236285602,0.00027876371439816694,0.0005499971781404156,13.741633652911997,13.742183650090137,False
589.1000000000654,29.999702587087373,29.999702587087373,0.0002974129126265268,0.0005874131149710138,13.741645102787597,13.742232515902568,False
589.6000000000655,29.999684230851898,29.999684230851898,0.00031576914810216294,0.0006242425331350887,13.741657293938973,13.742281536472108,False
590.1000000000656,29.999666166084623,29.999666166084623,0.00033383391537711304,0.0006604884139917999,13.741670214671462,13.742330703085454,False
590.6000000000657,29.999648391271922,29.999648391271922,0.00035160872807793453,0.000696153777241193,13.741683853350493,13.742380007127734,False
591.1000000000658,29.99963090488156,29.99963090488156,0.0003690951184402991,0.0007312416799933885,13.741698198402345,13.742429440082338,False
591.600000000066,29.99961370536316,29.99961370536316,0.0003862946368400344,0.000765755215802244,13.741713238314867,13.74247899353067,False
592.1000000000661,29.99959679114864,29.99959679114864,0.0004032088513596932,0.000799697513834019,13.741728961638216,13.74252865915205,False
592.6000000000662,29.999580160652684,29.999580160652684,0.0004198393473160422,0.0008330717378939312,13.741745356985552,13.742578428723446,False
593.1000000000663,29.999563812273173,29.999563812273173,0.0004361877268266312,0.0008658810855735055,13.74176241303371,13.742628294119283,False
593.6000000000664,29.999547744391645,29.999547744391645,0.0004522556083550455,0.0008981287873268684,13.741780118523875,13.742678247311202,False
594.1000000000665,29.999531955373715,29.999531955373715,0.00046804462628458054,0.000929818105625202,13.741798462262228,13.742728280367853,False
594.6000000000666,29.999516443569537,29.999516443569537,0.0004835564304634943,0.0009609523340543547,13.741817433120573,13.742778385454628,False
595.1000000000668,29.99950120731421,29.99950120731421,0.0004987926857893399,0.0009915347964479793,13.741837020036956,13.742828554833403,False
595.6000000000669,29.999486244928228,29.999486244928228,0.0005137550717719819,0.0010215688460561978,13.741857212016244,13.7428787808623,False
596.100000000067,29.999471554717893,29.999471554717893,0.0005284452821072705,0.0010510578646574231,13.741877998130718,13.742929055995376,False
596.6000000000671,29.99945713497574,29.99945713497574,0.0005428650242613742,0.0010800052617483402,13.741899367520626,13.742979372782374,False
597.1000000000672,29.999442983980945,29.999442983980945,0.0005570160190551121,0.0011084144736983603,13.741921309394739,13.743029723868437,False
597.6000000000673,29.99942909999976,29.99942909999976,0.0005709000002411813,0.0011362889628969697,13.741943813030856,13.743080101993753,False
598.1000000000674,29.999415481285894,29.999415481285894,0.0005845187141062524,0.0011636322169721325,13.741966867776334,13.743130499993306,False
598.6000000000676,29.99940212608095,29.99940212608095,0.0005978739190517501,0.0011904477479518505,13.74199046304858,13.743180910796532,False
599.1000000000677,29.999389032614786,29.999389032614786,0.0006109673852137121,0.0012167390914683551,13.742014588335522,13.74323132742699,False
599.6000000000678,29.99937619910596,29.99937619910596,0.0006238008940400164,0.0012425098059622997,13.742039233196074,13.743281743002036,False
600.1000000000679,29.99936362376209,29.99936362376209,0.0006363762379102411,0.0012677634718798458,13.742064387260589,13.743332150732469,False
600.600000000068,29.999351304780248,29.999351304780248,0.0006486952197519713,0.0012925036909265941,13.742090040231279,13.743382543922205,False
601.1000000000681,29.999339240347368,29.999339240347368,0.0006607596526322368,0.0013167340852291431,13.742116181882642,13.74343291596787,False
601.6000000000682,29.999327428640594,29.999327428640594,0.0006725713594057936,0.0013404582966529688,13.742142802061851,13.743483260358504,False
602.1000000000683,29.999315867827693,29.999315867827693,0.0006841321723065619,0.0013636799859639837,13.742169890689157,13.74353357067512,False
602.6000000000685,29.999304556067408,29.999304556067408,0.0006954439325923545,0.0013864028321393107,13.742197437758227,13.743583840590366,False
603.1000000000686,29.999293491509835,29.999293491509835,0.0007065084901647367,0.0014086305315785808,13.742225433336532,13.743634063868111,False
603.6000000000687,29.999282672296786,29.999282672296786,0.0007173277032137548,0.0014303667974076006,13.742253867565667,13.743684234363075,False
604.1000000000688,29.99927209656217,29.99927209656217,0.0007279034378306903,0.0014516153587038616,13.742282730661687,13.743734346020391,False
604.6000000000689,29.999261762432315,29.999261762432315,0.000738237567684763,0.0014723799598286291,13.742312012915406,13.743784392875234,False
605.100000000069,29.999251668026368,29.999251668026368,0.0007483319736323324,0.001492664359680873,13.742341704692711,13.743834369052392,False
605.6000000000691,29.999241811456606,29.999241811456606,0.0007581885433936009,0.0015124723310080412,13.74237179643482,13.743884268765829,False
606.1000000000693,29.999232190828817,29.999232190828817,0.0007678091711831314,0.001531807659702622,13.742402278658574,13.743934086318276,False
606.6000000000694,29.999222804242617,29.999222804242617,0.000777195757382998,0.0015506741441058125,13.742433141956688,13.743983816100794,False
607.1000000000695,29.999213649791805,29.999213649791805,0.0007863502081946194,0.0015690755943609247,13.742464376997972,13.744033452592333,False
607.6000000000696,29.999204725564702,29.999204725564702,0.0007952744352976993,0.001587015831674421,13.742495974527587,13.744082990359262,False
608.1000000000697,29.99919602964448,29.99919602964448,0.000803970355519823,0.0016044986877048473,13.742527925367233,13.744132424054937,False
608.6000000000698,29.999187560109476,29.999187560109476,0.0008124398905238195,0.0016215280038949231,13.742560220415367,13.744181748419262,False
609.1000000000699,29.999179315033533,29.999179315033533,0.0008206849664667004,0.0016381076308107367,13.742592850647386,13.744230958278196,False
609.60000000007,29.999171292486317,29.999171292486317,0.0008287075136834687,0.0016542414275022566,13.7426258071158,13.744280048543303,False
610.1000000000702,29.99916349053364,29.99916349053364,0.000836509466360269,0.001669933260849632,13.742659080950393,13.744329014211242,False
610.6000000000703,29.999155907237753,29.999155907237753,0.0008440927622466177,0.0016851870049805484,13.74269266335838,13.74437785036336,False
611.1000000000704,29.999148540657686,29.999148540657686,0.0008514593423143424,0.0017000065405952114,13.742726545624535,13.74442655216513,False
611.6000000000705,29.999141388849523,29.999141388849523,0.0008586111504769178,0.0017143957543979127,13.742760719111317,13.744475114865715,False
612.1000000000706,29.999134449866734,29.999134449866734,0.0008655501332661686,0.0017283585384433309,13.742795175258987,13.74452353379743,False
612.6000000000707,29.999127721760438,29.999127721760438,0.000872278239562263,0.0017418987896107296,13.742829905585703,13.744571804375314,False
613.1000000000708,29.999121202579733,29.999121202579733,0.0008787974202668636,0.0017550204089360477,13.742864901687618,13.744619922096554,False
613.600000000071,29.999114890371967,29.999114890371967,0.0008851096280331205,0.0017677273010718864,13.742900155238942,13.744667882540014,False
614.1000000000711,29.999108783183026,29.999108783183026,0.0008912168169743495,0.0017800233737048643,13.74293565799202,13.744715681365724,False
614.6000000000712,29.999102879057624,29.999102879057624,0.0008971209423762616,0.0017919125369871836,13.742971401777377,13.744763314314364,False
615.1000000000713,29.99909717603958,29.99909717603958,0.0009028239604198518,0.0018033987029610898,13.743007378503775,13.744810777206736,False
615.6000000000714,29.9990916721721,29.9990916721721,0.0009083278279007345,0.00181448578501886,13.743043580158218,13.744858065943237,False
616.1000000000715,29.999086365498027,29.999086365498027,0.0009136345019733483,0.0018251776973698952,13.743079998806008,13.744905176503378,False
616.6000000000716,29.999081254060137,29.999081254060137,0.0009187459398631859,0.0018354783544722864,13.743116626590716,13.744952104945188,False
617.1000000000718,29.999076335901396,29.999076335901396,0.0009236640986038935,0.001845391670528329,13.743153455734213,13.74499884740474,False
617.6000000000719,29.999071609065208,29.999071609065208,0.0009283909347921337,0.0018549215589303003,13.743190478536638,13.745045400095568,False
618.100000000072,29.9990670715957,29.9990670715957,0.0009329284042998154,0.0018640719317630783,13.743227687376386,13.74509175930815,False
618.6000000000721,29.999062721537943,29.999062721537943,0.0009372784620573782,0.0018728466992996573,13.743265074710074,13.745137921409373,False
619.1000000000722,29.999058556938238,29.999058556938238,0.0009414430617624703,0.0018812497694682406,13.74330263307249,13.745183882841959,False
619.6000000000723,29.999054575844326,29.999054575844326,0.0009454241556738907,0.0018892850474045986,13.74334035507656,13.745229640123965,False
620.1000000000724,29.999050776305662,29.999050776305662,0.0009492236943380306,0.0018969564349262669,13.743378233413262,13.745275189848188,False
620.6000000000726,29.999047156373646,29.999047156373646,0.0009528436263543938,0.0019042678300422722,13.743416260851573,13.745320528681615,False
621.1000000000727,29.99904371410184,29.99904371410184,0.0009562858981588818,0.001911223126533912,13.743454430238376,13.74536565336491,False
621.6000000000728,29.999040447546243,29.999040447546243,0.0009595524537573397,0.0019178262134147417,13.743492734498377,13.745410560711791,False
622.1000000000729,29.999037354765484,29.999037354765484,0.0009626452345159464,0.0019240809745184606,13.743531166633996,13.745455247608515,False
622.600000000073,29.999034433821066,29.999034433821066,0.000965566178933841,0.0019299912880228476,13.743569719725265,13.745499711013288,False
623.1000000000731,29.999031682777574,29.999031682777574,0.0009683172224264069,0.0019355610260234357,13.74360838692971,13.745543947955733,False
623.6000000000732,29.999029099702906,29.999029099702906,0.0009709002970943459,0.0019407940540858704,13.743647161482212,13.745587955536298,False
624.1000000000734,29.999026682668493,29.999026682668493,0.0009733173315069621,0.0019456942307911618,13.74368603669489,13.74563173092568,False
624.6000000000735,29.999024429749497,29.999024429749497,0.0009755702505032104,0.001950265407351992,13.743725005956946,13.745675271364298,False
625.1000000000736,29.99902233902504,29.99902233902504,0.00097766097496077,0.0019545114271366515,13.743764062734511,13.745718574161648,False
625.6000000000737,29.99902040857838,29.99902040857838,0.0009795914216184087,0.0019584361253066618,13.74380320057048,13.745761636695788,False
626.1000000000738,29.999018636497148,29.999018636497148,0.0009813635028521617,0.0019620433283904504,13.74384241308436,13.74580445641275,False
626.6000000000739,29.99901702087352,29.99901702087352,0.0009829791264799326,0.001965336853892552,13.743881693972067,13.74584703082596,False
627.100000000074,29.999015559804423,29.999015559804423,0.0009844401955767523,0.0019683205098743883,13.743921037005764,13.745889357515638,False
627.6000000000741,29.99901425139173,29.99901425139173,0.0009857486082687217,0.0019709980946061023,13.743960436033658,13.745931434128265,False
628.1000000000743,29.999013093742445,29.999013093742445,0.0009869062575553755,0.001973373396168654,13.743999884979797,13.745973258375965,False
628.6000000000744,29.99901208496889,29.99901208496889,0.000987915031110731,0.001975450192063022,13.744039377843862,13.746014828035925,False
629.1000000000745,29.999011223188884,29.999011223188884,0.0009887768111163098,0.0019772322488904592,13.744078908700963,13.746056140949854,False
629.6000000000746,29.99901050652593,29.99901050652593,0.0009894934740692918,0.0019787233219332734,13.744118471701393,13.746097195023326,False
630.1000000000747,29.9990099331094,29.9990099331094,0.0009900668906013266,0.0019799271548350816,13.74415806107042,13.746137988225255,False
630.6000000000748,29.99900950107467,29.99900950107467,0.0009904989253293195,0.0019808474792668562,13.744197671108045,13.746178518587312,False
631.1000000000749,29.999009208563333,29.999009208563333,0.0009907914366671378,0.001981488014557442,13.744237296188746,13.746218784203304,False
631.600000000075,29.99900905372334,29.99900905372334,0.000990946276658633,0.0019818524673738125,13.744276930761243,13.746258783228617,False
632.1000000000752,29.99900903470918,29.99900903470918,0.0009909652908213218,0.0019819445313871142,13.744316569348234,13.746298513879621,False
632.6000000000753,29.99900914968202,29.99900914968202,0.0009908503179794081,0.0019817678869458177,13.744356206546124,13.74633797443307,False
633.1000000000754,29.99900939680989,29.99900939680989,0.0009906031901110168,0.0019813262007701837,13.74439583702477,13.74637716322554,False
633.6000000000755,29.999009774267808,29.999009774267808,0.000990225732191874,0.0019806231256396245,13.744435455527192,13.746416078652832,False
634.1000000000756,29.999010280237947,29.999010280237947,0.0009897197620531983,0.001979662300094276,13.744475056869295,13.746454719169389,False
634.6000000000757,29.999010912909796,29.999010912909796,0.000989087090204066,0.0019784473481081477,13.744514635939584,13.746493083287692,False
635.1000000000759,29.999011670480275,29.999011670480275,0.0009883295197248287,0.001976981878833328,13.744554187698862,13.746531169577695,False
635.600000000076,29.999012551153896,29.999012551153896,0.000987448846103689,0.0019752694863086617,13.744593707179938,13.746568976666246,False
636.1000000000761,29.999013553142913,29.999013553142913,0.0009864468570874863,0.0019733137491471098,13.744633189487313,13.74660650323646,False
636.6000000000762,29.999014674667425,29.999014674667425,0.0009853253325751155,0.001971118230301272,13.744672629796879,13.74664374802718,False
637.1000000000763,29.99901591395555,29.99901591395555,0.0009840860444505495,0.0019686864767720635,13.744712023355588,13.74668070983236,False
637.6000000000764,29.999017269243513,29.999017269243513,0.0009827307564869159,0.0019660220193671307,13.744751365481143,13.74671738750051,False
638.1000000000765,29.99901873877582,29.99901873877582,0.0009812612241795193,0.0019631283724095283,13.744790651561669,13.746753779934078,False
638.6000000000766,29.999020320805343,29.999020320805343,0.0009796791946570238,0.001960009033524557,13.744829877055368,13.746789886088893,False
639.1000000000768,29.999022013593468,29.999022013593468,0.0009779864065322386,0.0019566674833626507,13.744869037490195,13.746825704973558,False
639.6000000000769,29.999023815410197,29.999023815410197,0.0009761845898026422,0.0019531071853791104,13.744908128463521,13.7468612356489,False
640.100000000077,29.999025724534278,29.999025724534278,0.000974275465722485,0.0019493315856067284,13.74494714564177,13.746896477227377,False
640.6000000000771,29.999027739253307,29.999027739253307,0.0009722607466926547,0.0019453441123999937,13.74498608476007,13.74693142887247,False
641.1000000000772,29.999029857863853,29.999029857863853,0.0009701421361469897,0.0019411481762361404,13.745024941621905,13.746966089798141,False
641.6000000000773,29.999032078671554,29.999032078671554,0.0009679213284456978,0.0019367471694735627,13.745063712098759,13.747000459268232,False
642.1000000000774,29.999034399991228,29.999034399991228,0.0009656000087723271,0.0019321444661741793,13.745102392129732,13.747034536595907,False
642.6000000000776,29.999036820146973,29.999036820146973,0.0009631798530271851,0.0019273434218689545,13.745140977721194,13.747068321143063,False
643.1000000000777,29.999039337472272,29.999039337472272,0.0009606625277278624,0.0019223473733518404,13.745179464946393,13.747101812319745,False
643.6000000000778,29.99904195031009,29.99904195031009,0.0009580496899097568,0.0019171596385163525,13.745217849945098,13.747135009583614,False
644.1000000000779,29.999044657012963,29.999044657012963,0.0009553429870372554,0.0019117835161210905,13.74525612892319,13.747167912439311,False
644.600000000078,29.999047455943092,29.999047455943092,0.0009525440569078114,0.001906222285654735,13.745294298152308,13.747200520437962,False
645.1000000000781,29.999050345472448,29.999050345472448,0.0009496545275524682,0.0019004792070944632,13.745332353969435,13.747232833176529,False
645.6000000000782,29.999053323982835,29.999053323982835,0.0009466760171648048,0.0018945575207709453,13.74537029277653,13.7472648502973,False
646.1000000000784,29.999056389865988,29.999056389865988,0.0009436101340121184,0.0018884604472049205,13.745408111040115,13.74729657148732,False
646.6000000000785,29.999059541523657,29.999059541523657,0.0009404584763430535,0.001882191186922455,13.745445805290883,13.747327996477805,False
647.1000000000786,29.99906277736769,29.99906277736769,0.0009372226323094424,0.0018757529202702017,13.745483372123301,13.747359125043571,False
647.6000000000787,29.999066095820098,29.999066095820098,0.0009339041799023562,0.001869148807308818,13.745520808195188,13.747389957002497,False
648.1000000000788,29.99906949531314,29.99906949531314,0.0009305046868597344,0.0018623819876282255,13.745558110227329,13.747420492214957,False
648.6000000000789,29.99907297428939,29.99907297428939,0.0009270257106095414,0.0018554555802197115,13.745595275003046,13.747450730583266,False
649.100000000079,29.999076531201812,29.999076531201812,0.000923468798188054,0.0018483726833196101,13.745632299367804,13.747480672051124,False
649.6000000000791,29.99908016451382,29.99908016451382,0.0009198354861794655,0.00184113637428851,13.74566918022877,13.747510316603059,False
650.1000000000793,29.99908387269936,29.99908387269936,0.0009161273006412785,0.0018337497094691457,13.745705914554415,13.747539664263885,False
650.6000000000794,29.999087654242953,29.999087654242953,0.0009123457570474613,0.0018262157240513943,13.745742499374074,13.747568715098126,False
651.1000000000795,29.99909150763977,29.99909150763977,0.0009084923602316053,0.001818537431958589,13.745778931777538,13.747597469209497,False
651.6000000000796,29.999095431395684,29.999095431395684,0.0009045686043158696,0.0018107178257409373,13.745815208914621,13.747625926740362,False
652.1000000000797,29.99909942402734,29.99909942402734,0.0009005759726612439,0.0018027598764263075,13.745851327994727,13.747654087871153,False
652.6000000000798,29.999103484062186,29.999103484062186,0.0008965159378142573,0.0017946665334420686,13.74588728628642,13.747681952819862,False
653.10000000008,29.999107610038536,29.999107610038536,0.000892389961464346,0.0017864407245227198,13.745923081116997,13.74770952184152,False
653.6000000000801,29.999111800505634,29.999111800505634,0.0008881994943656935,0.0017780853555535714,13.745958709872042,13.747736795227596,False
654.1000000000802,29.999116054023677,29.999116054023677,0.0008839459763230195,0.0017696033105352171,13.745994169994997,13.747763773305532,False
654.6000000000803,29.999120369163872,29.999120369163872,0.0008796308361276317,0.001760997451455637,13.746029458986722,13.747790456438178,False
655.1000000000804,29.999124744508496,29.999124744508496,0.0008752554915041344,0.001752270618204932,13.746064574405052,13.747816845023257,False
655.6000000000805,29.999129178650904,29.999129178650904,0.000870821349096218,0.0017434256285113747,13.74609951386435,13.74784293949286,False
656.1000000000806,29.999133670195594,29.999133670195594,0.0008663298044062628,0.001734465277834829,13.746134275035065,13.7478687403129,False
656.6000000000807,29.99913821775824,29.99913821775824,0.000861782241759812,0.0017253923393099058,13.746168855643294,13.747894247982604,False
657.1000000000809,29.999142819965716,29.999142819965716,0.000857180034284255,0.0017162095636678032,13.746203253470323,13.747919463033991,False
657.600000000081,29.999147475456134,29.999147475456134,0.0008525245438661955,0.0017069196791865693,13.746237466352186,13.747944386031373,False
658.1000000000811,29.999152182878895,29.999152182878895,0.0008478171211052654,0.0016975253915916255,13.746271492179213,13.747969017570805,False
658.6000000000812,29.999156940894697,29.999156940894697,0.0008430591053034675,0.0016880293839989235,13.74630532889557,13.747993358279569,False
659.1000000000813,29.99916174817555,29.99916174817555,0.000838251824450964,0.001678434316929156,13.746338974498823,13.748017408815752,False
659.6000000000814,29.999166603404838,29.999166603404838,0.000833396595162128,0.0016687428281585426,13.746372427039471,13.74804116986763,False
660.1000000000815,29.99917150527732,29.99917150527732,0.0008284947226790962,0.0016589575327259354,13.7464056846205,13.748064642153226,False
660.6000000000816,29.999176452499157,29.999176452499157,0.0008235475008433468,0.0016490810228759756,13.746438745396917,13.748087826419793,False
661.1000000000818,29.99918144378792,29.99918144378792,0.0008185562120814893,0.0016391158680306717,13.746471607575304,13.748110723443334,False
661.6000000000819,29.99918647787262,29.99918647787262,0.000813522127380395,0.001629064614746767,13.746504269413359,13.748133334028106,False
662.100000000082,29.99919155349375,29.99919155349375,0.0008084465062516699,0.0016189297866375796,13.746536729219429,13.748155659006066,False
662.6000000000821,29.999196669403236,29.999196669403236,0.0008033305967636295,0.0016087138844156357,13.746568985352065,13.74817769923648,False
663.1000000000822,29.999201824364516,29.999201824364516,0.0007981756354844549,0.00159841938582872,13.746601036219557,13.748199455605386,False
663.6000000000823,29.9992070171525,29.9992070171525,0.0007929828474999567,0.001588048745631454,13.746632880279465,13.748220929025097,False
664.1000000000824,29.99921224655362,29.99921224655362,0.0007877534463816005,0.001577604395585297,13.746664516038182,13.748242120433767,False
664.6000000000826,29.999217511365803,29.999217511365803,0.0007824886341971649,0.001567088744415912,13.746695942050447,13.748263030794863,False
665.1000000000827,29.999222810398518,29.999222810398518,0.0007771896014823199,0.0015565041778131672,13.746727156918906,13.74828366109672,False
665.6000000000828,29.999228142472727,29.999228142472727,0.0007718575272726014,0.0015458530584595565,13.746758159293634,13.748304012352094,False
666.1000000000829,29.999233506420936,29.999233506420936,0.0007664935790643312,0.001535137725944935,13.746788947871694,13.74832408559764,False
666.600000000083,29.999238901087175,29.999238901087175,0.0007610989128252754,0.001524360496830468,13.746819521396656,13.748343881893486,False
667.1000000000831,29.999244325326995,29.999244325326995,0.0007556746730053021,0.0015135236646202088,13.74684987865815,13.74836340232277,False
667.6000000000832,29.99924977800747,29.99924977800747,0.0007502219925292763,0.0015026294997682044,13.746880018491392,13.74838264799116,False
668.1000000000834,29.999255258007206,29.999255258007206,0.0007447419927935073,0.0014916802496784953,13.746909939776735,13.748401620026414,False
668.6000000000835,29.999260764216313,29.999260764216313,0.0007392357836870644,0.0014806781387406431,13.746939641439209,13.74842031957795,False
669.1000000000836,29.999266295536415,29.999266295536415,0.0007337044635846723,0.0014696253683013083,13.746969122448043,13.748438747816344,False
669.6000000000837,29.999271850880643,29.999271850880643,0.0007281491193573686,0.0014585241166997776,13.74699838181623,13.74845690593293,False
670.1000000000838,29.999277429173617,29.999277429173617,0.0007225708263831621,0.0014473765392892801,13.747027418600045,13.748474795139334,False
670.6000000000839,29.99928302935143,29.99928302935143,0.0007169706485683491,0.0014361847684725149,13.747056231898597,13.74849241666707,False
671.100000000084,29.999288650361667,29.999288650361667,0.0007113496383333029,0.0014249509136874394,13.747084820853368,13.748509771767056,False
671.6000000000842,29.99929429116335,29.99929429116335,0.0007057088366515529,0.0014136770614427974,13.747113184647754,13.748526861709196,False
672.1000000000843,29.999299950726943,29.999299950726943,0.0007000492730568908,0.0014023652753891724,13.747141322506605,13.748543687781995,False
672.6000000000844,29.999305628034353,29.999305628034353,0.0006943719656469227,0.0013910175962976723,13.747169233695772,13.74856025129207,False
673.1000000000845,29.999311322078878,29.999311322078878,0.0006886779211221494,0.001379636042116772,13.747196917521647,13.748576553563764,False
673.6000000000846,29.999317031865203,29.999317031865203,0.0006829681347966243,0.001368222608029157,13.747224373330702,13.748592595938732,False
674.1000000000847,29.9993227564094,29.9993227564094,0.0006772435906015062,0.0013567792664446188,13.74725160050905,13.748608379775495,False
674.6000000000848,29.99932849473887,29.99932849473887,0.0006715052611312444,0.0013453079670853185,13.747278598481971,13.748623906449057,False
675.100000000085,29.999334245892353,29.999334245892353,0.0006657541076471318,0.0013338106370071046,13.74730536671347,13.748639177350476,False
675.6000000000851,29.999340008919887,29.999340008919887,0.0006599910801128317,0.0013222891806492498,13.747331904705822,13.748654193886471,False
676.1000000000852,29.999345782882774,29.999345782882774,0.0006542171172263522,0.0013107454799055063,13.747358211999126,13.748668957479032,False
676.6000000000853,29.99935156685358,29.99935156685358,0.0006484331464200466,0.0012991813941525265,13.747384288170835,13.748683469564988,False
677.1000000000854,29.999357359916093,29.999357359916093,0.000642640083906798,0.0012875987602853911,13.747410132835332,13.748697731595618,False
677.6000000000855,29.999363161165288,29.999363161165288,0.0006368388347119947,0.0012759993928384006,13.747435745643461,13.7487117450363,False
678.1000000000856,29.999368969707312,29.999368969707312,0.0006310302926877398,0.0012643850839779702,13.747461126282094,13.748725511366072,False
678.6000000000857,29.99937478465944,29.99937478465944,0.0006252153405590377,0.0012527576035878951,13.747486274473681,13.74873903207727,False
679.1000000000859,29.99938060515005,29.99938060515005,0.0006193948499486623,0.0012411186993688261,13.747511189975793,13.748752308675162,False
679.600000000086,29.999386430318594,29.999386430318594,0.0006135696814055791,0.001229470096824059,13.747535872580698,13.748765342677522,False
680.1000000000861,29.999392259315556,29.999392259315556,0.0006077406844440247,0.0012178134994016432,13.747560322114905,13.748778135614307,False
680.6000000000862,29.999398091302417,29.999398091302417,0.0006019086975825871,0.0012061505885299084,13.74758453843873,13.74879068902726,False
681.1000000000863,29.999403925451624,29.999403925451624,0.0005960745483761798,0.0011944830237027304,13.747608521445855,13.748803004469558,False
681.6000000000864,29.999409760946556,29.999409760946556,0.0005902390534444635,0.0011828124425150577,13.74763227106288,13.748815083505395,False
682.1000000000865,29.99941559698148,29.99941559698148,0.0005844030185215843,0.0011711404607908094,13.747655787248908,13.748826927709699,False
682.6000000000867,29.999421432761505,29.999421432761505,0.0005785672384952534,0.0011594686726397185,13.74767906999509,13.74883853866773,False
683.1000000000868,29.999427267502565,29.999427267502565,0.0005727324974351689,0.0011477986505141757,13.747702119324206,13.74884991797472,False
683.6000000000869,29.999433100431354,29.999433100431354,0.0005668995686463063,0.0011361319453300212,13.747724935290217,13.748861067235547,False
684.100000000087,29.99943893078529,29.99943893078529,0.0005610692147115515,0.0011244700865304935,13.747747517977848,13.748871988064378,False
684.6000000000871,29.999444757812487,29.999444757812487,0.0005552421875130165,0.0011128145821643898,13.747769867502166,13.74888268208433,False
685.1000000000872,29.9994505807717,29.9994505807717,0.0005494192282995414,0.0011011669189571194,13.747791984008124,13.748893150927081,False
685.6000000000873,29.999456398932278,29.999456398932278,0.0005436010677222214,0.0010895285624599182,13.747813867670173,13.748903396232633,False
686.1000000000874,29.99946221157412,29.99946221157412,0.0005377884258805921,0.0010779009570782705,13.747835518691812,13.74891341964889,False
686.6000000000876,29.99946801798764,29.99946801798764,0.0005319820123617092,0.0010662855261855952,13.74785693730517,13.748923222831356,False
687.1000000000877,29.999473817473707,29.999473817473707,0.0005261825262934394,0.0010546836722085118,13.747878123770612,13.74893280744282,False
687.6000000000878,29.999479609343606,29.999479609343606,0.0005203906563941985,0.0010430967767405264,13.747899078376282,13.748942175153022,False
688.1000000000879,29.99948539291899,29.99948539291899,0.000514607081008478,0.001031526200620192,13.747919801437714,13.748951327638334,False
688.600000000088,29.99949116753182,29.99949116753182,0.0005088324681814527,0.001019973284044795,13.74794029329741,13.748960266581454,False
689.1000000000881,29.999496932524327,29.999496932524327,0.0005030674756731912,0.0010084393466414099,13.747960554324427,13.748968993671069,False
689.6000000000882,29.999502687248953,29.999502687248953,0.000497312751047474,0.0009969256876019017,13.747980584913975,13.748977510601577,False
690.1000000000884,29.999508431068314,29.999508431068314,0.0004915689316860039,0.0009854335857610863,13.748000385487003,13.748985819072765,False
690.6000000000885,29.999514163355126,29.999514163355126,0.00048583664487367173,0.0009739642997246278,13.748019956489784,13.748993920789509,False
691.1000000000886,29.99951988349218,29.99951988349218,0.00048011650781987214,0.0009625190679187767,13.748039298393529,13.749001817461448,False
691.6000000000887,29.999525590872263,29.999525590872263,0.00047440912773666355,0.0009510991087680054,13.748058411693979,13.749009510802747,False
692.1000000000888,29.999531284898126,29.999531284898126,0.0004687151018742952,0.0009397056207447463,13.748077296910992,13.749017002531737,False
692.6000000000889,29.999536964982404,29.999536964982404,0.0004630350175958142,0.0009283397825257111,13.748095954588178,13.749024294370704,False
693.100000000089,29.999542630547587,29.999542630547587,0.00045736945241259264,0.0009170027530629454,13.748114385292466,13.749031388045529,False
693.6000000000892,29.99954828102595,29.99954828102595,0.0004517189740482763,0.0009056956717046205,13.748132589613734,13.749038285285438,False
694.1000000000893,29.999553915859504,29.999553915859504,0.0004460841404956284,0.0008944196583300368,13.748150568164412,13.749044987822742,False
694.6000000000894,29.999559534499937,29.999559534499937,0.00044046550006271445,0.0008831758134064671,13.748168321579099,13.749051497392506,False
695.1000000000895,29.99956513640855,29.99956513640855,0.00043486359145106235,0.0008719652181810034,13.748185850514169,13.74905781573235,False
695.6000000000896,29.9995707210562,29.9995707210562,0.0004292789437982947,0.0008607889347445052,13.748203155647394,13.749063944582138,False
696.1000000000897,29.999576287923265,29.999576287923265,0.00042371207673497224,0.0008496480061523926,13.748220237677556,13.749069885683708,False
696.6000000000898,29.99958183649955,29.99958183649955,0.0004181635004485429,0.0008385434565383321,13.748237097324068,13.749075640780607,False
697.10000000009,29.999587366284263,29.999587366284263,0.0004126337157366322,0.000827476291256346,13.748253735326605,13.749081211617861,False
697.6000000000901,29.999592876785908,29.999592876785908,0.00040712321409230867,0.000816447496994499,13.748270152444725,13.74908659994172,False
698.1000000000902,29.999598367522285,29.999598367522285,0.00040163247771474175,0.0008054580418601631,13.748286349457496,13.749091807499356,False
698.6000000000903,29.999603838020377,29.999603838020377,0.0003961619796228888,0.0007945088755647589,13.748302327163124,13.749096836038689,False
699.1000000000904,29.999609287816327,29.999609287816327,0.00039071218367325855,0.0007836009294592827,13.748318086378594,13.749101687308054,False
699.6000000000905,29.99961471645535,29.99961471645535,0.00038528354464872905,0.0007727351167474694,13.7483336279393,13.749106363056047,False
700.1000000000906,29.999620123491685,29.999620123491685,0.000379876508315391,0.0007619123325426358,13.74834895269867,13.749110865031213,False
700.6000000000907,29.999625508488517,29.999625508488517,0.0003744915114829439,0.0007511334540453163,13.74836406152784,13.749115194981885,False
701.1000000000909,29.999630871017953,29.999630871017953,0.0003691289820473287,0.0007403993406001064,13.748378955315255,13.749119354655855,False
701.600000000091,29.999636210660913,29.999636210660913,0.0003637893390866509,0.0007297108338804037,13.748393634966348,13.749123345800228,False
702.1000000000911,29.9996415270071,29.9996415270071,0.0003584729929002606,0.0007190687579878841,13.748408101403177,13.749127170161165,False
702.6000000000912,29.99964681965491,29.99964681965491,0.0003531803450904647,0.0007084739195946099,13.74842235556406,13.749130829483654,False
703.1000000000913,29.999652088211388,29.999652088211388,0.0003479117886122651,0.0006979271080567173,13.748436398403248,13.749134325511305,False
703.6000000000914,29.999657332292152,29.999657332292152,0.00034266770784796563,0.0006874290955636297,13.74845023089057,13.749137659986134,False
704.1000000000915,29.999662551521343,29.999662551521343,0.00033744847865690986,0.0006769806372233234,13.748463854011103,13.749140834648326,False
704.6000000000917,29.99966774553155,29.99966774553155,0.0003322544684500883,0.0006665824712399626,13.748477268764805,13.749143851236045,False
705.1000000000918,29.99967291396374,29.99967291396374,0.0003270860362611927,0.0006562353190062709,13.748490476166213,13.749146711485219,False
705.6000000000919,29.9996780564672,29.9996780564672,0.0003219435327999065,0.0006459398852740605,13.748503477244084,13.749149417129358,False
706.100000000092,29.99968317269948,29.99968317269948,0.00031682730051940666,0.0006356968582394984,13.748516273041073,13.749151969899312,False
706.6000000000921,29.99968826232631,29.99968826232631,0.0003117376736909705,0.0006255069096994248,13.748528864613402,13.749154371523101,False
707.1000000000922,29.999693325021536,29.999693325021536,0.00030667497846437186,0.0006153706951934623,13.748541253030533,13.749156623725726,False
707.6000000000923,29.99969836046707,29.99969836046707,0.0003016395329282773,0.000605288854124808,13.748553439374842,13.749158728228966,False
708.1000000000925,29.999703368352815,29.999703368352815,0.0002966316471848529,0.0005952620098668149,13.748565424741304,13.749160686751171,False
708.6000000000926,29.99970834837659,29.99970834837659,0.0002916516234101607,0.0005852907699335219,13.74857721023718,13.749162501007113,False
709.1000000000927,29.99971330024407,29.99971330024407,0.0002866997559287654,0.0005753757261146575,13.748588796981673,13.749164172707788,False
709.6000000000928,29.999718223668733,29.999718223668733,0.00028177633126702517,0.0005655174545609043,13.748600186105646,13.749165703560207,False
710.1000000000929,29.99972311837176,29.99972311837176,0.0002768816282383568,0.000555716515975746,13.748611378751303,13.749167095267278,False
710.600000000093,29.999727984082007,29.999727984082007,0.00027201591799297375,0.0005459734557149432,13.748622376071864,13.74916834952758,False
711.1000000000931,29.999732820535897,29.999732820535897,0.0002671794641031511,0.000536288803949958,13.748633179231286,13.749169468035236,False
711.6000000000932,29.999737627477398,29.999737627477398,0.0002623725226023055,0.0005266630757461144,13.748643789403943,13.749170452479689,False
712.1000000000934,29.999742404657916,29.999742404657916,0.0002575953420844712,0.0005170967712544439,13.748654207774335,13.74917130454559,False
712.6000000000935,29.999747151836246,29.999747151836246,0.00025284816375403807,0.000507590375825373,13.74866443553678,13.749172025912605,False
713.1000000000936,29.99975186877851,29.99975186877851,0.00024813122148970024,0.0004981443601508317,13.748674473895132,13.749172618255283,False
713.6000000000937,29.99975655525807,29.99975655525807,0.00024344474192972143,0.0004887591803779401,13.74868432406248,13.749173083242859,False
714.1000000000938,29.999761211055475,29.999761211055475,0.0002387889445252256,0.0004794352782795386,13.748693987260872,13.749173422539151,False
714.6000000000939,29.999765835958392,29.999765835958392,0.00023416404160769844,0.0004701730813536642,13.74870346472101,13.749173637802363,False
715.100000000094,29.99977042976153,29.99977042976153,0.0002295702384706999,0.0004609730029940806,13.74871275768198,13.749173730684975,False
715.6000000000942,29.99977499226659,29.99977499226659,0.00022500773340894398,0.0004518354425755433,13.748721867390973,13.749173702833549,False
716.1000000000943,29.999779523282175,29.999779523282175,0.0002204767178248801,0.00044276078565275157,13.748730795102995,13.749173555888648,False
716.6000000000944,29.99978402262373,29.99978402262373,0.00021597737627132574,0.00043374940405982443,13.7487395420806,13.74917329148466,False
717.1000000000945,29.999788490113485,29.999788490113485,0.00021150988651541525,0.000424801656031093,13.74874810959361,13.74917291124964,False
717.6000000000946,29.999792925580376,29.999792925580376,0.00020707441962386497,0.00041591788637163063,13.748756498918864,13.749172416805235,False
718.1000000000947,29.999797328859973,29.999797328859973,0.0002026711400269221,0.0004070984265851507,13.748764711339916,13.749171809766501,False
718.6000000000948,29.999801699794432,29.999801699794432,0.00019830020556810268,0.000398343594980588,13.748772748146814,13.749171091741795,False
719.100000000095,29.999806038232393,29.999806038232393,0.00019396176760722028,0.00038965369686394524,13.748780610635807,13.74917026433267,False
719.6000000000951,29.999810344028955,29.999810344028955,0.000189655971045255,0.0003810290246093473,13.748788300109089,13.749169329133698,False
720.1000000000952,29.999814617045573,29.999814617045573,0.00018538295442738217,0.00037246985783667697,13.748795817874552,13.749168287732388,False
720.6000000000953,29.99981885715001,29.99981885715001,0.00018114284998915764,0.00036397646353236723,13.748803165245533,13.749167141709066,False
721.1000000000954,29.99982306421626,29.99982306421626,0.00017693578373823016,0.00035554909618440433,13.748810343540558,13.749165892636743,False
721.6000000000955,29.99982723812449,29.99982723812449,0.00017276187551118483,0.0003471879979386472,13.748817354083085,13.749164542081024,False
722.1000000000956,29.999831378760952,29.999831378760952,0.00016862123904815007,0.00033889339869119794,13.748824198201278,13.74916309159997,False
722.6000000000957,29.99983548601795,29.99983548601795,0.00016451398204964107,0.0003306655162447214,13.74883087722775,13.749161542743995,False
723.1000000000959,29.999839559793735,29.999839559793735,0.00016044020626537758,0.00032250455647897525,13.748837392499325,13.749159897055804,False
723.600000000096,29.999843599992463,29.999843599992463,0.00015640000753691652,0.00031441071342896976,13.748843745356803,13.749158156070232,False
724.1000000000961,29.999847606524117,29.999847606524117,0.00015239347588291707,0.0003063841694412872,13.748849937144726,13.749156321314167,False
724.6000000000962,29.99985157930445,29.99985157930445,0.0001484206955488787,0.00029842509531619044,13.748855969211146,13.749154394306462,False
725.1000000000963,29.99985551825491,29.99985551825491,0.00014448174508885359,0.00029053365042130963,13.748861842907386,13.749152376557808,False
725.6000000000964,29.999859423302574,29.999859423302574,0.00014057669742584267,0.00028270998284085636,13.748867559587826,13.749150269570666,False
726.1000000000965,29.999863294380074,29.999863294380074,0.00013670561992640273,0.00027495422953194293,13.748873120609673,13.749148074839205,False
726.6000000000967,29.99986713142556,29.99986713142556,0.00013286857443972622,0.0002672665163743204,13.748878527332748,13.749145793849122,False
727.1000000000968,29.999870934382592,29.999870934382592,0.00012906561740777533,0.0002596469584190686,13.748883781119243,13.749143428077662,False
727.6000000000969,29.99987470320011,29.99987470320011,0.00012529679989015108,0.00025209565991701766,13.748888883333537,13.749140978993454,False
728.100000000097,29.999878437832344,29.999878437832344,0.00012156216765646377,0.00024461271451770017,13.748893835341953,13.74913844805647,False
728.6000000000971,29.999882138238764,29.999882138238764,0.00011786176123607106,0.00023719820536882708,13.748898638512573,13.749135836717942,False
729.1000000000972,29.999885804384004,29.999885804384004,0.00011419561599623762,0.0002298522052512908,13.748903294215014,13.749133146420265,False
729.6000000000973,29.9998894362378,29.9998894362378,0.00011056376219897857,0.0002225747767212738,13.748907803820215,13.749130378596936,False
730.1000000000975,29.99989303377493,29.99989303377493,0.00010696622506856102,0.00021536597223814624,13.748912168700258,13.749127534672496,False
730.6000000000976,29.999896596975145,29.999896596975145,0.00010340302485545294,0.0002082258342781529,13.748916390228151,13.74912461606243,False
731.1000000000977,29.9999001258231,29.9999001258231,9.9874176900272e-05,0.00020115439547652159,13.74892046977763,13.749121624173107,False
731.6000000000978,29.9999036203083,29.9999036203083,9.637969170128713e-05,0.000194151678755361,13.748924408722969,13.749118560401724,False
732.1000000000979,29.99990708042502,29.99990708042502,9.291957497836734e-05,0.00018721769745866368,13.748928208438786,13.749115426136244,False
732.600000000098,29.999910506172267,29.999910506172267,8.949382773337788e-05,0.000180352455465993,13.74893187029985,13.749112222755317,False
733.1000000000981,29.99991389755368,29.99991389755368,8.610244632123454e-05,0.00017355594733459156,13.748935395680897,13.749108951628232,False
733.6000000000982,29.999917254577493,29.999917254577493,8.274542250674699e-05,0.00016682815842017362,13.748938785956444,13.749105614114864,False
734.1000000000984,29.99992057725648,29.99992057725648,7.942274352146228e-05,0.0001601690649906118,13.748942042500602,13.749102211565592,False
734.6000000000985,29.999923865607844,29.999923865607844,7.613439215603535e-05,0.00015357863438936192,13.748945166686902,13.749098745321291,False
735.1000000000986,29.999927119653226,29.999927119653226,7.288034677443989e-05,0.00014705682511362284,13.748948159888123,13.749095216713236,False
735.6000000000987,29.999930339418572,29.999930339418572,6.966058142765519e-05,0.00014060358697065567,13.7489510234761,13.74909162706307,False
736.1000000000988,29.99993352493412,29.99993352493412,6.647506587853513e-05,0.00013421886119857618,13.748953758821566,13.749087977682764,False
736.6000000000989,29.999936676234316,29.999936676234316,6.33237656835206e-05,0.00012790258057293613,13.748956367293966,13.749084269874539,False
737.100000000099,29.999939793357747,29.999939793357747,6.0206642253035625e-05,0.00012165466957725357,13.748958850261316,13.749080504930893,False
737.6000000000992,29.999942876347102,29.999942876347102,5.712365289767263e-05,0.00011547504445275081,13.748961209090021,13.749076684134474,False
738.1000000000993,29.999945925249094,29.999945925249094,5.4074750906352165e-05,0.00010936361338309553,13.748963445144705,13.749072808758088,False
738.6000000000994,29.999948940114393,29.999948940114393,5.1059885606719035e-05,0.00010332027659387677,13.748965559788065,13.749068880064659,False
739.1000000000995,29.999951920997592,29.999951920997592,4.807900240777485e-05,9.734492645918635e-05,13.748967554380707,13.749064899307166,False
739.6000000000996,29.999954867957122,29.999954867957122,4.513204287803774e-05,9.143744764372741e-05,13.748969430280994,13.749060867728637,False
740.1000000000997,29.999957781055194,29.999957781055194,4.221894480593846e-05,8.559771723071208e-05,13.748971188844887,13.749056786562118,False
740.6000000000998,29.999960660357754,29.999960660357754,3.9339642246005724e-05,7.982560481423207e-05,13.748972831425801,13.749052657030616,False
741.1000000001,29.999963505934407,29.999963505934407,3.6494065593473124e-05,7.412097262715633e-05,13.748974359374458,13.749048480347085,False
741.6000000001001,29.99996631785837,29.99996631785837,3.368214163046446e-05,6.848367568323965e-05,13.74897577403873,13.749044257714413,False
742.1000000001002,29.99996909620641,29.99996909620641,3.090379358994255e-05,6.29135618552823e-05,13.74897707676351,13.749039990325365,False
742.6000000001003,29.99997184105878,29.99997184105878,2.8158941219658118e-05,5.741047201723859e-05,13.748978268890557,13.749035679362574,False
743.1000000001004,29.999974552499168,29.999974552499168,2.5447500831887737e-05,5.197424016500918e-05,13.74897935175838,13.749031325998544,False
743.6000000001005,29.999977230614636,29.999977230614636,2.2769385363829997e-05,4.660469350881158e-05,13.748980326702068,13.749026931395576,False
744.1000000001006,29.999979875495562,29.999979875495562,2.0124504438001622e-05,4.130165261528873e-05,13.748981195053187,13.749022496705802,False
744.6000000001007,29.999982487235584,29.999982487235584,1.751276441552818e-05,3.606493149987955e-05,13.748981958139623,13.749018023071123,False
745.1000000001009,29.999985065931543,29.999985065931543,1.4934068456540217e-05,3.0894337754716616e-05,13.748982617285483,13.749013511623238,False
745.600000000101,29.99998761168343,29.99998761168343,1.238831656991124e-05,2.578967264810217e-05,13.748983173810934,13.749008963483583,False
746.1000000001011,29.999990124594323,29.999990124594323,9.875405677206572e-06,2.0750731252405785e-05,13.748983629032098,13.74900437976335,False
746.6000000001012,29.999992604770327,29.999992604770327,7.395229673079484e-06,1.5777302557751227e-05,13.748983984260931,13.74899976156349,False
747.1000000001013,29.99999505232054,29.99999505232054,4.9476794607983265e-06,1.0869169550176139e-05,13.748984240805086,13.748995109974636,False
747.6000000001014,29.999997467356973,29.999997467356973,2.5326430268535205e-06,6.026109367951449e-06,13.748984399967824,13.748990426077192,False
748.1000000001015,29.999999849994516,29.999999849994516,1.50005483590121e-07,1.2478933797410718e-06,13.748984463047853,13.748985710941232,False
748.6000000001017,30.000002200350863,30.000002200350863,-2.2003508632906232e-06,-3.465712694605827e-06,13.748984431339263,13.748980965626568,False
749.1000000001018,30.000004518546476,30.000004518546476,-4.518546475651419e-06,-8.114948677473421e-06,13.748984306131382,13.748976191182704,False
749.6000000001019,30.00000680470452,30.00000680470452,-6.804704518970084e-06,-1.2700059826897814e-05,13.748984088708669,13.748971388648842,False
750.100000000102,30.000009058950813,30.000009058950813,-9.058950812601552e-06,-1.7221296729985625e-05,13.748983780350631,13.748966559053901,False
750.6000000001021,30.00001128141378,30.00001128141378,-1.1281413780039884e-05,-2.167891520343801e-05,13.748983382331694,13.74896170341649,False
751.1000000001022,30.00001347222439,30.00001347222439,-1.3472224388522136e-05,-2.6073176172758394e-05,13.748982895921097,13.748956822744924,False
751.6000000001023,30.0000156315161,30.0000156315161,-1.5631516099290366e-05,-3.0404345558565637e-05,13.748982322382808,13.74895191803725,False
752.1000000001025,30.00001775942483,30.00001775942483,-1.7759424828511783e-05,-3.4672694233961465e-05,13.74898166297542,13.748946990281185,False
752.6000000001026,30.000019856088876,30.000019856088876,-1.9856088876224476e-05,-3.887849784689479e-05,13.748980918952041,13.748942040454194,False
753.1000000001027,30.00002192164888,30.00002192164888,-2.1921648880152134e-05,-4.302203674910743e-05,13.74898009156022,13.748937069523471,False
753.6000000001028,30.000023956247777,30.000023956247777,-2.3956247776624195e-05,-4.7103595896658135e-05,13.74897918204184,13.748932078445943,False
754.1000000001029,30.00002596003074,30.00002596003074,-2.5960030740179718e-05,-5.112346475755203e-05,13.748978191633025,13.748927068168268,False
754.600000000103,30.000027933145134,30.000027933145134,-2.7933145133829385e-05,-5.508193719094834e-05,13.748977121564062,13.748922039626871,False
755.1000000001031,30.000029875740466,30.000029875740466,-2.987574046642294e-05,-5.897931135478984e-05,13.74897597305931,13.748916993747955,False
755.6000000001033,30.000031787968336,30.000031787968336,-3.178796833580577e-05,-6.281588962764317e-05,13.748974747337114,13.748911931447486,False
756.1000000001034,30.000033669982372,30.000033669982372,-3.366998237197549e-05,-6.659197845948484e-05,13.748973445609721,13.748906853631262,False
756.6000000001035,30.00003552193822,30.00003552193822,-3.552193821931837e-05,-7.030788833617407e-05,13.748972069083194,13.748901761194858,False
757.1000000001036,30.000037343993455,30.000037343993455,-3.734399345489692e-05,-7.396393365866061e-05,13.748970618957356,13.748896655023698,False
757.6000000001037,30.000039136307556,30.000039136307556,-3.913630755647546e-05,-7.756043262219237e-05,13.748969096425679,13.748891535993057,False
758.1000000001038,30.000040899041856,30.000040899041856,-4.089904185633486e-05,-8.109770715236664e-05,13.748967502675232,13.74888640496808,False
758.6000000001039,30.000042632359488,30.000042632359488,-4.263235948798183e-05,-8.457608281275952e-05,13.748965838886607,13.748881262803794,False
759.100000000104,30.000044336425344,30.000044336425344,-4.433642534351634e-05,-8.799588868413366e-05,13.748964106233835,13.748876110345151,False
759.6000000001042,30.00004601140603,30.00004601140603,-4.601140603099907e-05,-9.135745730759481e-05,13.748962305884325,13.748870948427017,False
760.1000000001043,30.00004765746983,30.00004765746983,-4.765746982826613e-05,-9.466112457801046e-05,13.7489604389988,13.748865777874222,False
760.6000000001044,30.000049274786623,30.000049274786623,-4.927478662253293e-05,-9.790722963032295e-05,13.748958506731219,13.748860599501588,False
761.1000000001045,30.00005086352788,30.00005086352788,-5.0863527878419745e-05,-0.00010109611477560065,13.748956510228727,13.748855414113951,False
761.6000000001046,30.000052423866606,30.000052423866606,-5.242386660597731e-05,-0.00010422812541577287,13.748954450631585,13.748850222506169,False
762.1000000001047,30.000053955977286,30.000053955977286,-5.3955977286079815e-05,-0.00010730360993704835,13.748952329073097,13.74884502546316,False
762.6000000001048,30.000055460035856,30.000055460035856,-5.546003585621406e-05,-0.0001103229196388611,13.748950146679583,13.748839823759944,False
763.100000000105,30.000056936219643,30.000056936219643,-5.69362196429779e-05,-0.00011328640862018347,13.748947904570292,13.748834618161672,False
763.6000000001051,30.00005838470734,30.00005838470734,-5.838470734076395e-05,-0.00011619443373689364,13.74894560385736,13.748829409423623,False
764.1000000001052,30.00005980567895,30.00005980567895,-5.980567895136346e-05,-0.0001190473544667725,13.748943245645759,13.748824198291292,False
764.6000000001053,30.000061199315752,30.000061199315752,-6.119931575199189e-05,-0.00012184553286687105,13.748940831033233,13.748818985500366,False
765.1000000001054,30.000062565800256,30.000062565800256,-6.256580025620906e-05,-0.00012458933347403445,13.748938361110257,13.748813771776783,False
765.6000000001055,30.00006390531616,30.00006390531616,-6.390531616062844e-05,-0.00012727912321963686,13.748935836959987,13.748808557836767,False
766.1000000001056,30.000065218048313,30.000065218048313,-6.521804831294276e-05,-0.00012991527134431635,13.748933259658218,13.748803344386873,False
766.6000000001058,30.000066504182666,30.000066504182666,-6.650418266573865e-05,-0.00013249814931270976,13.748930630273321,13.748798132124008,False
767.1000000001059,30.000067763906248,30.000067763906248,-6.776390624807505e-05,-0.00013502813076371467,13.748927949866223,13.74879292173546,False
767.600000000106,30.000068997407116,30.000068997407116,-6.899740711574509e-05,-0.00013750559139680263,13.748925219490348,13.74878771389895,False
768.1000000001061,30.00007020487431,30.00007020487431,-7.020487430864364e-05,-0.00013993090891517568,13.748922440191581,13.748782509282666,False
768.6000000001062,30.00007138649782,30.00007138649782,-7.13864978187928e-05,-0.00014230446291918497,13.748919613008239,13.74877730854532,False
769.1000000001063,30.000072542468548,30.000072542468548,-7.25424685477094e-05,-0.0001446266348636982,13.748916738971012,13.748772112336148,False
769.6000000001064,30.000073672978278,30.000073672978278,-7.367297827798325e-05,-0.0001468978079515182,13.748913819102944,13.748766921294992,False
770.1000000001065,30.000074778219627,30.000074778219627,-7.477821962709186e-05,-0.0001491183671120666,13.748910854419398,13.748761736052286,False
770.6000000001067,30.000075858386005,30.000075858386005,-7.585838600476791e-05,-0.00015128869883085372,13.748907845928022,13.748756557229191,False
771.1000000001068,30.000076913671588,30.000076913671588,-7.691367158813023e-05,-0.00015340919117790008,13.748904794628704,13.748751385437526,False
771.6000000001069,30.00007794427127,30.00007794427127,-7.79442712683931e-05,-0.00015548023365141717,13.748901701513562,13.74874622127991,False
772.100000000107,30.000078950380647,30.000078950380647,-7.895038064731352e-05,-0.0001575022171707019,13.748898567566906,13.748741065349735,False
772.6000000001071,30.00007993219596,30.00007993219596,-7.993219595903156e-05,-0.00015947553396244984,13.748895393765208,13.748735918231246,False
773.1000000001072,30.000080889914067,30.000080889914067,-8.088991406651758e-05,-0.0001614005775039118,13.748892181077085,13.748730780499582,False
773.6000000001073,30.00008182373242,30.00008182373242,-8.18237324189397e-05,-0.0001632777424660503,13.748888930463268,13.748725652720802,False
774.1000000001075,30.000082733849,30.000082733849,-8.27338489983731e-05,-0.00016510742460695838,13.748885642876578,13.748720535451971,False
774.6000000001076,30.00008362046231,30.00008362046231,-8.362046230914189e-05,-0.00016689002072212133,13.748882319261913,13.74871542924119,False
775.1000000001077,30.00008448377135,30.00008448377135,-8.448377134939733e-05,-0.0001686259286302061,13.748878960556219,13.748710334627589,False
775.6000000001078,30.000085323975547,30.000085323975547,-8.532397554716908e-05,-0.00017031554701674168,13.748875567688481,13.748705252141464,False
776.1000000001079,30.00008614127475,30.00008614127475,-8.614127474970701e-05,-0.00017195927540569755,13.748872141579696,13.74870018230429,False
776.600000000108,30.00008693586919,30.00008693586919,-8.693586919150675e-05,-0.00017355751412395648,13.74886868314286,13.748695125628736,False
777.1000000001081,30.000087707959445,30.000087707959445,-8.770795944457177e-05,-0.00017511066418052224,13.748865193282956,13.748690082618776,False
777.6000000001083,30.000088457746415,30.000088457746415,-8.84577464148606e-05,-0.0001766191272594142,13.74886167289694,13.74868505376968,False
778.1000000001084,30.00008918543128,30.00008918543128,-8.9185431278338e-05,-0.00017808330561308594,13.748858122873722,13.748680039568109,False
778.6000000001085,30.000089891215477,30.000089891215477,-8.989121547742229e-05,-0.00017950360202689808,13.748854544094163,13.748675040492136,False
779.1000000001086,30.000090575300675,30.000090575300675,-9.057530067480002e-05,-0.0001808804197409586,13.748850937431069,13.748670057011328,False
779.6000000001087,30.00009123788872,30.00009123788872,-9.123788872145155e-05,-0.0001822141623790685,13.748847303749168,13.748665089586789,False
780.1000000001088,30.000091879181653,30.000091879181653,-9.187918165309839e-05,-0.00018350523394872198,13.74884364390511,13.74866013867116,False
780.6000000001089,30.000092499381612,30.000092499381612,-9.249938161204341e-05,-0.00018475403869899765,13.748839958747471,13.748655204708772,False
781.100000000109,30.00009309869086,30.00009309869086,-9.309869086138178e-05,-0.00018596098111345327,13.748836249116733,13.74865028813562,False
781.6000000001092,30.000093677311757,30.000093677311757,-9.367731175657923e-05,-0.00018712646586749315,13.748832515845283,13.748645389379416,False
782.1000000001093,30.000094235446674,30.000094235446674,-9.423544667441774e-05,-0.00018825089770757586,13.748828759757423,13.748640508859715,False
782.6000000001094,30.00009477329802,30.00009477329802,-9.477329802010104e-05,-0.00018933468143700338,13.74882498166935,13.748635646987912,False
783.1000000001095,30.000095291068206,30.000095291068206,-9.529106820593825e-05,-0.00019037822189460485,13.74882118238917,13.748630804167275,False
783.6000000001096,30.00009578895959,30.00009578895959,-9.57889595909478e-05,-0.00019138192381262797,13.748817362716892,13.74862598079308,False
784.1000000001097,30.00009626717449,30.00009626717449,-9.626717449151556e-05,-0.00019234619184516077,13.748813523444428,13.748621177252582,False
784.6000000001098,30.000096725915117,30.000096725915117,-9.672591511744599e-05,-0.00019327143046155015,13.748809665355605,13.748616393925143,False
785.10000000011,30.000097165383583,30.000097165383583,-9.716538358262028e-05,-0.00019415804393219105,13.748805789226155,13.748611631182223,False
785.6000000001101,30.00009758578185,30.00009758578185,-9.758578185170563e-05,-0.00019500643625036673,13.748801895823737,13.748606889387487,False
786.1000000001102,30.00009798731173,30.00009798731173,-9.798731172949715e-05,-0.00019581701108961624,13.748797985907927,13.748602168896838,False
786.6000000001103,30.00009837017483,30.00009837017483,-9.837017482894339e-05,-0.00019659017176110183,13.748794060230237,13.748597470058476,False
787.1000000001104,30.000098734572546,30.000098734572546,-9.873457254627738e-05,-0.0001973263211496601,13.748790119534116,13.748592793212966,False
787.6000000001105,30.000099080706043,30.000099080706043,-9.908070604325303e-05,-0.00019802586167116942,13.748786164554954,13.748588138693282,False
788.1000000001106,30.00009940877622,30.00009940877622,-9.940877621872346e-05,-0.00019868919522991746,13.748782196020107,13.748583506824877,False
788.6000000001108,30.000099718983684,30.000099718983684,-9.971898368377197e-05,-0.0001993167231759685,13.748778214648896,13.74857889792572,False
789.1000000001109,30.00010001152874,30.00010001152874,-0.00010001152874039576,-0.0001999088462341092,13.748774221152628,13.748574312306394,False
789.600000000111,30.000100286611357,30.000100286611357,-0.00010028661135663697,-0.0002004659644825324,13.748770216234599,13.748569750270116,False
790.1000000001111,30.000100544431156,30.000100544431156,-0.00010054443115592449,-0.000200988477303099,13.748766200590106,13.748565212112803,False
790.6000000001112,30.000100785187374,30.000100785187374,-0.00010078518737444142,-0.00020147678333160002,13.748762174906474,13.748560698123143,False
791.1000000001113,30.000101009078854,30.000101009078854,-0.00010100907885401966,-0.0002019312804151241,13.748758139863067,13.748556208582652,False
791.6000000001114,30.000101216304017,30.000101216304017,-0.00010121630401727089,-0.0002023523655623194,13.748754096131295,13.748551743765733,False
792.1000000001115,30.000101407060843,30.000101407060843,-0.00010140706084271756,-0.00020274043491497196,13.748750044374642,13.748547303939727,False
792.6000000001117,30.00010158154685,30.00010158154685,-0.00010158154685058207,-0.0002030958836982677,13.748745985248684,13.748542889364986,False
793.1000000001118,30.000101739959078,30.000101739959078,-0.00010173995907791777,-0.00020341910618526526,13.748741919401093,13.748538500294908,False
793.6000000001119,30.00010188249406,30.00010188249406,-0.00010188249406084537,-0.00020371049565426347,13.748737847471675,13.748534136976021,False
794.100000000112,30.000102009347813,30.000102009347813,-0.00010200934781323667,-0.0002039704443390633,13.748733770092388,13.748529799648049,False
794.6000000001121,30.000102120715805,30.000102120715805,-0.00010212071580539828,-0.00020419934340765167,13.748729687887346,13.748525488543939,False
795.1000000001122,30.00010221679295,30.00010221679295,-0.00010221679294986075,-0.00020439758290535792,13.748725601472861,13.748521203889956,False
795.6000000001123,30.000102297773577,30.000102297773577,-0.0001022977735765096,-0.0002045655517264322,13.748721511457454,13.748516945905727,False
796.1000000001125,30.000102363851422,30.000102363851422,-0.00010236385142192717,-0.00020470363759272914,13.748717418441887,13.748512714804294,False
796.6000000001126,30.000102415219605,30.000102415219605,-0.0001024152196045236,-0.00020481222698265356,13.748713323019174,13.748508510792192,False
797.1000000001127,30.00010245207061,30.00010245207061,-0.00010245207061032602,-0.0002048917051311605,13.748709225774626,13.748504334069494,False
797.6000000001128,30.000102474596282,30.000102474596282,-0.00010247459628232036,-0.00020494245598001726,13.748705127285858,13.748500184829878,False
798.1000000001129,30.000102482987785,30.000102482987785,-0.00010248298778492426,-0.0002049648621280653,13.748701028122817,13.748496063260689,False
798.600000000113,30.000102477435604,30.000102477435604,-0.00010247743560398703,-0.00020495930483122038,13.748696928847826,13.748491969542995,False
799.1000000001131,30.000102458129522,30.000102458129522,-0.00010245812952192068,-0.00020492616393141816,13.74869283001559,13.74848790385166,False
799.6000000001133,30.00010242525861,30.00010242525861,-0.00010242525861059448,-0.00020486581785661429,13.74868873217324,13.748483866355384,False
800.1000000001134,30.0001023790112,30.0001023790112,-0.00010237901119936055,-0.00020477864357104636,13.748684635860352,13.74847985721678,False
800.6000000001135,30.00010231957488,30.00010231957488,-0.00010231957487860655,-0.00020466501655391767,13.74868054160898,13.748475876592426,False
801.1000000001136,30.000102247136468,30.000102247136468,-0.00010224713646778127,-0.00020452531074965918,13.748676449943694,13.748471924632945,False
801.6000000001137,30.00010216188201,30.00010216188201,-0.00010216188200828924,-0.00020435989856082415,13.748672361381594,13.748468001483033,False
802.1000000001138,30.00010206399676,30.00010206399676,-0.00010206399675993794,-0.00020416915081966636,13.748668276432355,13.748464107281535,False
802.6000000001139,30.000101953665165,30.000101953665165,-0.00010195366516541071,-0.00020395343673129673,13.748664195598254,13.748460242161523,False
803.100000000114,30.000101831070843,30.000101831070843,-0.00010183107084316134,-0.00020371312388078877,13.748660119374208,13.748456406250327,False
803.6000000001142,30.00010169639659,30.00010169639659,-0.00010169639659096674,-0.00020344857818344053,13.748656048247797,13.748452599669614,False
804.1000000001143,30.000101549824343,30.000101549824343,-0.0001015498243432944,-0.00020316016385635294,13.748651982699307,13.748448822535451,False
804.6000000001144,30.00010139153519,30.00010139153519,-0.00010139153518906596,-0.00020284824341842977,13.748647923201752,13.748445074958333,False
805.1000000001145,30.000101221709333,30.000101221709333,-0.00010122170933257735,-0.0002025131776406397,13.748643870220926,13.748441357043285,False
805.6000000001146,30.000101040526093,30.000101040526093,-0.00010104052609349878,-0.0002021553255104891,13.748639824215427,13.748437668889917,False
806.1000000001147,30.000100848163896,30.000100848163896,-0.00010084816389621665,-0.0002017750442391275,13.748635785636688,13.74843401059245,False
806.6000000001148,30.000100644800256,30.000100644800256,-0.00010064480025562261,-0.0002013726892187151,13.748631754929031,13.748430382239812,False
807.100000000115,30.000100430611752,30.000100430611752,-0.00010043061175224466,-0.00020094861399400088,13.74862773252968,13.748426783915686,False
807.6000000001151,30.00010020577405,30.00010020577405,-0.00010020577405001063,-0.00020050317025521736,13.748623718868817,13.748423215698562,False
808.1000000001152,30.00009997046186,30.00009997046186,-9.997046186072112e-05,-0.00020003670780965876,13.748619714369609,13.748419677661799,False
808.6000000001153,30.00009972484894,30.00009972484894,-9.972484894049671e-05,-0.00019954957454615396,13.748615719448255,13.748416169873709,False
809.1000000001154,30.000099469108083,30.000099469108083,-9.946910808267262e-05,-0.0001990421164563827,13.748611734514018,13.748412692397562,False
809.6000000001155,30.000099203411107,30.000099203411107,-9.920341110714048e-05,-0.00019851467755671592,13.74860775996926,13.748409245291704,False
810.1000000001156,30.000098927928843,30.000098927928843,-9.892792884258483e-05,-0.00019796759990242663,13.74860379620949,13.748405828609588,False
810.6000000001158,30.00009864283112,30.00009864283112,-9.864283111937766e-05,-0.00019740122356637357,13.748599843623401,13.748402442399835,False
811.1000000001159,30.000098348286773,30.000098348286773,-9.834828677313112e-05,-0.00019681588660347415,13.748595902592909,13.748399086706305,False
811.600000000116,30.000098044463616,30.000098044463616,-9.804446361627583e-05,-0.00019621192506491525,13.748591973493182,13.748395761568117,False
812.1000000001161,30.000097731528445,30.000097731528445,-9.77315284451663e-05,-0.0001955896729413098,13.74858805669271,13.74839246701977,False
812.6000000001162,30.000097409647022,30.000097409647022,-9.740964702231736e-05,-0.00019494946216980225,13.748584152553313,13.748389203091143,False
813.1000000001163,30.00009707898407,30.00009707898407,-9.707898406929871e-05,-0.00019429162261985766,13.7485802614302,13.74838596980758,False
813.6000000001164,30.00009673970326,30.00009673970326,-9.673970325962955e-05,-0.00019361648205773463,13.748576383672015,13.748382767189957,False
814.1000000001166,30.000096391967205,30.000096391967205,-9.639196720456766e-05,-0.00019292436613227437,13.748572519620861,13.748379595254729,False
814.6000000001167,30.000096035937467,30.000096035937467,-9.603593746732031e-05,-0.0001922155983820062,13.748568669612364,13.748376454013982,False
815.1000000001168,30.000095671774528,30.000095671774528,-9.567177452751707e-05,-0.00019149050020672576,13.748564833975703,13.748373343475496,False
815.6000000001169,30.000095299637795,30.000095299637795,-9.529963779542072e-05,-0.00019074939086038967,13.748561013033648,13.748370263642787,False
816.100000000117,30.000094919685584,30.000094919685584,-9.49196855835055e-05,-0.00018999258740137748,13.748557207102616,13.748367214515214,False
816.6000000001171,30.000094532075117,30.000094532075117,-9.453207511711526e-05,-0.0001892204047209134,13.748553416492703,13.748364196087982,False
817.1000000001172,30.000094136962534,30.000094136962534,-9.413696253446346e-05,-0.00018843315552885542,13.748549641507738,13.74836120835221,False
817.6000000001173,30.000093734502858,30.000093734502858,-9.37345028582115e-05,-0.0001876311503110628,13.748545882445326,13.748358251295015,False
818.1000000001175,30.00009332485001,30.00009332485001,-9.33248500096795e-05,-0.00018681469736492318,13.748542139596887,13.748355324899523,False
818.6000000001176,30.00009290815678,30.00009290815678,-9.290815678042463e-05,-0.0001859841027211928,13.748538413247688,13.748352429144967,False
819.1000000001177,30.00009248457485,30.00009248457485,-9.248457485000472e-05,-0.00018513967017952382,13.748534703676926,13.748349564006746,False
819.6000000001178,30.000092054254775,30.000092054254775,-9.205425477532003e-05,-0.0001842817013084641,13.748531011157734,13.748346729456426,False
820.1000000001179,30.000091617345973,30.000091617345973,-9.161734597284976e-05,-0.0001834104953957194,13.748527335957238,13.748343925461842,False
820.600000000118,30.00009117399673,30.00009117399673,-9.117399672931015e-05,-0.00018252634946946955,13.748523678336612,13.748341151987143,False
821.1000000001181,30.00009072435419,30.00009072435419,-9.072435419099634e-05,-0.00018162955827705218,13.748520038551119,13.748338408992842,False
821.6000000001183,30.000090268564346,30.000090268564346,-9.026856434601882e-05,-0.00018072041425654106,13.748516416850148,13.748335696435891,False
822.1000000001184,30.000089806772046,30.000089806772046,-8.980677204561971e-05,-0.00017979920757937862,13.748512813477273,13.748333014269694,False
822.6000000001185,30.000089339120986,30.000089339120986,-8.933912098640917e-05,-0.00017886622607932168,13.748509228670292,13.748330362444213,False
823.1000000001186,30.0000888657537,30.0000888657537,-8.886575369970728e-05,-0.00017792175530217946,13.748505662661264,13.748327740905962,False
823.6000000001187,30.00008838681156,30.00008838681156,-8.838681155864947e-05,-0.0001769660784560756,13.748502115676576,13.74832514959812,False
824.1000000001188,30.00008790243478,30.00008790243478,-8.79024347817392e-05,-0.00017599947643276437,13.748498587936975,13.748322588460542,False
824.6000000001189,30.0000874127624,30.0000874127624,-8.741276240087359e-05,-0.00017502222777920906,13.74849507965762,13.74832005742984,False
825.100000000119,30.000086917932297,30.000086917932297,-8.69179322968705e-05,-0.00017403460871179277,13.748491591048122,13.74831755643941,False
825.6000000001192,30.000086418081175,30.000086418081175,-8.641808117459959e-05,-0.00017303689311631842,13.748488122312597,13.748315085419481,False
826.1000000001193,30.000085913344552,30.000085913344552,-8.591334455232413e-05,-0.0001720293525053762,13.74848467364972,13.748312644297215,False
826.6000000001194,30.000085403856772,30.000085403856772,-8.540385677235918e-05,-0.000171012256025449,13.748481245252753,13.748310232996728,False
827.1000000001195,30.000084889751005,30.000084889751005,-8.488975100462426e-05,-0.00016998587049243952,13.748477837309608,13.748307851439115,False
827.6000000001196,30.000084371159236,30.000084371159236,-8.437115923598526e-05,-0.0001689504603490377,13.748474450002888,13.748305499542539,False
828.1000000001197,30.000083848212263,30.000083848212263,-8.384821226314898e-05,-0.00016790628767182625,13.748471083509942,13.74830317722227,False
828.6000000001198,30.0000833210397,30.0000833210397,-8.332103969976856e-05,-0.00016685361215706962,13.748467738002896,13.748300884390739,False
829.10000000012,30.000082789769973,30.000082789769973,-8.278976997289078e-05,-0.000165792691134925,13.748464413648719,13.748298620957584,False
829.6000000001201,30.000082254530327,30.000082254530327,-8.225453032650876e-05,-0.00016472377956233686,13.74846111060925,13.748296386829688,False
830.1000000001202,30.00008171544681,30.00008171544681,-8.171544681090381e-05,-0.0001636471300301423,13.748457829041271,13.748294181911241,False
830.6000000001203,30.000081172644276,30.000081172644276,-8.117264427554005e-05,-0.00016256299269912233,13.748454569096538,13.748292006103839,False
831.1000000001204,30.000080626246397,30.000080626246397,-8.062624639748606e-05,-0.00016147161540658317,13.748451330921824,13.748289859306418,False
831.6000000001205,30.000080076375657,30.000080076375657,-8.00763756565459e-05,-0.0001603732435881966,13.748448114658983,13.748287741415394,False
832.1000000001206,30.000079523153328,30.000079523153328,-7.952315332815374e-05,-0.00015926812027799997,13.74844492044498,13.748285652324702,False
832.6000000001208,30.00007896669952,30.00007896669952,-7.89666995189009e-05,-0.00015815648615102873,13.748441748411958,13.748283591925807,False
833.1000000001209,30.000078407133124,30.000078407133124,-7.840713312390335e-05,-0.00015703857948778932,13.748438598687267,13.74828156010778,False
833.600000000121,30.00007784457185,30.00007784457185,-7.784457185167071e-05,-0.00015591463617425916,13.748435471393526,13.748279556757351,False
834.1000000001211,30.000077279132228,30.000077279132228,-7.727913222765892e-05,-0.00015478488973741378,13.748432366648661,13.748277581758924,False
834.6000000001212,30.00007671092957,30.00007671092957,-7.671092956940129e-05,-0.00015364957129548884,13.748429284565958,13.748275634994663,False
835.1000000001213,30.00007614007802,30.00007614007802,-7.614007801848288e-05,-0.0001525089096006127,13.748426225254102,13.748273716344501,False
835.6000000001214,30.000075566690526,30.000075566690526,-7.55666905263297e-05,-0.0001513631310388064,13.748423188817247,13.748271825686208,False
836.1000000001216,30.000074990878844,30.000074990878844,-7.499087884355049e-05,-0.00015021245958024565,13.748420175355031,13.748269962895451,False
836.6000000001217,30.00007441275354,30.00007441275354,-7.44127535412531e-05,-0.0001490571168503152,13.748417184962655,13.748268127845805,False
837.1000000001218,30.000073832424004,30.000073832424004,-7.383242400393897e-05,-0.00014789732207987072,13.748414217730906,13.748266320408826,False
837.6000000001219,30.00007324999843,30.00007324999843,-7.32499984295032e-05,-0.00014673329214787145,13.74841127374622,13.748264540454072,False
838.100000000122,30.000072665583833,30.000072665583833,-7.26655838327872e-05,-0.00014556524155295847,13.748408353090722,13.74826278784917,False
838.6000000001221,30.00007207928604,30.00007207928604,-7.207928603847336e-05,-0.00014439338242766553,13.748405455842274,13.748261062459846,False
839.1000000001222,30.0000714912097,30.0000714912097,-7.149120969884848e-05,-0.00014321792453131366,13.748402582074528,13.748259364149996,False
839.6000000001223,30.00007090145829,30.00007090145829,-7.090145829025118e-05,-0.00014203907529974913,13.748399731856967,13.748257692781667,False
840.1000000001225,30.000070310134106,30.000070310134106,-7.031013410596643e-05,-0.00014085703978850006,13.748396905254952,13.748256048215163,False
840.6000000001226,30.000069717338263,30.000069717338263,-6.971733826333093e-05,-0.0001396720207011981,13.74839410232977,13.74825443030907,False
841.1000000001227,30.000069123170714,30.000069123170714,-6.912317071439134e-05,-0.00013848421840378933,13.748391323138692,13.748252838920289,False
841.6000000001228,30.000068527730235,30.000068527730235,-6.852773023524605e-05,-0.00013729383092453418,13.748388567734994,13.748251273904069,False
842.1000000001229,30.000067931114433,30.000067931114433,-6.79311144331507e-05,-0.00013610105394690208,13.748385836168032,13.748249735114085,False
842.600000000123,30.00006733341976,30.00006733341976,-6.733341976072893e-05,-0.00013490608083088773,13.748383128483269,13.748248222402438,False
843.1000000001231,30.000066734741498,30.000066734741498,-6.67347414982089e-05,-0.00013370910260590563,13.748380444722338,13.748246735619732,False
843.6000000001233,30.00006613517378,30.00006613517378,-6.613517377829226e-05,-0.00013251030799921182,13.748377784923067,13.748245274615067,False
844.1000000001234,30.000065534809558,30.000065534809558,-6.553480955773239e-05,-0.00013130988339327132,13.748375149119543,13.74824383923615,False
844.6000000001235,30.00006493374066,30.00006493374066,-6.493374065996704e-05,-0.00013010801288970697,13.748372537342153,13.748242429329263,False
845.1000000001236,30.00006433205775,30.00006433205775,-6.43320577502493e-05,-0.0001289048782808777,13.748369949617635,13.748241044739354,False
845.6000000001237,30.00006372985035,30.00006372985035,-6.372985034985845e-05,-0.00012770065906408945,13.748367385969104,13.74823968531004,False
846.1000000001238,30.000063127206836,30.000063127206836,-6.312720683609996e-05,-0.0001264955324487005,13.748364846416132,13.748238350883684,False
846.6000000001239,30.000062524214446,30.000062524214446,-6.25242144458582e-05,-0.00012528967337033237,13.74836233097476,13.74823704130139,False
847.100000000124,30.000061920959283,30.000061920959283,-6.192095928270192e-05,-0.00012408325448376445,13.748359839657558,13.748235756403075,False
847.6000000001242,30.000061317526317,30.000061317526317,-6.131752631688414e-05,-0.0001228764461842502,13.748357372473679,13.748234496027495,False
848.1000000001243,30.000060713999392,30.000060713999392,-6.0713999392447704e-05,-0.0001216694166146226,13.74835492942889,13.748233260012276,False
848.6000000001244,30.00006011046123,30.00006011046123,-6.01104612307779e-05,-0.00012046233165818876,13.74835251052562,13.748232048193962,False
849.1000000001245,30.000059506993427,30.000059506993427,-5.950699342704979e-05,-0.00011925535496004613,13.748350115763012,13.748230860408052,False
849.6000000001246,30.000058903676464,30.000058903676464,-5.890367646443906e-05,-0.00011804864792708258,13.748347745136957,13.74822969648903,False
850.1000000001247,30.000058300589714,30.000058300589714,-5.8300589714122e-05,-0.00011684236974929263,13.748345398640149,13.7482285562704,False
850.6000000001249,30.00005769781144,30.00005769781144,-5.769781143882824e-05,-0.00011563667739267203,13.748343076262124,13.748227439584731,False
851.100000000125,30.000057095418807,30.000057095418807,-5.70954188070516e-05,-0.00011443172562763948,13.748340777989306,13.748226346263678,False
851.6000000001251,30.00005649348788,30.00005649348788,-5.649348787883923e-05,-0.00011322766702903664,13.748338503805048,13.748225276138019,False
852.1000000001252,30.000055892093627,30.000055892093627,-5.58920936271079e-05,-0.00011202465196191724,13.748336253689677,13.748224229037715,False
852.6000000001253,30.00005529130993,30.00005529130993,-5.5291309930538546e-05,-0.00011082282863128512,13.74833402762054,13.748223204791909,False
853.1000000001254,30.000054691209584,30.000054691209584,-5.469120958423446e-05,-0.00010962234305367247,13.748331825572052,13.748222203228998,False
853.6000000001255,30.000054091864314,30.000054091864314,-5.409186431393209e-05,-0.00010842333911398327,13.748329647515721,13.748221224176607,False
854.1000000001256,30.00005349334476,30.00005349334476,-5.3493344758237527e-05,-0.00010722595851575534,13.748327493420216,13.7482202674617,False
854.6000000001258,30.000052895720497,30.000052895720497,-5.289572049704816e-05,-0.0001060303408451091,13.748325363251388,13.748219332910542,False
855.1000000001259,30.000052299060037,30.000052299060037,-5.229906003734186e-05,-0.00010483662354232592,13.748323256972327,13.748218420348785,False
855.600000000126,30.00005170343083,30.00005170343083,-5.170343083094053e-05,-0.00010364494193737528,13.748321174543399,13.748217529601462,False
856.1000000001261,30.000051108899278,30.000051108899278,-5.1108899278062836e-05,-0.00010245542924991469,13.748319115922289,13.74821666049304,False
856.6000000001262,30.000050515530724,30.000050515530724,-5.051553072377146e-05,-0.00010126821658218432,13.748317081064041,13.748215812847459,False
857.1000000001263,30.00004992338948,30.00004992338948,-4.9923389479289426e-05,-0.00010008343298295586,13.748315069921103,13.74821498648812,False
857.6000000001264,30.00004933253882,30.00004933253882,-4.933253881844735e-05,-9.890120540489988e-05,13.74831308244336,13.748214181237955,False
858.1000000001266,30.00004874304097,30.00004874304097,-4.874304097057802e-05,-9.772165872590222e-05,13.748311118578204,13.748213396919478,False
858.6000000001267,30.000048154957156,30.000048154957156,-4.8154957156043565e-05,-9.654491578459101e-05,13.748309178270526,13.748212633354742,False
859.1000000001268,30.00004756834756,30.00004756834756,-4.756834756136641e-05,-9.537109737323135e-05,13.748307261462806,13.748211890365432,False
859.6000000001269,30.00004698327136,30.00004698327136,-4.6983271360545587e-05,-9.420032224483066e-05,13.748305368095123,13.748211167772878,False
860.100000000127,30.00004639978672,30.00004639978672,-4.639978671860945e-05,-9.303270712734957e-05,13.748303498105209,13.748210465398081,False
860.6000000001271,30.00004581795081,30.00004581795081,-4.5817950809379226e-05,-9.186836676633447e-05,13.74830165142848,13.748209783061714,False
861.1000000001272,30.00004523781979,30.00004523781979,-4.523781979060004e-05,-9.070741388228498e-05,13.748299827998089,13.748209120584207,False
861.6000000001274,30.000044659448843,30.000044659448843,-4.4659448843020755e-05,-8.954995922039188e-05,13.748298027744955,13.748208477785735,False
862.1000000001275,30.00004408289215,30.00004408289215,-4.408289214907768e-05,-8.83961115576426e-05,13.748296250597798,13.74820785448624,False
862.6000000001276,30.000043508202925,30.000043508202925,-4.350820292486901e-05,-8.724597770282116e-05,13.748294496483199,13.748207250505496,False
863.1000000001277,30.000042935433402,30.000042935433402,-4.2935433402391254e-05,-8.60996625107191e-05,13.74829276532562,13.74820666566311,False
863.6000000001278,30.00004236463485,30.00004236463485,-4.236463485085551e-05,-8.49572689105571e-05,13.74829105704745,13.748206099778539,False
864.1000000001279,30.00004179585758,30.00004179585758,-4.179585758024018e-05,-8.381889789887964e-05,13.748289371569035,13.748205552671136,False
864.600000000128,30.00004122915094,30.00004122915094,-4.122915094129098e-05,-8.268464856087121e-05,13.748287708808745,13.748205024160184,False
865.1000000001281,30.000040664563343,30.000040664563343,-4.06645633432845e-05,-8.155461809877806e-05,13.748286068682965,13.748204514064867,False
865.6000000001283,30.000040102142243,30.000040102142243,-4.0102142243370054e-05,-8.042890179638107e-05,13.748284451106178,13.748204022204382,False
866.1000000001284,30.000039541934168,30.000039541934168,-3.9541934167885984e-05,-7.930759307583912e-05,13.748282855990974,13.748203548397898,False
866.6000000001285,30.00003898398471,30.00003898398471,-3.898398470880693e-05,-7.819078350479458e-05,13.748281283248097,13.748203092464593,False
867.1000000001286,30.000038428338556,30.000038428338556,-3.8428338555718256e-05,-7.707856281768954e-05,13.74827973278649,13.748202654223672,False
867.6000000001287,30.000037875039453,30.000037875039453,-3.787503945318349e-05,-7.597101888023872e-05,13.74827820451331,13.74820223349443,False
868.1000000001288,30.000037324130254,30.000037324130254,-3.7324130254035026e-05,-7.486823775337825e-05,13.748276698333994,13.74820183009624,False
868.600000000129,30.000036775652905,30.000036775652905,-3.677565290516327e-05,-7.377030368616033e-05,13.748275214152265,13.74820144384858,False
869.1000000001291,30.000036229648448,30.000036229648448,-3.622964844751664e-05,-7.267729913706944e-05,13.748273751870197,13.74820107457106,False
869.6000000001292,30.00003568615704,30.00003568615704,-3.5686157040970556e-05,-7.158930475981151e-05,13.748272311388227,13.748200722083467,False
870.1000000001293,30.000035145217964,30.000035145217964,-3.514521796432746e-05,-7.050639947436821e-05,13.748270892605202,13.748200386205728,False
870.6000000001294,30.000034606869605,30.000034606869605,-3.460686960465864e-05,-6.94286604101535e-05,13.748269495418409,13.748200066757999,False
871.1000000001295,30.000034071149503,30.000034071149503,-3.407114950348955e-05,-6.835616298417335e-05,13.748268119723614,13.74819976356063,False
871.6000000001296,30.00003353809431,30.00003353809431,-3.35380943106145e-05,-6.728898085128776e-05,13.748266765415103,13.748199476434252,False
872.1000000001297,30.000033007739837,30.000033007739837,-3.300773983738736e-05,-6.622718596815957e-05,13.748265432385702,13.748199205199734,False
872.6000000001299,30.000032480121046,30.000032480121046,-3.248012104606346e-05,-6.517084860035993e-05,13.74826412052682,13.748198949678219,False
873.10000000013,30.000031955272043,30.000031955272043,-3.1955272042694105e-05,-6.412003730105198e-05,13.74826282972848,13.748198709691179,False
873.6000000001301,30.000031433226106,30.000031433226106,-3.143322610554833e-05,-6.307481895362343e-05,13.748261559879356,13.748198485060403,False
874.1000000001302,30.000030914015685,30.000030914015685,-3.091401568511287e-05,-6.203525879300287e-05,13.748260310866806,13.748198275608013,False
874.6000000001303,30.0000303976724,30.0000303976724,-3.0397672400539477e-05,-6.1001420391448846e-05,13.748259082576894,13.748198081156502,False
875.1000000001304,30.00002988422707,30.00002988422707,-2.9884227071619307e-05,-5.99733657011825e-05,13.748257874894446,13.748197901528744,False
875.6000000001305,30.000029373709697,30.000029373709697,-2.9373709697466666e-05,-5.89511550472821e-05,13.748256687703059,13.748197736548011,False
876.1000000001306,30.000028866149474,30.000028866149474,-2.8866149474282565e-05,-5.79348471418939e-05,13.748255520885143,13.748197586038001,False
876.6000000001308,30.00002836157481,30.00002836157481,-2.8361574809565582e-05,-5.6924499119759275e-05,13.748254374321958,13.748197449822838,False
877.1000000001309,30.00002786001332,30.00002786001332,-2.786001331855914e-05,-5.5920166531109317e-05,13.748253247893636,13.748197327727105,False
877.600000000131,30.000027361491835,30.000027361491835,-2.7361491834909657e-05,-5.49219033416648e-05,13.748252141479215,13.748197219575873,False
878.1000000001311,30.000026866036418,30.000026866036418,-2.6866036417771966e-05,-5.39297619823742e-05,13.748251054956683,13.7481971251947,False
878.6000000001312,30.00002637367237,30.00002637367237,-2.6373672369572887e-05,-5.2943793363624536e-05,13.748249988202984,13.74819704440962,False
879.1000000001313,30.00002588442421,30.00002588442421,-2.5884424211142232e-05,-5.196404683971423e-05,13.748248941094069,13.748196977047229,False
879.6000000001314,30.00002539831574,30.00002539831574,-2.539831573855622e-05,-5.0990570287012815e-05,13.748247913504922,13.748196922934635,False
880.1000000001316,30.000024915369977,30.000024915369977,-2.4915369976952206e-05,-5.002341006132838e-05,13.74824690530958,13.748196881899519,False
880.6000000001317,30.00002443560922,30.00002443560922,-2.4435609219608523e-05,-4.906261104764553e-05,13.74824591638118,13.748196853770132,False
881.1000000001318,30.00002395905504,30.00002395905504,-2.3959055038602628e-05,-4.810821667433629e-05,13.748244946591969,13.748196838375295,False
881.6000000001319,30.000023485728267,30.000023485728267,-2.3485728267047534e-05,-4.7160268906054625e-05,13.748243995813358,13.748196835544451,False
882.100000000132,30.000023015649035,30.000023015649035,-2.3015649034618946e-05,-4.6218808272158185e-05,13.74824306391592,13.748196845107648,False
882.6000000001321,30.000022548836743,30.000022548836743,-2.2548836742686262e-05,-4.528387387381372e-05,13.74824215076944,13.748196866895567,False
883.1000000001322,30.000022085310093,30.000022085310093,-2.208531009273429e-05,-4.43555033911025e-05,13.748241256242942,13.74819690073955,False
883.6000000001324,30.0000216250871,30.0000216250871,-2.1625087100574092e-05,-4.3433733132758334e-05,13.748240380204704,13.748196946471571,False
884.1000000001325,30.000021168185086,30.000021168185086,-2.1168185085684854e-05,-4.251859800774582e-05,13.748239522522306,13.748197003924298,False
884.6000000001326,30.000020714620682,30.000020714620682,-2.071462068187202e-05,-4.1610131553682095e-05,13.748238683062638,13.748197072931085,False
885.1000000001327,30.000020264409848,30.000020264409848,-2.0264409847925435e-05,-4.0708365972363936e-05,13.748237861691939,13.748197153325966,False
885.6000000001328,30.00001981756788,30.00001981756788,-1.9817567878277487e-05,-3.981333210134608e-05,13.748237058275818,13.748197244943716,False
886.1000000001329,30.000019374109396,30.000019374109396,-1.9374109395897676e-05,-3.892505946367919e-05,13.748236272679287,13.748197347619824,False
886.600000000133,30.00001893404838,30.00001893404838,-1.893404838071433e-05,-3.804357627501531e-05,13.748235504766782,13.748197461190507,False
887.1000000001332,30.000018497398155,30.000018497398155,-1.8497398155403744e-05,-3.716890943650242e-05,13.748234754402185,13.748197585492749,False
887.6000000001333,30.000018064171403,30.000018064171403,-1.806417140315375e-05,-3.6301084577416987e-05,13.748234021448862,13.748197720364285,False
888.1000000001334,30.000017634380175,30.000017634380175,-1.763438017476915e-05,-3.5440126040953146e-05,13.748233305769675,13.748197865643634,False
888.6000000001335,30.000017208035903,30.000017208035903,-1.7208035902882557e-05,-3.458605694817152e-05,13.748232607227024,13.748198021170076,False
889.1000000001336,30.000016785149384,30.000016785149384,-1.6785149384190845e-05,-3.37388991411558e-05,13.748231925682854,13.748198186783712,False
889.6000000001337,30.000016365730815,30.000016365730815,-1.636573081498227e-05,-3.289867324696161e-05,13.74823126099869,13.748198362325443,False
890.1000000001338,30.000015949789777,30.000015949789777,-1.5949789776925627e-05,-3.206539868472191e-05,13.748230613035657,13.748198547636973,False
890.600000000134,30.000015537335255,30.000015537335255,-1.5537335254833806e-05,-3.123909365143618e-05,13.748229981654509,13.748198742560858,False
891.1000000001341,30.00001512837564,30.00001512837564,-1.5128375640216518e-05,-3.0419775171708352e-05,13.74822936671565,13.748198946940478,False
891.6000000001342,30.000014722918745,30.000014722918745,-1.4722918745491143e-05,-2.9607459104852296e-05,13.748228768079155,13.74819916062005,False
892.1000000001343,30.000014320971797,30.000014320971797,-1.4320971796877302e-05,-2.8802160123575504e-05,13.748228185604798,13.748199383444675,False
892.6000000001344,30.000013922541456,30.000013922541456,-1.3922541455713144e-05,-2.8003891792138802e-05,13.748227619152075,13.748199615260283,False
893.1000000001345,30.00001352763381,30.00001352763381,-1.3527633811349915e-05,-2.72126665024075e-05,13.748227068580222,13.74819985591372,False
893.6000000001346,30.000013136254402,30.000013136254402,-1.313625440246824e-05,-2.6428495559116527e-05,13.74822653374824,13.74820010525268,False
894.1000000001347,30.000012748408206,30.000012748408206,-1.2748408206419981e-05,-2.5651389137237857e-05,13.748226014514914,13.748200363125777,False
894.6000000001349,30.00001236409967,30.00001236409967,-1.2364099671202666e-05,-2.4881356338823934e-05,13.74822551073885,13.748200629382511,False
895.100000000135,30.000011983332687,30.000011983332687,-1.1983332687037773e-05,-2.411840517879682e-05,13.748225022278477,13.748200903873299,False
895.6000000001351,30.00001160611064,30.00001160611064,-1.1606110639661438e-05,-2.3362542620475324e-05,13.74822454899207,13.74820118644945,False
896.1000000001352,30.000011232436368,30.000011232436368,-1.123243636769189e-05,-2.2613774561364153e-05,13.748224090737791,13.74820147696323,False
896.6000000001353,30.000010862312205,30.000010862312205,-1.0862312205262015e-05,-2.1872105868681047e-05,13.748223647373685,13.748201775267816,False
897.1000000001354,30.000010495739957,30.000010495739957,-1.0495739957150363e-05,-2.1137540365145924e-05,13.74822321875772,13.748202081217356,False
897.6000000001355,30.000010132720956,30.000010132720956,-1.0132720955624563e-05,-2.0410080900035155e-05,13.748222804747797,13.748202394666897,False
898.1000000001357,30.000009773256007,30.000009773256007,-9.773256007150621e-06,-1.968972929944357e-05,13.748222405201773,13.748202715472473,False
898.6000000001358,30.000009417345446,30.000009417345446,-9.417345445683623e-06,-1.8976486416022453e-05,13.748222019977476,13.74820304349106,False
899.1000000001359,30.000009064989108,30.000009064989108,-9.064989107798738e-06,-1.827035212187411e-05,13.748221648932729,13.748203378580607,False
899.600000000136,30.000008716186365,30.000008716186365,-8.716186364665646e-06,-1.7571325344079014e-05,13.748221291925379,13.748203720600035,False
900.1000000001361,30.000008370936108,30.000008370936108,-8.370936107837679e-06,-1.6879404057590364e-05,13.748220948813296,13.748204069409239,False
900.6000000001362,30.000008029236767,30.000008029236767,-8.02923676701539e-06,-1.619458530655038e-05,13.7482206194544,13.748204424869094,False
901.1000000001363,30.000007691086306,30.000007691086306,-7.691086306493844e-06,-1.551686519718487e-05,13.74822030370669,13.748204786841493,False
901.6000000001364,30.000007356482257,30.000007356482257,-7.356482257137031e-06,-1.4846238975962933e-05,13.748220001428244,13.748205155189268,False
902.1000000001366,30.000007025421695,30.000007025421695,-7.0254216950615955e-06,-1.418270096564811e-05,13.748219712477258,13.748205529776293,False
902.6000000001367,30.000006697901252,30.000006697901252,-6.697901252294969e-06,-1.3526244615036376e-05,13.748219436712041,13.748205910467426,False
903.1000000001368,30.000006373917135,30.000006373917135,-6.373917134538942e-06,-1.2876862498956143e-05,13.748219173991046,13.748206297128547,False
903.6000000001369,30.000006053465125,30.000006053465125,-6.053465124722379e-06,-1.2234546353795395e-05,13.748218924172889,13.748206689626535,False
904.100000000137,30.000005736540583,30.000005736540583,-5.736540583001215e-06,-1.159928706329083e-05,13.748218687116355,13.748207087829291,False
904.6000000001371,30.000005423138447,30.000005423138447,-5.4231384467584576e-06,-1.0971074672738723e-05,13.748218462680429,13.748207491605756,False
905.1000000001372,30.000005113253263,30.000005113253263,-5.11325326257861e-06,-1.0349898438732907e-05,13.7482182507243,13.74820790082586,False
905.6000000001374,30.000004806879172,30.000004806879172,-4.806879172036815e-06,-9.735746793637645e-06,13.74821805110738,13.748208315360586,False
906.1000000001375,30.000004504009915,30.000004504009915,-4.504009915251572e-06,-9.128607388220189e-06,13.748217863689327,13.748208735081938,False
906.6000000001376,30.000004204638852,30.000004204638852,-4.204638852201015e-06,-8.528467084545355e-06,13.74821768833005,13.748209159862965,False
907.1000000001377,30.000003908758956,30.000003908758956,-3.908758955617486e-06,-7.93531198439723e-06,13.748217524889734,13.74820958957775,False
907.6000000001378,30.000003616362825,30.000003616362825,-3.6163628251983937e-06,-7.349127436384606e-06,13.748217373228847,13.748210024101411,False
908.1000000001379,30.00000332744268,30.00000332744268,-3.3274426805007806e-06,-6.7698980288355415e-06,13.748217233208164,13.748210463310135,False
908.600000000138,30.000003041990396,30.000003041990396,-3.0419903964684636e-06,-6.197607653746218e-06,13.748217104688777,13.748210907081123,False
909.1000000001382,30.000002759997482,30.000002759997482,-2.7599974821157502e-06,-5.632239471253797e-06,13.748216987532103,13.748211355292632,False
909.6000000001383,30.00000248145509,30.00000248145509,-2.4814550911855804e-06,-5.073775923847279e-06,13.748216881599909,13.748211807823985,False
910.1000000001384,30.000002206354036,30.000002206354036,-2.2063540363603806e-06,-4.522198786105491e-06,13.74821678675432,13.748212264555534,False
910.6000000001385,30.000001934684786,30.000001934684786,-1.9346847857093508e-06,-3.977489122064526e-06,13.748216702857832,13.74821272536871,False
911.1000000001386,30.000001666437473,30.000001666437473,-1.6664374733466047e-06,-3.439627327850303e-06,13.748216629773328,13.748213190146,False
911.6000000001387,30.00000140160191,30.00000140160191,-1.4016019100893118e-06,-2.9085931672057086e-06,13.7482165673641,13.748213658770933,False
912.1000000001388,30.000001140167576,30.000001140167576,-1.140167576352269e-06,-2.3843657217526015e-06,13.748216515493839,13.748214131128117,False
912.600000000139,30.000000882123643,30.000000882123643,-8.821236434641833e-07,-1.866923454940661e-06,13.748216474026671,13.748214607103217,False
913.1000000001391,30.000000627458977,30.000000627458977,-6.274589772203853e-07,-1.3562442262582408e-06,13.74821644282716,13.748215086582933,False
913.6000000001392,30.00000037616213,30.00000037616213,-3.761621307774021e-07,-8.523052699160871e-07,13.74821642176031,13.74821556945504,False
914.1000000001393,30.000000128221355,30.000000128221355,-1.282213553110978e-07,-3.5508319484733875e-07,13.748216410691596,13.7482160556084,False
914.6000000001394,29.99999988362461,29.99999988362461,1.163753893251851e-07,1.354459513436268e-07,13.74821640948697,13.748216544932921,False
915.1000000001395,29.999999642359573,29.999999642359573,3.576404274951983e-07,6.193067108029027e-07,13.748216418012866,13.748217037319577,False
915.6000000001396,29.999999404413625,29.999999404413625,5.955863748852153e-07,1.0965241941107706e-06,13.74821643613622,13.748217532660414,False
916.1000000001397,29.99999916977389,29.99999916977389,8.302261100823216e-07,1.5671240660708463e-06,13.748216463724468,13.748218030848534,False
916.6000000001399,29.999998938427204,29.999998938427204,1.0615727958906973e-06,2.0311325243937972e-06,13.748216500645576,13.7482185317781,False
917.10000000014,29.999998710360146,29.999998710360146,1.2896398544626209e-06,2.4885763210136247e-06,13.748216546768035,13.748219035344356,False
917.6000000001401,29.999998485559026,29.999998485559026,1.5144409744038967e-06,2.9394827194551e-06,13.748216601960879,13.748219541443598,False
918.1000000001402,29.999998264009914,29.999998264009914,1.7359900859048594e-06,3.3838794877283362e-06,13.748216666093686,13.748220049973174,False
918.6000000001403,29.99999804569861,29.99999804569861,1.954301389162083e-06,3.821794926750499e-06,13.748216739036609,13.748220560831536,False
919.1000000001404,29.999997830610685,29.999997830610685,2.169389315298531e-06,4.253257799291532e-06,13.748216820660362,13.748221073918161,False
919.6000000001405,29.999997618731463,29.999997618731463,2.381268537021697e-06,4.678297351290439e-06,13.748216910836245,13.748221589133596,False
920.1000000001407,29.99999741004604,29.99999741004604,2.5899539615181766e-06,5.096943311855284e-06,13.748217009436148,13.74822210637946,False
920.6000000001408,29.999997204539273,29.999997204539273,2.7954607269009557e-06,5.509225864841483e-06,13.748217116332565,13.74822262555843,False
921.1000000001409,29.999997002195812,29.999997002195812,2.997804187998554e-06,5.915175627535518e-06,13.748217231398588,13.748223146574215,False
921.600000000141,29.999996803000073,29.999996803000073,3.1969999270131666e-06,6.3148236861820806e-06,13.748217354507936,13.748223669331622,False
922.1000000001411,29.99999660693626,29.99999660693626,3.3930637393098095e-06,6.708201532035218e-06,13.74821748553495,13.748224193736482,False
922.6000000001412,29.99999641398837,29.99999641398837,3.5860116298636058e-06,7.095341103990904e-06,13.748217624354611,13.748224719695715,False
923.1000000001413,29.999996224140205,29.999996224140205,3.775859795496217e-06,7.476274710427333e-06,13.748217770842542,13.748225247117253,False
923.6000000001414,29.999996037375364,29.999996037375364,3.9626246355339845e-06,7.851035078942914e-06,13.748217924875012,13.748225775910091,False
924.1000000001416,29.999995853677245,29.999995853677245,4.146322755360643e-06,8.219655335039988e-06,13.748218086328954,13.74822630598429,False
924.6000000001417,29.999995673029062,29.999995673029062,4.326970937995611e-06,8.582168966597692e-06,13.748218255081968,13.748226837250934,False
925.1000000001418,29.99999549541385,29.99999549541385,4.504586151199419e-06,8.938609852293666e-06,13.74821843101233,13.748227369622182,False
925.6000000001419,29.99999532081445,29.99999532081445,4.679185551026421e-06,9.289012211866066e-06,13.748218613998988,13.7482279030112,False
926.100000000142,29.999995149213547,29.999995149213547,4.850786453403089e-06,9.63341062742984e-06,13.748218803921594,13.748228437332221,False
926.6000000001421,29.999994980593645,29.999994980593645,5.019406355444289e-06,9.97184002216045e-06,13.748219000660479,13.7482289725005,False
927.1000000001422,29.999994814937082,29.999994814937082,5.18506291768972e-06,1.0304335638977591e-05,13.748219204096696,13.748229508432335,False
927.6000000001424,29.999994652226043,29.999994652226043,5.3477739569984806e-06,1.063093306186147e-05,13.748219414111984,13.748230045045046,False
928.1000000001425,29.999994492442553,29.999994492442553,5.507557446549072e-06,1.0951668173220241e-05,13.74821963058882,13.748230582256992,False
928.6000000001426,29.999994335568484,29.999994335568484,5.6644315158393965e-06,1.1266577160995439e-05,13.748219853410381,13.748231119987542,False
929.1000000001427,29.999994181585567,29.999994181585567,5.818414432923191e-06,1.1575696518661971e-05,13.748220082460591,13.74823165815711,False
929.6000000001428,29.999994030475385,29.999994030475385,5.969524615068167e-06,1.1879063016806413e-05,13.748220317624098,13.748232196687114,False
930.1000000001429,29.99999388221938,29.99999388221938,6.1177806216505815e-06,1.2176713717337861e-05,13.748220558786285,13.748232735500002,False
930.600000000143,29.999993736798864,29.999993736798864,6.263201136391672e-06,1.2468685945066227e-05,13.748220805833283,13.748233274519228,False
931.1000000001432,29.999993594195033,29.999993594195033,6.405804967357653e-06,1.2755017252175094e-05,13.748221058651971,13.748233813669223,False
931.6000000001433,29.99999345438893,29.99999345438893,6.545611068276003e-06,1.3035745510592278e-05,13.748221317129993,13.748234352875503,False
932.1000000001434,29.999993317361508,29.999993317361508,6.682638492350179e-06,1.3310908762775853e-05,13.748221581155736,13.748234892064499,False
932.6000000001435,29.999993183093572,29.999993183093572,6.816906427786762e-06,1.3580545349611839e-05,13.748221850618364,13.748235431163714,False
933.1000000001436,29.99999305156584,29.99999305156584,6.9484341587155996e-06,1.384469379672737e-05,13.748222125407802,13.748235970101598,False
933.6000000001437,29.99999292275892,29.99999292275892,7.077241079400665e-06,1.4103392850017826e-05,13.748222405414754,13.748236508807604,False
934.1000000001438,29.999992796653295,29.999992796653295,7.203346704898195e-06,1.4356681489857692e-05,13.748222690530698,13.748237047212188,False
934.600000000144,29.999992673229364,29.999992673229364,7.326770635529556e-06,1.4604598881362563e-05,13.748222980647897,13.748237585246779,False
935.1000000001441,29.999992552467425,29.999992552467425,7.447532574644811e-06,1.4847184395705426e-05,13.7482232756594,13.748238122843796,False
935.6000000001442,29.999992434347693,29.999992434347693,7.565652307306436e-06,1.50844775674841e-05,13.748223575459045,13.748238659936613,False
936.1000000001443,29.999992318850285,29.999992318850285,7.68114971450018e-06,1.531651812314294e-05,13.748223879941456,13.74823919645958,False
936.6000000001444,29.999992205955234,29.999992205955234,7.794044766029629e-06,1.554334596676199e-05,13.74822418900206,13.748239732348027,False
937.1000000001445,29.999992095642494,29.999992095642494,7.90435750630536e-06,1.5765001158740688e-05,13.748224502537084,13.748240267538243,False
937.6000000001446,29.999991987891946,29.999991987891946,8.012108054344935e-06,1.5981523901587025e-05,13.74822482044356,13.748240801967462,False
938.1000000001447,29.999991882683396,29.999991882683396,8.117316603772906e-06,1.619295456123382e-05,13.748225142619322,13.748241335573884,False
938.6000000001449,29.99999177999658,29.99999177999658,8.220003419268096e-06,1.639933363861701e-05,13.748225468963012,13.74824186829665,False
939.100000000145,29.999991679811167,29.999991679811167,8.320188833010889e-06,1.6600701769675652e-05,13.748225799374087,13.748242400075856,False
939.6000000001451,29.999991582106762,29.999991582106762,8.4178932375778e-06,1.6797099711141072e-05,13.748226133752814,13.748242930852525,False
940.1000000001452,29.99999148686292,29.99999148686292,8.513137078836053e-06,1.6988568340536858e-05,13.748226472000285,13.748243460568625,False
940.6000000001453,29.999991394059133,29.999991394059133,8.605940866601713e-06,1.7175148656178862e-05,13.748226814018404,13.74824398916706,False
941.1000000001454,29.999991303674847,29.999991303674847,8.696325153323414e-06,1.735688173454264e-05,13.748227159709899,13.748244516591633,False
941.6000000001455,29.99999121568945,29.99999121568945,8.784310548293206e-06,1.7533808780001436e-05,13.748227508978314,13.748245042787094,False
942.1000000001457,29.999991130082307,29.999991130082307,8.869917692777562e-06,1.7705971060877346e-05,13.748227861728028,13.748245567699088,False
942.6000000001458,29.999991046832726,29.999991046832726,8.953167274228235e-06,1.7873409937863016e-05,13.748228217864238,13.748246091274176,False
943.1000000001459,29.999990965919974,29.999990965919974,9.034080026282254e-06,1.8036166849810797e-05,13.748228577292977,13.748246613459827,False
943.600000000146,29.999990887323293,29.999990887323293,9.112676707445644e-06,1.8194283320838167e-05,13.748228939921104,13.748247134204425,False
944.1000000001461,29.999990811021892,29.999990811021892,9.188978108198853e-06,1.8347800903484313e-05,13.748229305656306,13.74824765345721,False
944.6000000001462,29.999990736994945,29.999990736994945,9.263005054549467e-06,1.8496761242658977e-05,13.748229674407103,13.748248171168346,False
945.1000000001463,29.999990665221606,29.999990665221606,9.334778393821352e-06,1.8641206025904467e-05,13.748230046082856,13.748248687288882,False
945.6000000001465,29.999990595681016,29.999990595681016,9.404318983996518e-06,1.87811769691848e-05,13.748230420593755,13.748249201770724,False
946.1000000001466,29.99999052835229,29.99999052835229,9.471647711478681e-06,1.8916715823991126e-05,13.748230797850816,13.74824971456664,False
946.6000000001467,29.99999046321452,29.99999046321452,9.536785480435128e-06,1.904786439865802e-05,13.748231177765906,13.748250225630304,False
947.1000000001468,29.9999904002468,29.9999904002468,9.599753198585859e-06,1.9174664508625483e-05,13.748231560251721,13.74825073491623,False
947.6000000001469,29.99999033942821,29.99999033942821,9.66057179141444e-06,1.929715799775522e-05,13.74823194522179,13.748251242379787,False
948.100000000147,29.999990280737805,29.999990280737805,9.719262195062583e-06,1.9415386731225226e-05,13.748232332590485,13.748251747977216,False
948.6000000001471,29.999990224154672,29.999990224154672,9.775845327908428e-06,1.9529392552897207e-05,13.748232722273013,13.748252251665566,False
949.1000000001472,29.99999016965787,29.99999016965787,9.830342129646397e-06,1.963921734216001e-05,13.74823311418542,13.748252753402761,False
949.6000000001474,29.999990117226478,29.999990117226478,9.882773522207344e-06,1.9744902942875342e-05,13.748233508244585,13.748253253147528,False
950.1000000001475,29.999990066839562,29.999990066839562,9.933160438180266e-06,1.9846491220221196e-05,13.748233904368224,13.748253750859444,False
950.6000000001476,29.999990018476204,29.999990018476204,9.981523795943303e-06,1.9944024010953854e-05,13.748234302474897,13.748254246498908,False
951.1000000001477,29.9999899721155,29.9999899721155,1.0027884499663742e-05,2.003754313761874e-05,13.748234702483996,13.748254740027134,False
951.6000000001478,29.999989927736557,29.999989927736557,1.0072263442850726e-05,2.0127090387234148e-05,13.748235104315748,13.748255231406135,False
952.1000000001479,29.999989885318495,29.999989885318495,1.0114681504802547e-05,2.0212707525502083e-05,13.748235507891213,13.748255720598738,False
952.600000000148,29.999989844840456,29.999989844840456,1.0155159543501213e-05,2.029443627549199e-05,13.748235913132298,13.748256207568573,False
953.1000000001482,29.9999898062816,29.9999898062816,1.0193718399165164e-05,2.0372318324746175e-05,13.748236319961727,13.748256692280052,False
953.6000000001483,29.999989769621116,29.999989769621116,1.0230378883591129e-05,2.0446395318174382e-05,13.748236728303075,13.748257174698393,False
954.1000000001484,29.99998973483821,29.99998973483821,1.0265161790812272e-05,2.0516708836737507e-05,13.748237138080734,13.74825765478957,False
954.6000000001485,29.999989701912124,29.999989701912124,1.0298087875781903e-05,2.0583300418763883e-05,13.74823754921993,13.748258132520348,False
955.1000000001486,29.999989670822124,29.999989670822124,1.0329177875689766e-05,2.0646211538632997e-05,13.748237961646728,13.748258607858267,False
955.6000000001487,29.999989641547526,29.999989641547526,1.0358452474434898e-05,2.0705483585459206e-05,13.748238375288015,13.7482590807716,False
956.1000000001488,29.999989614067655,29.999989614067655,1.0385932345258198e-05,2.0761157919935158e-05,13.748238790071502,13.748259551229422,False
956.600000000149,29.9999895883619,29.9999895883619,1.0411638101004428e-05,2.0813275781961238e-05,13.748239205925733,13.748260019201515,False
957.1000000001491,29.999989564409674,29.999989564409674,1.0435590326096644e-05,2.086187835459441e-05,13.748239622780073,13.748260484658427,False
957.6000000001492,29.99998954219043,29.99998954219043,1.0457809569430765e-05,2.0907006749837365e-05,13.748240040564706,13.748260947571456,False
958.1000000001493,29.99998952168368,29.99998952168368,1.0478316319506575e-05,2.0948701973111383e-05,13.748240459210642,13.748261407912615,False
958.6000000001494,29.999989502868974,29.999989502868974,1.0497131025744011e-05,2.098700493746719e-05,13.748240878649716,13.748261865654653,False
959.1000000001495,29.99998948572591,29.99998948572591,1.0514274091377729e-05,2.1021956463584957e-05,13.748241298814563,13.748262320771026,False
959.6000000001496,29.999989470234134,29.999989470234134,1.0529765866351681e-05,2.1053597279774294e-05,13.748241719638646,13.748262773235925,False
960.1000000001497,29.999989456373356,29.999989456373356,1.0543626643766402e-05,2.1081967993552553e-05,13.748242141056238,13.748263223024232,False
960.6000000001499,29.999989444123337,29.999989444123337,1.0555876663431718e-05,2.1107109098750243e-05,13.748242563002425,13.748263670111523,False
961.10000000015,29.99998943346389,29.99998943346389,1.056653610831404e-05,2.112906099682732e-05,13.748242985413102,13.748264114474098,False
961.6000000001501,29.999989424374895,29.999989424374895,1.0575625104536357e-05,2.114786395424062e-05,13.748243408224965,13.74826455608892,False
962.1000000001502,29.999989416836282,29.999989416836282,1.0583163717825528e-05,2.1163558130865567e-05,13.748243831375515,13.748264994933646,False
962.6000000001503,29.99998941082805,29.99998941082805,1.0589171949959564e-05,2.1176183551574468e-05,13.748244254803058,13.74826543098661,False
963.1000000001504,29.999989406330265,29.999989406330265,1.0593669735214917e-05,2.1185780120447362e-05,13.748244678446705,13.748265864226825,False
963.6000000001505,29.999989403323056,29.999989403323056,1.0596676943919192e-05,2.1192387592350315e-05,13.748245102246347,13.74826629463394,False
964.1000000001507,29.999989401786618,29.999989401786618,1.059821338245115e-05,2.1196045615567982e-05,13.748245526142682,13.748266722188298,False
964.6000000001508,29.99998940170122,29.99998940170122,1.0598298779029847e-05,2.119679367496019e-05,13.748245950077196,13.748267146870871,False
965.1000000001509,29.999989403047206,29.999989403047206,1.0596952794372783e-05,2.1194671120383646e-05,13.74824637399216,13.74826756866328,False
965.600000000151,29.99998940580499,29.99998940580499,1.0594195011037755e-05,2.1189717145375653e-05,13.748246797830637,13.748267987547782,False
966.1000000001511,29.999989409955056,29.999989409955056,1.0590044944081e-05,2.1181970808470396e-05,13.748247221536458,13.748268403507266,False
966.6000000001512,29.999989415477966,29.999989415477966,1.0584522033951771e-05,2.1171471026093514e-05,13.748247645054251,13.748268816525277,False
967.1000000001513,29.99998942235437,29.99998942235437,1.057764562872876e-05,2.1158256522824104e-05,13.74824806832941,13.748269226585933,False
967.6000000001515,29.99998943056499,29.99998943056499,1.0569435008989103e-05,2.1142365895343573e-05,13.748248491308104,13.748269633674,False
968.1000000001516,29.99998944009063,29.99998944009063,1.0559909370044807e-05,2.1123837562697645e-05,13.748248913937271,13.748270037774834,False
968.6000000001517,29.999989450912167,29.999989450912167,1.054908783260089e-05,2.1102709794718066e-05,13.748249336164617,13.748270438874412,False
969.1000000001518,29.999989463010582,29.999989463010582,1.0536989417886389e-05,2.1079020683600902e-05,13.748249757938611,13.748270836959295,False
969.6000000001519,29.999989476366927,29.999989476366927,1.0523633072523353e-05,2.1052808136801104e-05,13.748250179208483,13.74827123201662,False
970.100000000152,29.999989490962346,29.999989490962346,1.0509037654315989e-05,2.1024109926770507e-05,13.74825059992421,13.748271624034137,False
970.6000000001521,29.99998950677808,29.99998950677808,1.0493221921592522e-05,2.099296359148184e-05,13.74825102003654,13.74827201300013,False
971.1000000001522,29.99998952379544,29.99998952379544,1.04762045616269e-05,2.095940654101014e-05,13.748251439496954,13.748272398903495,False
971.6000000001524,29.99998954199584,29.99998954199584,1.045800415866438e-05,2.092347598647848e-05,13.748251858257683,13.74827278173367,False
972.1000000001525,29.999989561360792,29.999989561360792,1.0438639208132372e-05,2.088520895426882e-05,13.748252276271709,13.748273161480663,False
972.6000000001526,29.99998958187189,29.99998958187189,1.0418128109535019e-05,2.084464227891658e-05,13.748252693492736,13.748273538135015,False
973.1000000001527,29.99998960351083,29.99998960351083,1.0396489170005907e-05,2.0801812617321502e-05,13.74825310987522,13.748273911687837,False
973.6000000001528,29.9999896262594,29.9999896262594,1.0373740600755355e-05,2.0756756427431355e-05,13.74825352537433,13.748274282130758,False
974.1000000001529,29.99998965009949,29.99998965009949,1.0349900509964982e-05,2.0709509968241946e-05,13.748253939945975,13.748274649455944,False
974.600000000153,29.99998967501308,29.99998967501308,1.0324986920551282e-05,2.066010931400797e-05,13.748254353546786,13.7482750136561,False
975.1000000001532,29.99998970098226,29.99998970098226,1.029901774174391e-05,2.0608590332926724e-05,13.748254766134105,13.748275374724438,False
975.6000000001533,29.99998972798921,29.99998972798921,1.0272010790401964e-05,2.0554988701348975e-05,13.748255177665996,13.748275732654697,False
976.1000000001534,29.999989756016223,29.999989756016223,1.0243983776803134e-05,2.0499339875357236e-05,13.748255588101234,13.74827608744111,False
976.6000000001535,29.99998978504568,29.99998978504568,1.0214954318854552e-05,2.044167912629291e-05,13.748255997399292,13.748276439078419,False
977.1000000001536,29.99998981506008,29.99998981506008,1.0184939920776515e-05,2.038204151944001e-05,13.748256405520358,13.748276787561878,False
977.6000000001537,29.999989846042013,29.999989846042013,1.0153957987313333e-05,2.0320461892708863e-05,13.74825681242531,13.748277132887203,False
978.1000000001538,29.99998987797418,29.99998987797418,1.0122025820180625e-05,2.025697489216327e-05,13.74825721807573,13.748277475050623,False
978.600000000154,29.999989910839396,29.999989910839396,1.0089160603854452e-05,2.0191614936493352e-05,13.748257622433878,13.748277814048814,False
979.1000000001541,29.99998994462058,29.99998994462058,1.0055379419782184e-05,2.0124416231226405e-05,13.748258025462707,13.748278149878939,False
979.6000000001542,29.999989979300747,29.999989979300747,1.0020699253487919e-05,2.0055412790043192e-05,13.74825842712585,13.74827848253864,False
980.1000000001543,29.99999001486303,29.99999001486303,9.98513696970349e-06,1.9984638377934516e-05,13.748258827387621,13.748278812026,False
980.6000000001544,29.999990051290677,29.999990051290677,9.948709323026605e-06,1.9912126560939214e-05,13.748259226213,13.74827913833956,False
981.1000000001545,29.99999008856704,29.99999008856704,9.911432961473565e-06,1.983791067061702e-05,13.74825962356764,13.74827946147831,False
981.6000000001546,29.999990126675574,29.999990126675574,9.873324426479257e-06,1.9762023832470277e-05,13.74826001941786,13.748279781441692,False
982.1000000001548,29.999990165599858,29.999990165599858,9.83440014223902e-06,1.9684498951733076e-05,13.748260413730632,13.748280098229584,False
982.6000000001549,29.99999020532359,29.99999020532359,9.794676408603209e-06,1.960536866363327e-05,13.748260806473589,13.748280411842252,False
983.100000000155,29.99999024583056,29.99999024583056,9.754169440157057e-06,1.9524665439973887e-05,13.748261197615014,13.748280722280454,False
983.6000000001551,29.999990287104684,29.999990287104684,9.712895316482673e-06,1.9442421489657136e-05,13.748261587123837,13.748281029545327,False
984.1000000001552,29.999990329129997,29.999990329129997,9.67087000347533e-06,1.9358668794211553e-05,13.74826197496962,13.748281333638415,False
984.6000000001553,29.99999037189064,29.99999037189064,9.628109360448889e-06,1.9273439114897428e-05,13.74826236112258,13.748281634561694,False
985.1000000001554,29.999990415370878,29.999990415370878,9.584629122372235e-06,1.918676397139052e-05,13.748262745553548,13.74828193231752,False
985.6000000001555,29.999990459555082,29.999990459555082,9.54044491763284e-06,1.9098674663098336e-05,13.748263128233994,13.748282226908657,False
986.1000000001557,29.999990504427746,29.999990504427746,9.495572253825912e-06,1.900920224784386e-05,13.748263509136004,13.748282518338252,False
986.6000000001558,29.99999054997349,29.99999054997349,9.450026510648968e-06,1.891837754186554e-05,13.748263888232296,13.748282806609838,False
987.1000000001559,29.99999059617703,29.99999059617703,9.403822968323539e-06,1.8826231141133576e-05,13.74826426549618,13.748283091727322,False
987.600000000156,29.999990643023224,29.999990643023224,9.356976775620751e-06,1.873279340713907e-05,13.748264640901594,13.748283373695001,False
988.1000000001561,29.99999069049703,29.99999069049703,9.309502971177608e-06,1.8638094445577735e-05,13.748265014423069,13.748283652517514,False
988.6000000001562,29.999990738583538,29.999990738583538,9.261416462180705e-06,1.854216413477161e-05,13.748265386035742,13.748283928199877,False
989.1000000001563,29.99999078726795,29.99999078726795,9.212732049235228e-06,1.844503211856363e-05,13.748265755715341,13.74828420074746,False
989.6000000001565,29.99999083653559,29.99999083653559,9.163464408601385e-06,1.8346727792106776e-05,13.748266123438185,13.748284470165977,False
990.1000000001566,29.999990886371908,29.999990886371908,9.113628092194404e-06,1.8247280308969493e-05,13.748266489181175,13.748284736461484,False
990.6000000001567,29.999990936762458,29.999990936762458,9.063237541795388e-06,1.8146718602451983e-05,13.748266852921798,13.7482849996404,False
991.1000000001568,29.999990987692936,29.999990987692936,9.012307064182323e-06,1.8045071342953634e-05,13.748267214638116,13.748285259709458,False
991.6000000001569,29.999991039149148,29.999991039149148,8.960850852446356e-06,1.7942366952183875e-05,13.74826757430876,13.748285516675713,False
992.100000000157,29.99999109111702,29.99999109111702,8.908882978886368e-06,1.783863363158389e-05,13.748267931912924,13.748285770546556,False
992.6000000001571,29.999991143582605,29.999991143582605,8.856417395008975e-06,1.7733899326799474e-05,13.748268287430365,13.748286021329692,False
993.1000000001573,29.999991196532072,29.999991196532072,8.803467927975817e-06,1.7628191741891897e-05,13.748268640841394,13.748286269033136,False
993.6000000001574,29.999991249951716,29.999991249951716,8.750048284156264e-06,1.752153834644332e-05,13.748268992126876,13.748286513665223,False
994.1000000001575,29.999991303827954,29.999991303827954,8.696172045574713e-06,1.74139663471351e-05,13.748269341268227,13.748286755234574,False
994.6000000001576,29.99999135814733,29.99999135814733,8.641852669910577e-06,1.7305502709064058e-05,13.748269688247394,13.748286993750103,False
995.1000000001577,29.9999914128965,29.9999914128965,8.587103501156435e-06,1.719617416284791e-05,13.74827003304687,13.748287229221033,False
995.6000000001578,29.999991468062248,29.999991468062248,8.531937751854457e-06,1.7086007197519848e-05,13.74827037564967,13.748287461656867,False
996.1000000001579,29.999991523631486,29.999991523631486,8.47636851375455e-06,1.697502803210682e-05,13.748270716039343,13.748287691067375,False
996.600000000158,29.999991579591246,29.999991579591246,8.420408754261643e-06,1.68632626582621e-05,13.748271054199954,13.748287917462612,False
997.1000000001582,29.99999163592868,29.99999163592868,8.364071319988398e-06,1.6750736818949008e-05,13.748271390116093,13.748288140852912,False
997.6000000001583,29.999991692631067,29.999991692631067,8.307368933202497e-06,1.663747600133547e-05,13.748271723772856,13.748288361248857,False
998.1000000001584,29.999991749685805,29.999991749685805,8.25031419537936e-06,1.652350545811032e-05,13.748272055155844,13.748288578661302,False
998.6000000001585,29.999991807080413,29.999991807080413,8.192919587202141e-06,1.6408850207483283e-05,13.748272384251168,13.748288793101375,False
999.1000000001586,29.999991864802553,29.999991864802553,8.135197447245446e-06,1.629353497634156e-05,13.748272711045427,13.748289004580403,False
999.6000000001587,29.99999192283998,29.99999192283998,8.077160021713325e-06,1.6177584292620395e-05,13.748273035525715,13.748289213110008,False
1000.1000000001588,29.999991981180592,29.999991981180592,8.018819407595856e-06,1.6061022414248782e-05,13.748273357679617,13.748289418702031,False
1000.600000000159,29.999992039812412,29.999992039812412,7.960187588196277e-06,1.5943873350465765e-05,13.748273677495197,13.748289621368547,False
1001.1000000001591,29.99999209872357,29.99999209872357,7.901276429578274e-06,1.5826160890242136e-05,13.748273994960996,13.748289821121887,False
1001.6000000001592,29.999992157902334,29.999992157902334,7.84209766635513e-06,1.5707908538331594e-05,13.748274310066032,13.74829001797457,False
1002.1000000001593,29.99999221733709,29.99999221733709,7.782662908795146e-06,1.5589139572114163e-05,13.74827462279978,13.748290211939352,False
1002.6000000001594,29.99999227701635,29.99999227701635,7.722983649927073e-06,1.5469877027385337e-05,13.748274933152192,13.74829040302922,False
1003.1000000001595,29.99999233692874,29.99999233692874,7.663071258434684e-06,1.535014369125065e-05,13.748275241113667,13.748290591257359,False
1003.6000000001596,29.99999239706302,29.99999239706302,7.602936978656771e-06,1.5229962102125683e-05,13.748275546675064,13.748290776637166,False
1004.1000000001598,29.999992457408062,29.999992457408062,7.542591937692578e-06,1.5109354556841481e-05,13.748275849827678,13.748290959182235,False
1004.6000000001599,29.999992517952865,29.999992517952865,7.482047134743652e-06,1.4988343103539137e-05,13.748276150563258,13.748291138906362,False
1005.10000000016,29.999992578686555,29.999992578686555,7.421313444666566e-06,1.486694954877521e-05,13.748276448873993,13.748291315823542,False
1005.6000000001601,29.99999263959837,29.99999263959837,7.3604016286310525e-06,1.4745195457521731e-05,13.748276744752493,13.74829148994795,False
1006.1000000001602,29.99999270067768,29.99999270067768,7.299322319909152e-06,1.4623102146060774e-05,13.748277038191807,13.748291661293953,False
1006.6000000001603,29.999992761913973,29.999992761913973,7.238086027427926e-06,1.4500690689089879e-05,13.748277329185406,13.748291829876095,False
1007.1000000001604,29.99999282329685,29.99999282329685,7.1767031499803124e-06,1.4377981912616633e-05,13.748277617727172,13.748291995709085,False
1007.6000000001605,29.99999288481604,29.99999288481604,7.115183958461557e-06,1.42549964294858e-05,13.74827790381141,13.748292158807839,False
1008.1000000001607,29.9999929464614,29.9999929464614,7.053538599421927e-06,1.4131754561219623e-05,13.74827818743283,13.74829231918739,False
1008.6000000001608,29.999993008222898,29.999993008222898,6.9917771021721364e-06,1.4008276430388378e-05,13.748278468586546,13.748292476862977,False
1009.1000000001609,29.999993070090625,29.999993070090625,6.929909375230636e-06,1.388458189666153e-05,13.748278747268074,13.74829263184997,False
1009.600000000161,29.999993132054787,29.999993132054787,6.867945213429039e-06,1.3760690592334868e-05,13.748279023473316,13.748292784163908,False
1010.1000000001611,29.999993194105723,29.999993194105723,6.805894276595836e-06,1.3636621886803368e-05,13.748279297198572,13.748292933820458,False
1010.6000000001612,29.99999325623388,29.99999325623388,6.743766121530825e-06,1.3512394950510043e-05,13.748279568440529,13.748293080835479,False
1011.1000000001613,29.999993318429816,29.999993318429816,6.6815701842415365e-06,1.3388028690997089e-05,13.74827983719624,13.74829322522493,False
1011.6000000001615,29.999993380684234,29.999993380684234,6.619315765732381e-06,1.3263541767116749e-05,13.748280103463149,13.748293367004916,False
1012.1000000001616,29.999993442987932,29.999993442987932,6.557012067531787e-06,1.3138952624558442e-05,13.748280367239063,13.748293506191688,False
1012.6000000001617,29.99999350533184,29.99999350533184,6.494668159717776e-06,1.3014279453216204e-05,13.748280628522156,13.74829364280161,False
1013.1000000001618,29.999993567706998,29.999993567706998,6.432293002234246e-06,1.2889540215610396e-05,13.748280887310964,13.74829377685118,False
1013.6000000001619,29.999993630104562,29.999993630104562,6.369895437785544e-06,1.27647526468877e-05,13.748281143604379,13.748293908357025,False
1014.100000000162,29.999993692515808,29.999993692515808,6.3074841918364655e-06,1.2639934240610273e-05,13.748281397401644,13.748294037335885,False
1014.6000000001621,29.99999375493213,29.99999375493213,6.24506786905954e-06,1.2515102262966593e-05,13.748281648702354,13.748294163804617,False
1015.1000000001623,29.99999381734504,29.99999381734504,6.182654960440459e-06,1.2390273731455181e-05,13.748281897506438,13.748294287780169,False
1015.6000000001624,29.999993879746153,29.999993879746153,6.120253846830792e-06,1.2265465457517166e-05,13.748282143814167,13.748294409279625,False
1016.1000000001625,29.999993942127215,29.999993942127215,6.057872784737128e-06,1.214069399679829e-05,13.748282387626148,13.748294528320145,False
1016.6000000001626,29.999994004480076,29.999994004480076,5.995519924084647e-06,1.2015975705992332e-05,13.748282628943311,13.748294644919017,False
1017.1000000001627,29.999994066796702,29.999994066796702,5.9332032975589755e-06,1.1891326685997683e-05,13.748282867766914,13.7482947590936,False
1017.6000000001628,29.99999412906918,29.99999412906918,5.8709308206061905e-06,1.1766762817444487e-05,13.748283104098533,13.74829487086135,False
1018.1000000001629,29.9999941912897,29.9999941912897,5.808710298538244e-06,1.1642299753589214e-05,13.748283337940054,13.748294980239807,False
1018.600000000163,29.999994253450573,29.999994253450573,5.746549426532965e-06,1.1517952927420083e-05,13.748283569293688,13.748295087246616,False
1019.1000000001632,29.999994315544217,29.999994315544217,5.68445578252863e-06,1.1393737544551641e-05,13.748283798161937,13.748295191899482,False
1019.6000000001633,29.99999437756317,29.99999437756317,5.622436830776678e-06,1.1269668583224757e-05,13.748284024547617,13.7482952942162,False
1020.1000000001634,29.999994439500068,29.999994439500068,5.560499932499852e-06,1.1145760794306625e-05,13.748284248453826,13.74829539421462,False
1020.6000000001635,29.99999450134767,29.99999450134767,5.498652331681342e-06,1.1022028729712474e-05,13.748284469883966,13.748295491912696,False
1021.1000000001636,29.999994563098834,29.999994563098834,5.436901165722929e-06,1.0898486692667575e-05,13.748284688841721,13.748295587328414,False
1021.6000000001637,29.99999462474654,29.99999462474654,5.375253458339557e-06,1.0775148780339805e-05,13.748284905331062,13.748295680479842,False
1022.1000000001638,29.999994686283873,29.999994686283873,5.313716126664758e-06,1.0652028869628793e-05,13.748285119356238,13.748295771385107,False
1022.600000000164,29.99999474770402,29.99999474770402,5.252295981250654e-06,1.052914062427135e-05,13.748285330921776,13.7482958600624,False
1023.1000000001641,29.99999480900028,29.99999480900028,5.19099971896253e-06,1.0406497487736033e-05,13.748285540032471,13.748295946529959,False
1023.6000000001642,29.999994870166066,29.999994870166066,5.129833933636974e-06,1.028411267611773e-05,13.748285746693378,13.748296030806054,False
1024.100000000164,29.99999493119489,29.99999493119489,5.0688051089764485e-06,1.0161999220770213e-05,13.748285950909827,13.748296112909047,False
1024.6000000001636,29.999994992080374,29.999994992080374,5.007919625654722e-06,1.0040169904357299e-05,13.748286152687395,13.7482961928573,False
1025.1000000001632,29.999995052816242,29.999995052816242,4.947183757764151e-06,9.91863733190712e-06,13.748286352031917,13.748296270669249,False
1025.6000000001627,29.999995113396327,29.999995113396327,4.886603672815681e-06,9.79741386686328e-06,13.748286548949478,13.748296346363345,False
1026.1000000001623,29.999995173814565,29.999995173814565,4.826185435291563e-06,9.676511695033696e-06,13.748286743446403,13.748296419958098,False
1026.6000000001618,29.999995234065,29.999995234065,4.7659349995399225e-06,9.555942760641756e-06,13.748286935529265,13.748296491472026,False
1027.1000000001613,29.99999529414178,29.99999529414178,4.705858220432901e-06,9.435718808958882e-06,13.748287125204872,13.74829656092368,False
1027.600000000161,29.999995354039143,29.999995354039143,4.645960856919373e-06,9.315851407620812e-06,13.748287312480262,13.74829662833167,False
1028.1000000001604,29.999995413751442,29.999995413751442,4.586248557814088e-06,9.196351889784182e-06,13.748287497362698,13.748296693714588,False
1028.60000000016,29.999995473273128,29.999995473273128,4.526726872455811e-06,9.077231396759089e-06,13.748287679859677,13.748296757091074,False
1029.1000000001595,29.999995532598753,29.999995532598753,4.467401247154612e-06,8.958500856692808e-06,13.748287859978905,13.748296818479762,False
1029.600000000159,29.99999559172297,29.99999559172297,4.408277028744578e-06,8.840171012991505e-06,13.748288037728317,13.74829687789933,False
1030.1000000001586,29.99999565064053,29.99999565064053,4.34935947168924e-06,8.72225240300395e-06,13.74828821311605,13.748296935368453,False
1030.6000000001582,29.999995709346276,29.999995709346276,4.290653723870719e-06,8.604755372232376e-06,13.748288386150453,13.748296990905825,False
1031.1000000001577,29.99999576783517,29.99999576783517,4.2321648301424375e-06,8.487690045910767e-06,13.748288556840075,13.748297044530121,False
1031.6000000001573,29.999995826102257,29.999995826102257,4.173897742987265e-06,8.371066364531998e-06,13.748288725193676,13.74829709626004,False
1032.1000000001568,29.999995884142674,29.999995884142674,4.115857326070227e-06,8.254894090953258e-06,13.748288891220204,13.748297146114295,False
1032.6000000001563,29.999995941951664,29.999995941951664,4.05804833647494e-06,8.139182789079769e-06,13.748289054928804,13.748297194111593,False
1033.100000000156,29.999995999524568,29.999995999524568,4.000475431809036e-06,8.023941809653934e-06,13.74828921632881,13.74829724027062,False
1033.6000000001554,29.999996056856812,29.999996056856812,3.943143187967735e-06,7.9091803328879e-06,13.748289375429733,13.748297284610066,False
1034.100000000155,29.999996113943922,29.999996113943922,3.886056077817557e-06,7.7949073542527e-06,13.748289532241277,13.74829732714863,False
1034.6000000001545,29.999996170781525,29.999996170781525,3.829218474749041e-06,7.68113165605655e-06,13.748289686773312,13.748297367904968,False
1035.100000000154,29.999996227365326,29.999996227365326,3.772634673993025e-06,7.567861857182834e-06,13.748289839035893,13.74829740689775,False
1035.6000000001536,29.999996283691125,29.999996283691125,3.716308874857077e-06,7.455106391773825e-06,13.748289989039234,13.748297444145626,False
1036.1000000001532,29.999996339754826,29.999996339754826,3.660245173620069e-06,7.342873502125258e-06,13.748290136793724,13.748297479667226,False
1036.6000000001527,29.99999639555242,29.99999639555242,3.6044475812957444e-06,7.2311712457917565e-06,13.748290282309911,13.748297513481157,False
1037.1000000001522,29.999996451079976,29.999996451079976,3.548920023632718e-06,7.120007495586833e-06,13.748290425598503,13.748297545605999,False
1037.6000000001518,29.999996506333666,29.999996506333666,3.493666334009049e-06,7.0093899608991705e-06,13.74829056667036,13.74829757606032,False
1038.1000000001513,29.999996561309747,29.999996561309747,3.4386902534322417e-06,6.8993261663763406e-06,13.748290705536505,13.748297604862671,False
1038.6000000001509,29.999996616004555,29.999996616004555,3.3839954447500986e-06,6.789823466135658e-06,13.748290842208092,13.748297632031559,False
1039.1000000001504,29.999996670414536,29.999996670414536,3.3295854642290124e-06,6.680889008237045e-06,13.748290976696431,13.74829765758544,False
1039.60000000015,29.999996724536203,29.999996724536203,3.275463797081102e-06,6.572529805737304e-06,13.748291109012976,13.748297681542782,False
1040.1000000001495,29.999996778366164,29.999996778366164,3.22163383614793e-06,6.464752665635842e-06,13.74829123916931,13.748297703921976,False
1040.600000000149,29.999996831901107,29.999996831901107,3.168098892558646e-06,6.357564245718095e-06,13.748291367177151,13.748297724741397,False
1041.1000000001486,29.999996885137804,29.999996885137804,3.114862195729984e-06,6.2509710474500935e-06,13.74829149304836,13.748297744019407,False
1041.6000000001482,29.999996938073117,29.999996938073117,3.0619268827081214e-06,6.144979373345905e-06,13.748291616794912,13.748297761774285,False
1042.1000000001477,29.999996990703988,29.999996990703988,3.0092960123795365e-06,6.03959537670562e-06,13.748291738428914,13.748297778024291,False
1042.6000000001472,29.99999704302744,29.99999704302744,2.956972558365578e-06,5.934825033193647e-06,13.748291857962593,13.748297792787627,False
1043.1000000001468,29.999997095040587,29.999997095040587,2.904959412575181e-06,5.830674162154992e-06,13.748291975408288,13.74829780608245,False
1043.6000000001463,29.999997146740604,29.999997146740604,2.853259395863006e-06,5.727148433720686e-06,13.748292090778454,13.748297817926888,False
1044.1000000001459,29.99999719812477,29.99999719812477,2.801875229607731e-06,5.624253333280649e-06,13.748292204085667,13.748297828339,False
1044.6000000001454,29.999997249190432,29.999997249190432,2.750809567686474e-06,5.521994189905399e-06,13.748292315342603,13.748297837336793,False
1045.100000000145,29.99999729993501,29.99999729993501,2.7000649893693662e-06,5.4203761976623355e-06,13.748292424562043,13.748297844938241,False
1045.6000000001445,29.999997350356015,29.999997350356015,2.649643985108696e-06,5.3194043658777446e-06,13.748292531756867,13.748297851161233,False
1046.100000000144,29.999997400451026,29.999997400451026,2.599548974302479e-06,5.219083568874794e-06,13.748292636940059,13.748297856023628,False
1046.6000000001436,29.999997450217705,29.999997450217705,2.5497822946363158e-06,5.119418510446394e-06,13.748292740124697,13.748297859543207,False
1047.1000000001432,29.999997499653787,29.999997499653787,2.5003462127415332e-06,5.020413752276909e-06,13.748292841323948,13.7482978617377,False
1047.6000000001427,29.99999754875708,29.99999754875708,2.4512429206424713e-06,4.922073706836727e-06,13.748292940551076,13.748297862624783,False
1048.1000000001422,29.999997597525468,29.999997597525468,2.402474532203769e-06,4.8244026373822635e-06,13.748293037819423,13.74829786222206,False
1048.6000000001418,29.99999764595691,29.99999764595691,2.354043090235791e-06,4.727404657955958e-06,13.748293133142418,13.748297860547076,False
1049.1000000001413,29.999997694049448,29.999997694049448,2.3059505522837753e-06,4.631083712069994e-06,13.748293226533574,13.748297857617287,False
1049.6000000001409,29.999997741801174,29.999997741801174,2.258198826154967e-06,4.535443636655145e-06,13.748293318006475,13.748297853450111,False
1050.1000000001404,29.999997789210273,29.999997789210273,2.2107897272860555e-06,4.440488105217355e-06,13.748293407574781,13.748297848062887,False
1050.60000000014,29.99999783627499,29.99999783627499,2.1637250107175987e-06,4.346220642048593e-06,13.748293495252229,13.748297841472871,False
1051.1000000001395,29.99999788299364,29.99999788299364,2.11700636043588e-06,4.252644650648563e-06,13.748293581052621,13.748297833697272,False
1051.600000000139,29.99999792936461,29.99999792936461,2.07063538937291e-06,4.159763385302995e-06,13.748293664989824,13.748297824753209,False
1052.1000000001386,29.999997975386353,29.999997975386353,2.0246136465118525e-06,4.067579972399926e-06,13.74829374707777,13.748297814657743,False
1052.6000000001382,29.999998021057408,29.999998021057408,1.9789425920180292e-06,3.976097353586283e-06,13.748293827330453,13.748297803427807,False
1053.1000000001377,29.99999806637635,29.99999806637635,1.9336236505296256e-06,3.885318406560145e-06,13.748293905761926,13.748297791080333,False
1053.6000000001372,29.999998111341842,29.999998111341842,1.8886581578669848e-06,3.795245838489336e-06,13.74829398238629,13.748297777632128,False
1054.1000000001368,29.99999815595261,29.99999815595261,1.8440473894543175e-06,3.7058822144331316e-06,13.748294057217706,13.74829776309992,False
1054.6000000001363,29.999998200207443,29.999998200207443,1.7997925567669881e-06,3.61722998576397e-06,13.748294130270382,13.748297747500368,False
1055.1000000001359,29.99999824410519,29.99999824410519,1.7558948108842287e-06,3.5292914830620248e-06,13.748294201558577,13.74829773085006,False
1055.6000000001354,29.999998287644768,29.999998287644768,1.7123552318309976e-06,3.4420688876934946e-06,13.748294271096588,13.748297713165476,False
1056.100000000135,29.99999833082516,29.99999833082516,1.6691748392361205e-06,3.355564274443168e-06,13.748294338898761,13.748297694463036,False
1056.6000000001345,29.999998373645415,29.999998373645415,1.6263545852268635e-06,3.2697795617764314e-06,13.748294404979475,13.748297674759037,False
1057.100000000134,29.999998416104624,29.999998416104624,1.5838953757452146e-06,3.184716582893543e-06,13.748294469353155,13.748297654069738,False
1057.6000000001336,29.999998458201958,29.999998458201958,1.5417980421261746e-06,3.100377043097069e-06,13.748294532034251,13.748297632411294,False
1058.1000000001332,29.999998499936638,29.999998499936638,1.5000633624140391e-06,3.0167625055810277e-06,13.748294593037258,13.748297609799764,False
1058.6000000001327,29.999998541307953,29.999998541307953,1.458692047151544e-06,2.9338744198526e-06,13.748294652376687,13.748297586251107,False
1059.1000000001322,29.999998582315246,29.999998582315246,1.41768475359072e-06,2.8517141217321296e-06,13.74829471006709,13.74829756178121,False
1059.6000000001318,29.999998622957918,29.999998622957918,1.3770420821401785e-06,2.770282840458549e-06,13.74829476612303,13.74829753640587,False
1060.1000000001313,29.99999866323542,29.99999866323542,1.3367645799178263e-06,2.689581684478526e-06,13.7482948205591,13.748297510140784,False
1060.6000000001309,29.99999870314728,29.99999870314728,1.2968527194345825e-06,2.609611634341036e-06,13.748294873389922,13.748297483001556,False
1061.1000000001304,29.99999874269306,29.99999874269306,1.2573069412269433e-06,2.530373585329926e-06,13.748294924630125,13.74829745500371,False
1061.60000000013,29.99999878187239,29.99999878187239,1.2181276112244177e-06,2.451868290620496e-06,13.74829497429436,13.748297426162651,False
1062.1000000001295,29.999998820684944,29.999998820684944,1.1793150562766641e-06,2.3740964252283447e-06,13.748295022397292,13.748297396493717,False
1062.600000000129,29.99999885913047,29.99999885913047,1.1408695286263537e-06,2.2970585220605244e-06,13.748295068953592,13.748297366012114,False
1063.1000000001286,29.999998897208748,29.999998897208748,1.1027912520944483e-06,2.2207550358643857e-06,13.748295113977946,13.748297334732982,False
1063.6000000001281,29.999998934919617,29.999998934919617,1.0650803830003497e-06,2.145186314805869e-06,13.748295157485048,13.748297302671363,False
1064.1000000001277,29.99999897226297,29.99999897226297,1.027737031478182e-06,2.0703525933640776e-06,13.748295199489592,13.748297269842185,False
1064.6000000001272,29.99999900923875,29.99999900923875,9.907612508186503e-07,1.9962539994367035e-06,13.748295240006282,13.748297236260282,False
1065.1000000001268,29.99999904584695,29.99999904584695,9.541530516798957e-07,1.922890575656311e-06,13.748295279049826,13.748297201940401,False
1065.6000000001263,29.999999082087616,29.999999082087616,9.179123843239267e-07,1.8502622367577715e-06,13.748295316634922,13.748297166897158,False
1066.1000000001259,29.999999117960833,29.999999117960833,8.820391670383287e-07,1.7783688406325382e-06,13.74829535277627,13.74829713114511,False
1066.6000000001254,29.999999153466753,29.999999153466753,8.465332470564135e-07,1.707210110168944e-06,13.748295387488566,13.748297094698676,False
1067.100000000125,29.999999188605553,29.999999188605553,8.113944467424972e-07,1.6367856972010486e-06,13.748295420786501,13.748297057572199,False
1067.6000000001245,29.999999223377472,29.999999223377472,7.766225280647632e-07,1.5670951469815009e-06,13.748295452684754,13.748297019779901,False
1068.100000000124,29.999999257782797,29.999999257782797,7.422172032534036e-07,1.4981379123923944e-06,13.748295483198,13.748296981335912,False
1068.6000000001236,29.999999291821847,29.999999291821847,7.081781525641873e-07,1.4299133539452669e-06,13.748295512340892,13.748296942254246,False
1069.1000000001231,29.999999325495,29.999999325495,6.745049994094643e-07,1.3624207539919553e-06,13.748295540128076,13.74829690254883,False
1069.6000000001227,29.99999935880267,29.99999935880267,6.411973316744479e-07,1.2956592954083135e-06,13.748295566574184,13.74829686223348,False
1070.1000000001222,29.99999939174531,29.99999939174531,6.082546910590736e-07,1.2296280829104944e-06,13.748295591693832,13.748296821321915,False
1070.6000000001218,29.99999942432343,29.99999942432343,5.756765695252852e-07,1.1643261146332406e-06,13.748295615501606,13.74829677982772,False
1071.1000000001213,29.999999456537576,29.999999456537576,5.4346242350789e-07,1.0997523247624486e-06,13.748295638012081,13.748296737764406,False
1071.6000000001209,29.99999948838834,29.99999948838834,5.116116597037035e-07,1.0359055409026041e-06,13.748295659239801,13.748296695145342,False
1072.1000000001204,29.999999519876337,29.999999519876337,4.801236634932593e-07,9.727845480256292e-07,13.748295679199298,13.748296651983846,False
1072.60000000012,29.999999551002244,29.999999551002244,4.489977563082448e-07,9.103880103111806e-07,13.748295697905073,13.748296608293083,False
1073.1000000001195,29.99999958176677,29.99999958176677,4.1823323115863786e-07,8.487145208846414e-07,13.748295715371594,13.748296564086115,False
1073.600000000119,29.999999612170658,29.999999612170658,3.87829341974566e-07,7.877626089225487e-07,13.74829573161331,13.748296519375918,False
1074.1000000001186,29.999999642214696,29.999999642214696,3.577853036063061e-07,7.275307254417385e-07,13.74829574664463,13.748296474175355,False
1074.6000000001181,29.99999967189971,29.99999967189971,3.281002882715711e-07,6.680172219830638e-07,13.748295760479932,13.748296428497154,False
1075.1000000001177,29.999999701226564,29.999999701226564,2.987734362136507e-07,6.092203932439588e-07,13.748295773133568,13.748296382353962,False
1075.6000000001172,29.999999730196148,29.999999730196148,2.6980385214869784e-07,5.511384628675842e-07,13.748295784619852,13.748296335758315,False
1076.1000000001168,29.999999758809402,29.999999758809402,2.411905981603013e-07,4.937695763373995e-07,13.748295794953055,13.748296288722631,False
1076.6000000001163,29.999999787067292,29.999999787067292,2.1293270791034047e-07,4.3711180808259087e-07,13.748295804147418,13.748296241259226,False
1077.1000000001159,29.999999814970828,29.999999814970828,1.8502917242813055e-07,3.8116316147807083e-07,13.748295812217135,13.748296193380297,False
1077.6000000001154,29.999999842521046,29.999999842521046,1.5747895432127734e-07,3.259215688444783e-07,13.748295819176366,13.748296145097935,False
1078.100000000115,29.99999986971902,29.99999986971902,1.3028098067024985e-07,2.7138489855360604e-07,13.748295825039234,13.748296096424133,False
1078.6000000001145,29.99999989656585,29.99999989656585,1.0343415013380763e-07,2.175509550284005e-07,13.748295829819801,13.748296047370756,False
1079.100000000114,29.999999923062674,29.999999923062674,7.693732584357349e-08,1.644174929538167e-07,13.748295833532103,13.748295997949596,False
1079.6000000001136,29.99999994921066,29.99999994921066,5.078933895674709e-08,1.1198217464425397e-07,13.748295836190112,13.748295948172286,False
1080.1000000001131,29.999999975011015,29.999999975011015,2.4988985103391315e-08,6.024260557069283e-08,13.748295837807769,13.748295898050374,False
1080.6000000001127,30.000000000464965,30.000000000464965,-4.6496495542669436e-10,9.196348571549606e-09,13.748295838398956,13.748295847595305,False
1081.1000000001122,30.000000025573776,30.000000025573776,-2.5573775985776592e-08,-4.1159125885315007e-08,13.748295837977512,13.748295796818386,False
1081.6000000001118,30.000000050338734,30.000000050338734,-5.0338734070010105e-08,-9.082637575374974e-08,13.748295836557224,13.748295745730848,False
1082.1000000001113,30.000000074761157,30.000000074761157,-7.476115726490207e-08,-1.3980802293644956e-07,13.74829583415182,13.748295694343797,False
1082.6000000001109,30.0000000988424,30.0000000988424,-9.88423991543641e-08,-1.88106760390383e-07,13.748295830774985,13.748295642668225,False
1083.1000000001104,30.00000012258383,30.00000012258383,-1.2258383108587623e-07,-2.357253237050827e-07,13.74829582644034,13.748295590715017,False
1083.60000000011,30.00000014598686,30.00000014598686,-1.4598685993405525e-07,-2.8266651952435495e-07,13.748295821161458,13.748295538494938,False
1084.1000000001095,30.000000169052914,30.000000169052914,-1.6905291388980004e-07,-3.2893318291371543e-07,13.74829581495185,13.748295486018668,False
1084.600000000109,30.000000191783446,30.000000191783446,-1.9178344601300523e-07,-3.745282199929534e-07,13.748295807824974,13.748295433296754,False
1085.1000000001086,30.000000214179938,30.000000214179938,-2.141799377852749e-07,-4.194545795144222e-07,13.748295799794226,13.748295380339647,False
1085.6000000001081,30.000000236243896,30.000000236243896,-2.3624389555720882e-07,-4.637152670738942e-07,13.748295790872943,13.748295327157676,False
1086.1000000001077,30.00000025797685,30.00000025797685,-2.579768505484026e-07,-5.073133308997058e-07,13.748295781074404,13.748295273761073,False
1086.6000000001072,30.00000027938036,30.00000027938036,-2.793803588474475e-07,-5.502518760636121e-07,13.748295770411824,13.748295220159948,False
1087.1000000001068,30.000000300456005,30.000000300456005,-3.004560049646443e-07,-5.925340573753601e-07,13.748295758898353,13.748295166364295,False
1087.6000000001063,30.000000321205377,30.000000321205377,-3.2120537696300744e-07,-6.341630509609786e-07,13.748295746547083,13.748295112384032,False
1088.1000000001059,30.000000341630106,30.000000341630106,-3.4163010553811546e-07,-6.751421040007699e-07,13.748295733371034,13.74829505822893,False
1088.6000000001054,30.000000361731832,30.000000361731832,-3.6173183204368797e-07,-7.15474492096746e-07,13.74829571938317,13.748295003908678,False
1089.100000000105,30.000000381512226,30.000000381512226,-3.81512226255154e-07,-7.551635476943375e-07,13.748295704596384,13.748294949432836,False
1089.6000000001045,30.000000400972972,30.000000400972972,-4.0097297215879735e-07,-7.942126245552572e-07,13.7482956890235,13.748294894810876,False
1090.100000000104,30.000000420115775,30.000000420115775,-4.201157750571838e-07,-8.326251332846368e-07,13.748295672677282,13.748294840052148,False
1090.6000000001036,30.000000438942365,30.000000438942365,-4.389423651218749e-07,-8.704045200147448e-07,13.748295655570416,13.748294785165896,False
1091.1000000001031,30.00000045745449,30.00000045745449,-4.5745449028800067e-07,-9.075542735104136e-07,13.748295637715525,13.748294730161252,False
1091.6000000001027,30.000000475653913,30.000000475653913,-4.756539127015458e-07,-9.440779180636127e-07,13.748295619125159,13.74829467504724,False
1092.1000000001022,30.000000493542416,30.000000493542416,-4.93542415824777e-07,-9.79979006388021e-07,13.748295599811795,13.748294619832789,False
1092.6000000001018,30.0000005111218,30.0000005111218,-5.111218008835294e-07,-1.0152611338298811e-06,13.748295579787843,13.74829456452671,False
1093.1000000001013,30.000000528393887,30.000000528393887,-5.283938868672067e-07,-1.0499279312625731e-06,13.748295559065637,13.748294509137706,False
1093.6000000001009,30.000000545360514,30.000000545360514,-5.453605140814943e-07,-1.0839830721920407e-06,13.74829553765744,13.748294453674367,False
1094.1000000001004,30.000000562023526,30.000000562023526,-5.620235263847917e-07,-1.1174302443350825e-06,13.748295515575439,13.748294398145195,False
1094.6000000001,30.000000578384793,30.000000578384793,-5.783847925044938e-07,-1.1502731780410613e-06,13.748295492831758,13.74829434255858,False
1095.1000000000995,30.000000594446195,30.000000594446195,-5.944461953788505e-07,-1.182515624975622e-06,13.748295469438428,13.748294286922803,False
1095.600000000099,30.00000061020964,30.00000061020964,-6.102096392623935e-07,-1.214161393647828e-06,13.748295445407415,13.748294231246021,False
1096.1000000000986,30.00000062567703,30.00000062567703,-6.256770284096547e-07,-1.2452142854613157e-06,13.748295420750608,13.748294175536323,False
1096.6000000000981,30.00000064085029,30.00000064085029,-6.40850288391448e-07,-1.2756781444522858e-06,13.748295395479815,13.74829411980167,False
1097.1000000000977,30.000000655731366,30.000000655731366,-6.557313660948694e-07,-1.30555686439493e-06,13.748295369606776,13.748294064049912,False
1097.6000000000972,30.000000670322212,30.000000670322212,-6.703222119597285e-07,-1.334854331958013e-06,13.748295343143141,13.74829400828881,False
1098.1000000000968,30.00000068462479,30.00000068462479,-6.846247906366898e-07,-1.363574483548291e-06,13.748295316100489,13.748293952526005,False
1098.6000000000963,30.000000698641077,30.000000698641077,-6.986410774345586e-07,-1.39172125557252e-06,13.748295288490324,13.748293896769068,False
1099.1000000000959,30.000000712373065,30.000000712373065,-7.123730654257088e-07,-1.4192986341754477e-06,13.748295260324062,13.748293841025427,False
1099.6000000000954,30.00000072582276,30.00000072582276,-7.258227583406551e-07,-1.446310612607249e-06,13.748295231613042,13.74829378530243,False
1100.100000000095,30.000000738992163,30.000000738992163,-7.389921634626262e-07,-1.4727612196452355e-06,13.748295202368526,13.748293729607306,False
1100.6000000000945,30.000000751883302,30.000000751883302,-7.518833022857052e-07,-1.498654476961292e-06,13.748295172601694,13.748293673947217,False
1101.100000000094,30.000000764498214,30.000000764498214,-7.644982140675438e-07,-1.5239944630707214e-06,13.748295142323643,13.74829361832918,False
1101.6000000000936,30.000000776838935,30.000000776838935,-7.7683893451308e-07,-1.5487852564888271e-06,13.74829511154539,13.748293562760134,False
1102.1000000000931,30.000000788907517,30.000000788907517,-7.8890751709082e-07,-1.5730309428363398e-06,13.748295080277867,13.748293507246924,False
1102.6000000000927,30.000000800706026,30.000000800706026,-8.007060259274112e-07,-1.596735664577409e-06,13.748295048531928,13.748293451796263,False
1103.1000000000922,30.00000081223653,30.00000081223653,-8.122365287022149e-07,-1.6199035357544744e-06,13.748295016318346,13.74829339641481,False
1103.6000000000918,30.0000008235011,30.0000008235011,-8.235011002000192e-07,-1.642538720147968e-06,13.748294983647803,13.748293341109083,False
1104.1000000000913,30.00000083450183,30.00000083450183,-8.345018294164674e-07,-1.664645381538321e-06,13.748294950530905,13.748293285885524,False
1104.6000000000909,30.00000084524081,30.00000084524081,-8.452408088999164e-07,-1.6862277050222474e-06,13.748294916978175,13.74829323075047,False
1105.1000000000904,30.000000855720135,30.000000855720135,-8.557201347514365e-07,-1.7072898828018879e-06,13.748294883000046,13.748293175710163,False
1105.60000000009,30.00000086594191,30.00000086594191,-8.659419101775256e-07,-1.7278361141848109e-06,13.74829484860687,13.748293120770755,False
1106.1000000000895,30.000000875908256,30.000000875908256,-8.759082561482501e-07,-1.7478706411111489e-06,13.748294813808918,13.748293065938277,False
1106.600000000089,30.000000885621283,30.000000885621283,-8.85621282975535e-07,-1.7673976842047523e-06,13.748294778616373,13.748293011218689,False
1107.1000000000886,30.000000895083115,30.000000895083115,-8.950831151821603e-07,-1.7864214854057536e-06,13.748294743039331,13.748292956617846,False
1107.6000000000881,30.000000904295884,30.000000904295884,-9.042958843963333e-07,-1.8049463079705674e-06,13.748294707087808,13.7482929021415,False
1108.1000000000877,30.000000913261722,30.000000913261722,-9.132617222462613e-07,-1.8229764151556083e-06,13.748294670771731,13.748292847795316,False
1108.6000000000872,30.000000921982767,30.000000921982767,-9.219827674655789e-07,-1.840516077322718e-06,13.748294634100944,13.748292793584866,False
1109.1000000000868,30.000000930461162,30.000000930461162,-9.304611623406345e-07,-1.8575695861500208e-06,13.748294597085206,13.74829273951562,False
1109.6000000000863,30.00000093869905,30.00000093869905,-9.386990491577762e-07,-1.8741412191047857e-06,13.748294559734186,13.748292685592967,False
1110.1000000000859,30.000000946698584,30.000000946698584,-9.466985844142073e-07,-1.890235289181419e-06,13.748294522057472,13.748292631822183,False
1110.6000000000854,30.000000954461914,30.000000954461914,-9.544619139489896e-07,-1.905856080952617e-06,13.74829448406456,13.74829257820848,False
1111.100000000085,30.00000096199119,30.00000096199119,-9.619911907066125e-07,-1.9210079145182135e-06,13.748294445764873,13.748292524756959,False
1111.6000000000845,30.00000096928857,30.00000096928857,-9.692885711842791e-07,-1.9356950815563323e-06,13.748294407167728,13.748292471472647,False
1112.100000000084,30.000000976356215,30.000000976356215,-9.76356215431906e-07,-1.949921923483089e-06,13.748294368282371,13.748292418360448,False
1112.6000000000836,30.00000098319629,30.00000098319629,-9.831962906048375e-07,-1.9636927532928894e-06,13.748294329117957,13.748292365425204,False
1113.1000000000831,30.000000989810957,30.000000989810957,-9.8981095675299e-07,-1.977011905296422e-06,13.748294289683557,13.748292312671651,False
1113.6000000000827,30.000000996202374,30.000000996202374,-9.962023739262804e-07,-1.9898836924880925e-06,13.748294249988144,13.748292260104451,False
1114.1000000000822,30.000001002372706,30.000001002372706,-1.002372705727339e-06,-2.002312442073162e-06,13.748294210040623,13.74829220772818,False
1114.6000000000818,30.00000100832412,30.00000100832412,-1.00832411931151e-06,-2.0143024954677458e-06,13.748294169849796,13.7482921555473,False
1115.1000000000813,30.000001014058775,30.000001014058775,-1.01405877472871e-06,-2.0258581585608226e-06,13.748294129424389,13.74829210356623,False
1115.6000000000809,30.00000101957884,30.00000101957884,-1.019578839134283e-06,-2.0369837798739354e-06,13.748294088773035,13.748292051789255,False
1116.1000000000804,30.00000102488648,30.00000102488648,-1.0248864796835733e-06,-2.047683686612345e-06,13.748294047904283,13.748292000220596,False
1116.60000000008,30.000001029983853,30.000001029983853,-1.0299838528737837e-06,-2.057962191770457e-06,13.748294006826596,13.748291948864404,False
1117.1000000000795,30.000001034873126,30.000001034873126,-1.0348731258602584e-06,-2.0678236296589603e-06,13.748293965548351,13.748291897724721,False
1117.600000000079,30.000001039556466,30.000001039556466,-1.0395564657983414e-06,-2.07727234169397e-06,13.748293924077839,13.748291846805497,False
1118.1000000000786,30.000001044036022,30.000001044036022,-1.0440360220798084e-06,-2.0863126195536097e-06,13.748293882423262,13.748291796110642,False
1118.6000000000781,30.000001048313962,30.000001048313962,-1.0483139618600035e-06,-2.094948797548568e-06,13.74829384059273,13.748291745643932,False
1119.1000000000777,30.000001052392438,30.000001052392438,-1.052392438083416e-06,-2.1031851957786785e-06,13.748293798594279,13.748291695409083,False
1119.6000000000772,30.0000010562736,30.0000010562736,-1.0562736001418216e-06,-2.1110260988166374e-06,13.748293756435856,13.748291645409758,False
1120.1000000000768,30.000001059959605,30.000001059959605,-1.0599596045324233e-06,-2.1184758267622783e-06,13.748293714125314,13.748291595649487,False
1120.6000000000763,30.0000010634526,30.0000010634526,-1.0634526006469969e-06,-2.1255386783991526e-06,13.748293671670432,13.748291546131753,False
1121.1000000000759,30.000001066754727,30.000001066754727,-1.0667547272191769e-06,-2.132218938299957e-06,13.748293629078887,13.748291496859949,False
1121.6000000000754,30.000001069868127,30.000001069868127,-1.0698681265353116e-06,-2.1385208839319603e-06,13.748293586358285,13.748291447837401,False
1122.100000000075,30.000001072794944,30.000001072794944,-1.072794944434463e-06,-2.144448806973287e-06,13.748293543516136,13.748291399067329,False
1122.6000000000745,30.000001075537313,30.000001075537313,-1.0755373125448386e-06,-2.1500069848912062e-06,13.748293500559873,13.748291350552888,False
1123.100000000074,30.00000107809736,30.00000107809736,-1.0780973589419318e-06,-2.155199666731278e-06,13.74829345749684,13.748291302297174,False
1123.6000000000736,30.00000108047721,30.00000108047721,-1.0804772117012362e-06,-2.160031108644489e-06,13.748293414334297,13.748291254303188,False
1124.1000000000731,30.000001082678992,30.000001082678992,-1.0826789917928181e-06,-2.1645055596763996e-06,13.748293371079415,13.748291206573855,False
1124.6000000000727,30.000001084704817,30.000001084704817,-1.08470481663403e-06,-2.1686272546617147e-06,13.748293327739281,13.748291159112027,False
1125.1000000000722,30.000001086556797,30.000001086556797,-1.0865567965367973e-06,-2.1724004142242848e-06,13.748293284320905,13.74829111192049,False
1125.6000000000718,30.000001088237045,30.000001088237045,-1.0882370453657586e-06,-2.1758292660933876e-06,13.748293240831204,13.748291065001938,False
1126.1000000000713,30.000001089747656,30.000001089747656,-1.089747655669271e-06,-2.1789180095765914e-06,13.748293197277013,13.748291018359003,False
1126.6000000000708,30.000001091090724,30.000001091090724,-1.0910907235484046e-06,-2.1816708226651826e-06,13.748293153665085,13.748290971994262,False
1127.1000000000704,30.000001092268345,30.000001092268345,-1.0922683451042303e-06,-2.184091911772157e-06,13.748293110002088,13.748290925910176,False
1127.60000000007,30.000001093282602,30.000001093282602,-1.0932826022269637e-06,-2.1861854406779457e-06,13.748293066294606,13.748290880109165,False
1128.1000000000695,30.00000109413557,30.00000109413557,-1.0941355697013933e-06,-2.187955558952126e-06,13.748293022549142,13.748290834593583,False
1128.600000000069,30.000001094829326,30.000001094829326,-1.094829325865021e-06,-2.189406423269702e-06,13.748292978772113,13.74829078936569,False
1129.1000000000686,30.000001095365928,30.000001095365928,-1.095365927739067e-06,-2.1905421618839682e-06,13.748292934969854,13.748290744427692,False
1129.6000000000681,30.000001095747436,30.000001095747436,-1.095747435897465e-06,-2.191366888837365e-06,13.748292891148623,13.748290699781734,False
1130.1000000000677,30.000001095975904,30.000001095975904,-1.0959759038087213e-06,-2.191884711066905e-06,13.748292847314584,13.748290655429873,False
1130.6000000000672,30.000001096053378,30.000001096053378,-1.096053377835915e-06,-2.1920997284041732e-06,13.748292803473829,13.7482906113741,False
1131.1000000000668,30.000001095981887,30.000001095981887,-1.0959818865785564e-06,-2.1920160051536186e-06,13.748292759632365,13.74829056761636,False
1131.6000000000663,30.000001095763466,30.000001095763466,-1.0957634657415838e-06,-2.191637612725117e-06,13.748292715796117,13.748290524158504,False
1132.1000000000658,30.000001095400133,30.000001095400133,-1.0954001332663665e-06,-2.1909685941068346e-06,13.74829267197093,13.748290481002336,False
1132.6000000000654,30.0000010948939,30.0000010948939,-1.094893899988847e-06,-2.190012963865229e-06,13.74829262816257,13.748290438149606,False
1133.100000000065,30.00000109424678,30.00000109424678,-1.0942467802976807e-06,-2.1887747578830385e-06,13.74829258437672,13.748290395601963,False
1133.6000000000645,30.00000109346077,30.00000109346077,-1.0934607708179556e-06,-2.187257976515866e-06,13.748292540618984,13.748290353361007,False
1134.100000000064,30.00000109253785,30.00000109253785,-1.0925378504111904e-06,-2.1854665845921772e-06,13.748292496894885,13.7482903114283,False
1134.6000000000636,30.000001091480005,30.000001091480005,-1.0914800050443318e-06,-2.1834045469404373e-06,13.748292453209867,13.74829026980532,False
1135.1000000000631,30.00000109028921,30.00000109028921,-1.0902892100261852e-06,-2.1810758212836845e-06,13.748292409569297,13.748290228493476,False
1135.6000000000627,30.000001088967426,30.000001088967426,-1.0889674264547011e-06,-2.1784843369232476e-06,13.74829236597846,13.748290187494122,False
1136.1000000000622,30.00000108751661,30.00000108751661,-1.087516608322403e-06,-2.1756340018441733e-06,13.748292322442563,13.74829014680856,False
1136.6000000000618,30.000001085938695,30.000001085938695,-1.0859386954109596e-06,-2.1725287027152262e-06,13.748292278966742,13.74829010643804,False
1137.1000000000613,30.000001084235635,30.000001084235635,-1.0842356346074666e-06,-2.1691723333105983e-06,13.748292235556047,13.748290066383714,False
1137.6000000000608,30.00000108240934,30.00000108240934,-1.0824093408245972e-06,-2.1655687305610627e-06,13.748292192215452,13.748290026646721,False
1138.1000000000604,30.00000108046174,30.00000108046174,-1.080461739633165e-06,-2.161721745608247e-06,13.748292148949854,13.748289987228109,False
1138.60000000006,30.00000107839474,30.00000107839474,-1.0783947388404158e-06,-2.15763520117207e-06,13.748292105764076,13.748289948128875,False
1139.1000000000595,30.000001076210232,30.000001076210232,-1.0762102320427402e-06,-2.153312884445313e-06,13.748292062662866,13.748289909349982,False
1139.600000000059,30.000001073910102,30.000001073910102,-1.0739101021783881e-06,-2.1487585755153304e-06,13.748292019650892,13.748289870892316,False
1140.1000000000586,30.000001071496232,30.000001071496232,-1.0714962321856092e-06,-2.1439760331531943e-06,13.748291976732748,13.748289832756715,False
1140.6000000000581,30.000001068970494,30.000001068970494,-1.0689704943445122e-06,-2.138969001919122e-06,13.748291933912958,13.748289794943956,False
1141.1000000000577,30.00000106633474,30.00000106633474,-1.0663347396189238e-06,-2.1337412050570492e-06,13.748291891195962,13.748289757454756,False
1141.6000000000572,30.000001063590815,30.000001063590815,-1.063590815419957e-06,-2.1282963302837743e-06,13.748291848586133,13.748289720289803,False
1142.1000000000568,30.000001060740562,30.000001060740562,-1.0607405620532973e-06,-2.122638065316096e-06,13.748291806087764,13.748289683449698,False
1142.6000000000563,30.000001057785806,30.000001057785806,-1.0577858056137757e-06,-2.116770062343676e-06,13.748291763705089,13.748289646935026,False
1143.1000000000558,30.000001054728358,30.000001054728358,-1.0547283579853683e-06,-2.110695952239894e-06,13.74829172144225,13.748289610746298,False
1143.6000000000554,30.000001051570027,30.000001051570027,-1.0515700274993378e-06,-2.1044193587727023e-06,13.74829167930333,13.748289574883971,False
1144.100000000055,30.00000104831261,30.00000104831261,-1.0483126082760919e-06,-2.0979438701829167e-06,13.748291637292333,13.748289539348463,False
1144.6000000000545,30.000001044957884,30.000001044957884,-1.0449578837778972e-06,-2.0912730533950707e-06,13.748291595413196,13.748289504140143,False
1145.100000000054,30.000001041507623,30.000001041507623,-1.041507623256166e-06,-2.0844104682282705e-06,13.74829155366978,13.748289469259312,False
1145.6000000000536,30.00000103796359,30.00000103796359,-1.0379635888568828e-06,-2.0773596247636306e-06,13.748291512065883,13.748289434706258,False
1146.1000000000531,30.000001034327525,30.000001034327525,-1.034327524962464e-06,-2.0701240330822657e-06,13.748291470605222,13.74828940048119,False
1146.6000000000527,30.00000103060118,30.00000103060118,-1.0306011795080394e-06,-2.062707174843581e-06,13.748291429291458,13.748289366584283,False
1147.1000000000522,30.00000102678627,30.00000102678627,-1.026786268454316e-06,-2.0551125032852724e-06,13.748291388128166,13.748289333015663,False
1147.6000000000518,30.000001022884515,30.000001022884515,-1.0228845148674282e-06,-2.0473434645396082e-06,13.748291347118869,13.748289299775404,False
1148.1000000000513,30.000001018897624,30.000001018897624,-1.0188976240499414e-06,-2.039403462106293e-06,13.748291306267008,13.748289266863546,False
1148.6000000000508,30.00000101482728,30.00000101482728,-1.0148272799881397e-06,-2.031295885274176e-06,13.748291265575965,13.74828923428008,False
1149.1000000000504,30.000001010675167,30.000001010675167,-1.0106751666683067e-06,-2.0230241020158246e-06,13.748291225049048,13.748289202024946,False
1149.60000000005,30.00000100644296,30.00000100644296,-1.0064429609712988e-06,-2.0145914589875247e-06,13.748291184689505,13.748289170098046,False
1150.1000000000495,30.000001002132308,30.000001002132308,-1.0021323078035493e-06,-2.0060012673184247e-06,13.74829114450051,13.748289138499242,False
1150.600000000049,30.00000099774486,30.00000099774486,-9.97744859176919e-07,-1.9972568239268185e-06,13.748291104485173,13.748289107228349,False
1151.1000000000486,30.00000099328225,30.00000099328225,-9.932822493396998e-07,-1.9883614115201453e-06,13.748291064646544,13.748289076285133,False
1151.600000000048,30.0000009887461,30.0000009887461,-9.887460983293295e-07,-1.9793182701732803e-06,13.748291024987598,13.748289045669328,False
1152.1000000000477,30.000000984138012,30.000000984138012,-9.841380119723908e-07,-1.970130611539389e-06,13.748290985511257,13.748289015380646,False
1152.6000000000472,30.000000979459593,30.000000979459593,-9.79459592542753e-07,-1.9608016543770646e-06,13.748290946220369,13.748288985418714,False
1153.1000000000467,30.000000974712417,30.000000974712417,-9.747124174452892e-07,-1.9513345534960536e-06,13.74829090711772,13.748288955783167,False
1153.6000000000463,30.00000096989807,30.00000096989807,-9.698980711903005e-07,-1.9417324779169576e-06,13.748290868206043,13.748288926473565,False
1154.1000000000458,30.000000965018103,30.000000965018103,-9.650181027609506e-07,-1.9319985398169592e-06,13.748290829487992,13.748288897489452,False
1154.6000000000454,30.00000096007406,30.00000096007406,-9.600740611404035e-07,-1.922135844267814e-06,13.748290790966172,13.748288868830327,False
1155.100000000045,30.000000955067488,30.000000955067488,-9.550674882063959e-07,-1.912147467919567e-06,13.748290752643118,13.74828884049565,False
1155.6000000000445,30.000000949999905,30.000000949999905,-9.499999045203822e-07,-1.9020364590005556e-06,13.748290714521309,13.74828881248485,False
1156.100000000044,30.00000094487282,30.00000094487282,-9.44872819985676e-07,-1.891805851528261e-06,13.748290676603158,13.748288784797307,False
1156.6000000000436,30.000000939687734,30.000000939687734,-9.396877338474496e-07,-1.8814586368876007e-06,13.74829063889102,13.748288757432384,False
1157.100000000043,30.000000934446135,30.000000934446135,-9.344461346927346e-07,-1.8709978064634925e-06,13.7482906013872,13.748288730389394,False
1157.6000000000427,30.000000929149493,30.000000929149493,-9.29149493344994e-07,-1.8604263090082895e-06,13.748290564093928,13.748288703667619,False
1158.1000000000422,30.000000923799274,30.000000923799274,-9.237992735222633e-07,-1.8497470719580633e-06,13.748290527013383,13.748288677266311,False
1158.6000000000417,30.000000918396918,30.000000918396918,-9.183969176262963e-07,-1.838962980116321e-06,13.748290490147683,13.748288651184703,False
1159.1000000000413,30.000000912943865,30.000000912943865,-9.129438645061327e-07,-1.828076925391997e-06,13.748290453498894,13.748288625421969,False
1159.6000000000408,30.00000090744154,30.00000090744154,-9.074415387999579e-07,-1.817091757061462e-06,13.748290417069022,13.748288599977265,False
1160.1000000000404,30.00000090189135,30.00000090189135,-9.018913509351023e-07,-1.806010303084804e-06,13.748290380860013,13.74828857484971,False
1160.60000000004,30.000000896294697,30.000000896294697,-8.962946971280417e-07,-1.7948353558949748e-06,13.748290344873759,13.748288550038403,False
1161.1000000000395,30.000000890652963,30.000000890652963,-8.906529629371107e-07,-1.7835697008194984e-06,13.748290309112097,13.748288525542396,False
1161.600000000039,30.00000088496752,30.00000088496752,-8.849675197097895e-07,-1.772216080553335e-06,13.748290273576808,13.748288501360728,False
1162.1000000000386,30.000000879239735,30.000000879239735,-8.792397352408443e-07,-1.760777230686017e-06,13.748290238269618,13.748288477492387,False
1162.600000000038,30.00000087347095,30.00000087347095,-8.734709489033321e-07,-1.7492558441745132e-06,13.748290203192198,13.748288453936354,False
1163.1000000000377,30.000000867662497,30.000000867662497,-8.676624965175961e-07,-1.73765459265951e-06,13.748290168346173,13.74828843069158,False
1163.6000000000372,30.0000008618157,30.0000008618157,-8.618156996931248e-07,-1.7259761264654117e-06,13.748290133733104,13.748288407756977,False
1164.1000000000367,30.00000085593187,30.00000085593187,-8.559318693812656e-07,-1.7142230746003406e-06,13.748290099354502,13.748288385131428,False
1164.6000000000363,30.000000850012295,30.000000850012295,-8.500122952170841e-07,-1.7023980163344277e-06,13.748290065211828,13.748288362813812,False
1165.1000000000358,30.000000844058263,30.000000844058263,-8.440582632829319e-07,-1.6905035309378036e-06,13.74829003130649,13.74828834080296,False
1165.6000000000354,30.000000838071053,30.000000838071053,-8.380710525557333e-07,-1.6785421763643171e-06,13.74828999763985,13.748288319097673,False
1166.100000000035,30.000000832051914,30.000000832051914,-8.320519135907034e-07,-1.6665164750406802e-06,13.748289964213214,13.748288297696739,False
1166.6000000000345,30.000000826002086,30.000000826002086,-8.26002086284916e-07,-1.654428892550186e-06,13.748289931027838,13.748288276598945,False
1167.100000000034,30.000000819922814,30.000000819922814,-8.199228140881587e-07,-1.6422819300032643e-06,13.748289898084929,13.748288255802999,False
1167.6000000000336,30.000000813815312,30.000000813815312,-8.138153120285097e-07,-1.6300780245614988e-06,13.748289865385647,13.748288235307623,False
1168.100000000033,30.00000080768078,30.00000080768078,-8.076807809231923e-07,-1.6178195849647636e-06,13.748289832931103,13.748288215111518,False
1168.6000000000327,30.00000080152042,30.00000080152042,-8.0152042158943e-07,-1.6055090057420784e-06,13.748289800722358,13.748288195213352,False
1169.1000000000322,30.00000079533542,30.00000079533542,-7.953354206335916e-07,-1.5931486743170353e-06,13.748289768760422,13.748288175611748,False
1169.6000000000317,30.000000789126936,30.000000789126936,-7.891269362403364e-07,-1.5807409141643802e-06,13.748289737046266,13.748288156305351,False
1170.1000000000313,30.00000078289613,30.00000078289613,-7.828961301470372e-07,-1.5682880416534317e-06,13.74828970558081,13.748288137292768,False
1170.6000000000308,30.000000776644143,30.000000776644143,-7.76644142774785e-07,-1.5557923589426537e-06,13.74828967436493,13.748288118572571,False
1171.1000000000304,30.000000770372104,30.000000770372104,-7.703721038865297e-07,-1.5432561255579458e-06,13.748289643399453,13.748288100143327,False
1171.60000000003,30.00000076408114,30.00000076408114,-7.640811396925073e-07,-1.530681586814353e-06,13.748289612685165,13.748288082003578,False
1172.1000000000295,30.000000757772348,30.000000757772348,-7.577723479812448e-07,-1.518070959605211e-06,13.748289582222801,13.748288064151842,False
1172.600000000029,30.000000751446827,30.000000751446827,-7.514468265412688e-07,-1.505426432402146e-06,13.748289552013064,13.748288046586632,False
1173.1000000000286,30.000000745105652,30.000000745105652,-7.45105651844824e-07,-1.4927501723605019e-06,13.748289522056602,13.74828802930643,False
1173.600000000028,30.000000738749893,30.000000738749893,-7.387498932587278e-07,-1.4800443182139134e-06,13.748289492354024,13.748288012309706,False
1174.1000000000276,30.000000732380606,30.000000732380606,-7.323806059389426e-07,-1.467310987379733e-06,13.748289462905893,13.748287995594906,False
1174.6000000000272,30.000000725998834,30.000000725998834,-7.259988343832902e-07,-1.4545522759590312e-06,13.74828943371274,13.748287979160464,False
1175.1000000000267,30.000000719605605,30.000000719605605,-7.196056053260236e-07,-1.4417702374203145e-06,13.748289404775043,13.748287963004806,False
1175.6000000000263,30.000000713201946,30.000000713201946,-7.13201945501396e-07,-1.4289669323375165e-06,13.748289376093247,13.748287947126315,False
1176.1000000000258,30.00000070678885,30.00000070678885,-7.067888496692376e-07,-1.4161443502302973e-06,13.74828934766775,13.7482879315234,False
1176.6000000000254,30.000000700367316,30.000000700367316,-7.00367316142092e-07,-1.403304501934599e-06,13.748289319498918,13.748287916194416,False
1177.100000000025,30.00000069393833,30.00000069393833,-6.939383290216483e-07,-1.3904493556538e-06,13.74828929158707,13.748287901137715,False
1177.6000000000245,30.00000068750285,30.00000068750285,-6.875028510933134e-07,-1.377580836958714e-06,13.748289263932486,13.74828788635165,False
1178.100000000024,30.000000681061845,30.000000681061845,-6.810618451424943e-07,-1.3647008856310094e-06,13.748289236535411,13.748287871834526,False
1178.6000000000236,30.000000674616253,30.000000674616253,-6.746162526383159e-07,-1.3518113846089364e-06,13.748289209396052,13.748287857584668,False
1179.100000000023,30.000000668166997,30.000000668166997,-6.681669972863347e-07,-1.338914188409035e-06,13.74828918251458,13.74828784360039,False
1179.6000000000226,30.00000066171501,30.00000066171501,-6.617150098975344e-07,-1.3260111657587004e-06,13.748289155891124,13.748287829879958,False
1180.1000000000222,30.0000006552612,30.0000006552612,-6.552611999666169e-07,-1.3131041285419087e-06,13.748289129525778,13.74828781642165,False
1180.6000000000217,30.000000648806456,30.000000648806456,-6.488064556720019e-07,-1.3001948744317815e-06,13.748289103418609,13.748287803223734,False
1181.1000000000213,30.00000064235166,30.00000064235166,-6.423516616393954e-07,-1.2872851655743034e-06,13.748289077569627,13.748287790284461,False
1181.6000000000208,30.000000635897692,30.000000635897692,-6.358976918363624e-07,-1.2743767570100317e-06,13.74828905197883,13.748287777602073,False
1182.1000000000204,30.000000629445406,30.000000629445406,-6.294454060196131e-07,-1.2614713753578144e-06,13.748289026646166,13.74828776517479,False
1182.60000000002,30.000000622995646,30.000000622995646,-6.229956461822894e-07,-1.2485707117093625e-06,13.748289001571555,13.748287753000843,False
1183.1000000000195,30.000000616549258,30.000000616549258,-6.16549257870247e-07,-1.2356764500509598e-06,13.748288976754882,13.748287741078432,False
1183.600000000019,30.00000061010706,30.00000061010706,-6.101070617603455e-07,-1.222790253052608e-06,13.748288952196004,13.748287729405751,False
1184.1000000000186,30.000000603669864,30.000000603669864,-6.0366986431859e-07,-1.20991372654089e-06,13.748288927894732,13.748287717981006,False
1184.600000000018,30.000000597238472,30.000000597238472,-5.972384720109858e-07,-1.1970484976586704e-06,13.748288903850858,13.74828770680236,False
1185.1000000000176,30.000000590813677,30.000000590813677,-5.908136770926831e-07,-1.1841961438108228e-06,13.748288880064138,13.748287695867994,False
1185.6000000000172,30.000000584396254,30.000000584396254,-5.843962540552639e-07,-1.1713582210859386e-06,13.748288856534293,13.748287685176072,False
1186.1000000000167,30.00000057798697,30.00000057798697,-5.779869702848828e-07,-1.1585362784671815e-06,13.748288833261014,13.748287674724736,False
1186.6000000000163,30.000000571586575,30.000000571586575,-5.71586575404126e-07,-1.1457318151997242e-06,13.748288810243974,13.748287664512159,False
1187.1000000000158,30.00000056519582,30.00000056519582,-5.651958190355799e-07,-1.132946330528739e-06,13.748288787482796,13.748287654536465,False
1187.6000000000154,30.000000558815426,30.000000558815426,-5.588154259328348e-07,-1.1201812810668343e-06,13.748288764977083,13.748287644795802,False
1188.100000000015,30.000000552446117,30.000000552446117,-5.524461172967676e-07,-1.107438116321191e-06,13.74828874272641,13.748287635288294,False
1188.6000000000145,30.00000054608861,30.00000054608861,-5.460886107755414e-07,-1.0947182715881354e-06,13.748288720730326,13.748287626012054,False
1189.100000000014,30.000000539743596,30.000000539743596,-5.397435955956098e-07,-1.0820231324260021e-06,13.748288698988345,13.748287616965213,False
1189.6000000000136,30.000000533411768,30.000000533411768,-5.334117680888539e-07,-1.0693540914985533e-06,13.748288677499952,13.74828760814586,False
1190.100000000013,30.000000527093796,30.000000527093796,-5.270937961654454e-07,-1.056712498836987e-06,13.748288656264615,13.748287599552116,False
1190.6000000000126,30.000000520790344,30.000000520790344,-5.207903441828421e-07,-1.0440996831562188e-06,13.748288635281765,13.748287591182082,False
1191.1000000000122,30.000000514502066,30.000000514502066,-5.14502065840361e-07,-1.0315169518548828e-06,13.74828861455081,13.748287583033859,False
1191.6000000000117,30.00000050822961,30.00000050822961,-5.082296112846052e-07,-1.0189656123316126e-06,13.74828859407114,13.748287575105527,False
1192.1000000000113,30.000000501973606,30.000000501973606,-5.019736057931823e-07,-1.0064469222470507e-06,13.748288573842105,13.748287567395183,False
1192.6000000000108,30.00000049573467,30.00000049573467,-4.95734671090986e-07,-9.939621250509845e-07,13.74828855386304,13.748287559900914,False
1193.1000000000104,30.000000489513422,30.000000489513422,-4.895134217974828e-07,-9.815124570877742e-07,13.748288534133254,13.748287552620797,False
1193.60000000001,30.00000048331046,30.00000048331046,-4.833104583212844e-07,-9.690991191746434e-07,13.748288514652025,13.748287545552905,False
1194.1000000000095,30.000000477126363,30.000000477126363,-4.771263633074341e-07,-9.567232908125334e-07,13.748288495418617,13.748287538695326,False
1194.600000000009,30.00000047096172,30.00000047096172,-4.709617194009752e-07,-9.443861301861034e-07,13.748288476432258,13.748287532046128,False
1195.1000000000085,30.00000046481709,30.00000046481709,-4.648170914833827e-07,-9.320887741637307e-07,13.748288457692167,13.748287525603393,False
1195.600000000008,30.000000458693037,30.000000458693037,-4.586930373307041e-07,-9.198323525083651e-07,13.748288439197536,13.748287519365183,False
1196.1000000000076,30.00000045259011,30.00000045259011,-4.5259011116627335e-07,-9.076179594558198e-07,13.74828842094753,13.74828751332957,False
1196.6000000000072,30.00000044650885,30.00000044650885,-4.465088494498559e-07,-8.954466892419077e-07,13.748288402941297,13.748287507494608,False
1197.1000000000067,30.00000044044977,30.00000044044977,-4.404497708776489e-07,-8.833195721535958e-07,13.748288385177961,13.748287501858389,False
1197.6000000000063,30.000000434413398,30.000000434413398,-4.3441339769856313e-07,-8.712376597941329e-07,13.748288367656624,13.748287496418964,False
1198.1000000000058,30.000000428400238,30.000000428400238,-4.2840023795065463e-07,-8.592019753450586e-07,13.748288350376374,13.748287491174398,False
1198.6000000000054,30.00000042241079,30.00000042241079,-4.2241078901383844e-07,-8.472135206716302e-07,13.748288333336273,13.748287486122752,False
1199.100000000005,30.000000416445534,30.000000416445534,-4.164455340571749e-07,-8.352732550065411e-07,13.748288316535366,13.74828748126211,False
1199.6000000000045,30.000000410504953,30.000000410504953,-4.105049526970106e-07,-8.233821446879119e-07,13.748288299972677,13.748287476590532,False
1200.100000000004,30.000000404589507,30.000000404589507,-4.045895067861238e-07,-8.115411276321538e-07,13.748288283647208,13.74828747210608,False
1200.6000000000035,30.00000039869966,30.00000039869966,-3.986996617300065e-07,-7.997511204393959e-07,13.748288267557946,13.748287467806826,False
1201.100000000003,30.00000039283586,30.00000039283586,-3.9283586161786843e-07,-7.8801303260434e-07,13.748288251703864,13.748287463690831,False
1201.6000000000026,30.00000038699854,30.00000038699854,-3.869985398807785e-07,-7.763277309891237e-07,13.748288236083914,13.748287459756183,False
1202.1000000000022,30.00000038118813,30.00000038118813,-3.8118812994980544e-07,-7.646960753504572e-07,13.748288220697026,13.74828745600095,False
1202.6000000000017,30.000000375405055,30.000000375405055,-3.754050545978771e-07,-7.53118925445051e-07,13.748288205542117,13.748287452423192,False
1203.1000000000013,30.000000369649722,30.000000369649722,-3.696497223870665e-07,-7.41597098397051e-07,13.748288190618094,13.748287449020996,False
1203.6000000000008,30.000000363922528,30.000000363922528,-3.63922527668592e-07,-7.301313900143214e-07,13.74828817592383,13.74828744579244,False
1204.1000000000004,30.00000035822387,30.00000035822387,-3.5822386834638564e-07,-7.187225961047261e-07,13.748288161458202,13.748287442735606,False
1204.6,30.000000352554125,30.000000352554125,-3.5255412456081103e-07,-7.073714840544199e-07,13.748288147220057,13.748287439848573,False
1205.0999999999995,30.00000034691367,30.00000034691367,-3.4691366934680445e-07,-6.960787999332751e-07,13.748288133208233,13.748287437129433,False
1205.599999999999,30.00000034130286,30.00000034130286,-3.4130286152844747e-07,-6.848452684948825e-07,13.748288119421552,13.748287434576284,False
1206.0999999999985,30.00000033572206,30.00000033572206,-3.357220599298216e-07,-6.73671607387405e-07,13.748288105858824,13.748287432187217,False
1206.599999999998,30.000000330171616,30.000000330171616,-3.3017161626958114e-07,-6.62558520048151e-07,13.748288092518845,13.748287429960325,False
1207.0999999999976,30.000000324651865,30.000000324651865,-3.246518645028118e-07,-6.515066885981469e-07,13.748288079400393,13.748287427893704,False
1207.5999999999972,30.00000031916313,30.00000031916313,-3.191631314791721e-07,-6.405167596312822e-07,13.748288066502239,13.74828742598548,False
1208.0999999999967,30.000000313705737,30.000000313705737,-3.1370573694289305e-07,-6.295893868468738e-07,13.748288053823135,13.748287424233748,False
1208.5999999999963,30.000000308279994,30.000000308279994,-3.0827999353277846e-07,-6.187251884171019e-07,13.748288041361821,13.748287422636633,False
1209.0999999999958,30.000000302886207,30.000000302886207,-3.028862067822047e-07,-6.079247896195739e-07,13.748288029117022,13.748287421192233,False
1209.5999999999954,30.00000029752467,30.00000029752467,-2.9752467156640705e-07,-5.97188773099333e-07,13.74828801708746,13.748287419898688,False
1210.099999999995,30.000000292195672,30.000000292195672,-2.921956721024799e-07,-5.865177143959954e-07,13.748288005271844,13.74828741875413,False
1210.5999999999945,30.00000028689949,30.00000028689949,-2.868994890548038e-07,-5.759121748383222e-07,13.748287993668862,13.748287417756687,False
1211.099999999994,30.00000028163638,30.00000028163638,-2.816363817714773e-07,-5.653726873333653e-07,13.748287982277198,13.74828741690451,False
1211.5999999999935,30.000000276406624,30.000000276406624,-2.7640662381145376e-07,-5.548997918936038e-07,13.748287971095527,13.748287416195735,False
1212.099999999993,30.000000271210464,30.000000271210464,-2.712104638646906e-07,-5.444939930043802e-07,13.748287960122509,13.748287415628516,False
1212.5999999999926,30.00000026604815,30.00000026604815,-2.660481506211454e-07,-5.341557880456094e-07,13.748287949356795,13.748287415201007,False
1213.0999999999922,30.000000260919922,30.000000260919922,-2.609199221126346e-07,-5.238856601863517e-07,13.748287938797032,13.748287414911372,False
1213.5999999999917,30.000000255826002,30.000000255826002,-2.5582600216011997e-07,-5.136840570685308e-07,13.748287928441849,13.748287414757792,False
1214.0999999999913,30.00000025076662,30.00000025076662,-2.5076662168999064e-07,-5.035514476503522e-07,13.748287918289869,13.74828741473842,False
1214.5999999999908,30.00000024574199,30.00000024574199,-2.4574199031235366e-07,-4.9348825115203e-07,13.748287908339707,13.748287414851456,False
1215.0999999999904,30.000000240752314,30.000000240752314,-2.407523140846024e-07,-4.834948867937783e-07,13.748287898589975,13.748287415095088,False
1215.59999999999,30.000000235797796,30.000000235797796,-2.3579779551141655e-07,-4.735717524795291e-07,13.748287889039267,13.748287415467514,False
1216.0999999999894,30.000000230878626,30.000000230878626,-2.3087862643933477e-07,-4.6371924611321447e-07,13.748287879686172,13.748287415966926,False
1216.599999999989,30.000000225994985,30.000000225994985,-2.2599498450404099e-07,-4.5393772296620227e-07,13.74828787052928,13.748287416591557,False
1217.0999999999885,30.000000221147054,30.000000221147054,-2.211470544466465e-07,-4.442275525207151e-07,13.748287861567162,13.74828741733961,False
1217.599999999988,30.000000216335003,30.000000216335003,-2.1633500324469424e-07,-4.345890687318388e-07,13.74828785279839,13.74828741820932,False
1218.0999999999876,30.000000211558994,30.000000211558994,-2.115589943230134e-07,-4.2502261266008645e-07,13.748287844221522,13.74828741919891,False
1218.5999999999872,30.000000206819188,30.000000206819188,-2.0681918755371953e-07,-4.155284898388345e-07,13.748287835835118,13.748287420306628,False
1219.0999999999867,30.000000202115725,30.000000202115725,-2.021157250453598e-07,-4.061070058014593e-07,13.748287827637723,13.748287421530717,False
1219.5999999999863,30.000000197448752,30.000000197448752,-1.9744875245919502e-07,-3.967584447650552e-07,13.748287819627883,13.748287422869439,False
1220.0999999999858,30.000000192818405,30.000000192818405,-1.92818404798345e-07,-3.874830767358617e-07,13.748287811804136,13.74828742432106,False
1220.5999999999854,30.00000018822481,30.00000018822481,-1.8822480996050217e-07,-3.782811646146911e-07,13.748287804165017,13.748287425883852,False
1221.099999999985,30.00000018366809,30.00000018366809,-1.836680887379316e-07,-3.6915295709150087e-07,13.748287796709048,13.748287427556091,False
1221.5999999999844,30.000000179148362,30.000000179148362,-1.791483619228984e-07,-3.6009868864539385e-07,13.748287789434757,13.748287429336068,False
1222.099999999984,30.00000017466573,30.00000017466573,-1.7466572899138555e-07,-3.511185653337634e-07,13.748287782340668,13.748287431222103,False
1222.5999999999835,30.000000170220297,30.000000170220297,-1.7022029652480342e-07,-3.422128074248576e-07,13.748287775425286,13.748287433212479,False
1223.099999999983,30.00000016581216,30.00000016581216,-1.6581216044642133e-07,-3.3338159965978775e-07,13.748287768687124,13.748287435305524,False
1223.5999999999826,30.00000016144141,30.00000016144141,-1.6144140957408126e-07,-3.2462512677966515e-07,13.748287762124685,13.748287437499558,False
1224.0999999999822,30.000000157108133,30.000000157108133,-1.5710813272562518e-07,-3.159435735256011e-07,13.74828775573648,13.748287439792907,False
1224.5999999999817,30.000000152812394,30.000000152812394,-1.528123938498993e-07,-3.07337067795288e-07,13.748287749521005,13.748287442183937,False
1225.0999999999813,30.00000014855427,30.00000014855427,-1.4855427110660457e-07,-2.988057659081278e-07,13.748287743476759,13.748287444670993,False
1225.5999999999808,30.000000144333832,30.000000144333832,-1.4433383199730088e-07,-2.903498028672402e-07,13.748287737602237,13.748287447252434,False
1226.0999999999804,30.00000014015113,30.00000014015113,-1.401511298126934e-07,-2.8196929946489036e-07,13.748287731895923,13.748287449926623,False
1226.59999999998,30.000000136006218,30.000000136006218,-1.3600621784348732e-07,-2.7366434807163387e-07,13.748287726356317,13.748287452691969,False
1227.0999999999794,30.000000131899146,30.000000131899146,-1.3189914582767415e-07,-2.6543506237430847e-07,13.748287720981903,13.74828745554684,False
1227.599999999979,30.000000127829956,30.000000127829956,-1.2782995639781802e-07,-2.5728152763804246e-07,13.748287715771164,13.748287458489637,False
1228.0999999999785,30.000000123798678,30.000000123798678,-1.2379867797562838e-07,-2.4920379360082734e-07,13.74828771072259,13.748287461518796,False
1228.599999999978,30.000000119805346,30.000000119805346,-1.19805346088242e-07,-2.4120195263321875e-07,13.748287705834656,13.748287464632703,False
1229.0999999999776,30.000000115849986,30.000000115849986,-1.1584998560465465e-07,-2.332760402623535e-07,13.748287701105845,13.748287467829805,False
1229.5999999999772,30.000000111932614,30.000000111932614,-1.119326142884347e-07,-2.254260991207957e-07,13.748287696534643,13.748287471108544,False
1230.0999999999767,30.000000108053246,30.000000108053246,-1.080532463504369e-07,-2.176521576302548e-07,13.74828769211953,13.748287474467372,False
1230.5999999999763,30.000000104211892,30.000000104211892,-1.0421189244880225e-07,-2.0995424421244024e-07,13.748287687858983,13.74828747790474,False
1231.0999999999758,30.000000100408553,30.000000100408553,-1.0040855258353076e-07,-2.0233235886735201e-07,13.748287683751483,13.748287481419124,False
1231.5999999999754,30.000000096643227,30.000000096643227,-9.664322675462245e-08,-1.9478650159499011e-07,13.748287679795508,13.748287485009007,False
1232.099999999975,30.000000092915897,30.000000092915897,-9.29158971985089e-08,-1.8731664397364511e-07,13.74828767598954,13.748287488672895,False
1232.5999999999744,30.000000089226564,30.000000089226564,-8.922656391519013e-08,-1.7992278600331701e-07,13.748287672332054,13.748287492409268,False
1233.099999999974,30.000000085575206,30.000000085575206,-8.557520558838405e-08,-1.726048779460143e-07,13.748287668821533,13.748287496216655,False
1233.5999999999735,30.0000000819618,30.0000000819618,-8.19618009018086e-08,-1.6536289138002758e-07,13.74828766545646,13.748287500093568,False
1234.099999999973,30.00000007838632,30.00000007838632,-7.838632143375435e-08,-1.5819676946193795e-07,13.748287662235319,13.748287504038549,False
1234.5999999999726,30.00000007484874,30.00000007484874,-7.484873876251186e-08,-1.511064482428992e-07,13.74828765915659,13.748287508050142,False
1235.0999999999722,30.000000071349014,30.000000071349014,-7.134901380823067e-08,-1.4409186377406513e-07,13.748287656218759,13.748287512126895,False
1235.5999999999717,30.000000067887104,30.000000067887104,-6.788710393834663e-08,-1.3715292368488008e-07,13.74828765342031,13.748287516267386,False
1236.0999999999713,30.000000064462963,30.000000064462963,-6.446296296758192e-08,-1.3028954271021576e-07,13.74828765075973,13.748287520470187,False
1236.5999999999708,30.000000061076545,30.000000061076545,-6.107654471065871e-08,-1.235016284795165e-07,13.748287648235516,13.748287524733888,False
1237.0999999999704,30.0000000577278,30.0000000577278,-5.77277994295855e-08,-1.1678907441137198e-07,13.748287645846153,13.748287529057079,False
1237.59999999997,30.00000005441666,30.00000005441666,-5.44166596228024e-08,-1.1015176681894445e-07,13.748287643590139,13.748287533438372,False
1238.0999999999694,30.00000005114307,30.00000005114307,-5.114306844689054e-08,-1.0358957069911412e-07,13.748287641465968,13.748287537876397,False
1238.599999999969,30.000000047906955,30.000000047906955,-4.7906954847576344e-08,-9.710236525961591e-08,13.748287639472144,13.748287542369779,False
1239.0999999999685,30.000000044708248,30.000000044708248,-4.470824777058624e-08,-9.069000128647531e-08,13.748287637607163,13.748287546917162,False
1239.599999999968,30.000000041546873,30.000000041546873,-4.154687260893297e-08,-8.435232956571781e-08,13.748287635869536,13.748287551517206,False
1240.0999999999676,30.000000038422748,30.000000038422748,-3.842274765020193e-08,-7.808919377794155e-08,13.748287634257766,13.748287556168572,False
1240.5999999999672,30.000000035335795,30.000000035335795,-3.533579473469217e-08,-7.190043049831729e-08,13.748287632770364,13.748287560869933,False
1241.0999999999667,30.000000032285918,30.000000032285918,-3.228591793913438e-08,-6.578586209116111e-08,13.748287631405846,13.748287565619984,False
1241.5999999999663,30.000000029273036,30.000000029273036,-2.9273035551113935e-08,-5.974531802621641e-08,13.748287630162736,13.748287570417418,False
1242.0999999999658,30.000000026297048,30.000000026297048,-2.6297048094647835e-08,-5.377859935151719e-08,13.74828762903955,13.748287575260951,False
1242.5999999999653,30.000000023357856,30.000000023357856,-2.335785609375307e-08,-4.788551422052478e-08,13.748287628034815,13.7482875801493,False
1243.099999999965,30.00000002045536,30.00000002045536,-2.0455360072446638e-08,-4.206585657584583e-08,13.748287627147059,13.748287585081203,False
1243.5999999999644,30.00000001758945,30.00000001758945,-1.7589449896604492e-08,-3.631942036008695e-08,13.748287626374816,13.748287590055396,False
1244.099999999964,30.000000014760023,30.000000014760023,-1.4760022537529949e-08,-3.0645992410427425e-08,13.748287625716626,13.748287595070634,False
1244.5999999999635,30.000000011966964,30.000000011966964,-1.1966964308385286e-08,-2.5045345353191806e-08,13.748287625171029,13.748287600125684,False
1245.099999999963,30.000000009210154,30.000000009210154,-9.210154416905425e-09,-1.9517244709277293e-08,13.748287624736575,13.74828760521933,False
1245.5999999999626,30.000000006489476,30.000000006489476,-6.489475623538965e-09,-1.4061455999581085e-08,13.748287624411814,13.748287610350358,False
1246.0999999999622,30.000000003804807,30.000000003804807,-3.804807136020827e-09,-8.677730534145667e-09,13.748287624195305,13.748287615517574,False
1246.5999999999617,30.00000000115602,30.00000000115602,-1.1560210566585738e-09,-3.3658267284408794e-09,13.748287624085608,13.74828762071978,False
1247.0999999999613,29.999999998542982,29.999999998542982,1.4570176176675886e-09,1.874525423772866e-09,13.748287624081291,13.748287625955816,False
1247.5999999999608,29.99999999596557,29.99999999596557,4.03442967922274e-09,7.043581717880443e-09,13.748287624180923,13.748287631224505,False
1248.0999999999603,29.999999993423643,29.999999993423643,6.576357236554031e-09,1.2141605054694082e-08,13.748287624383085,13.74828763652469,False
1248.59999999996,29.999999990917058,29.999999990917058,9.082942398208615e-09,1.7168893862162804e-08,13.748287624686359,13.748287641855253,False
1249.0999999999594,29.999999988445687,29.999999988445687,1.1554313061878929e-08,2.2125696830244124e-08,13.748287625089333,13.74828764721503,False
1249.599999999959,29.999999986009378,29.999999986009378,1.399062199425316e-08,2.7012319492314418e-08,13.7482876255906,13.748287652602919,False
1250.0999999999585,29.99999998360799,29.99999998360799,1.6392011303878462e-08,3.1829038960040634e-08,13.748287626188755,13.748287658017794,False
1250.599999999958,29.999999981241366,29.999999981241366,1.8758633757443022e-08,3.6576167872226506e-08,13.748287626882412,13.74828766345858,False
1251.0999999999576,29.99999997890936,29.99999997890936,2.109063856892135e-08,4.1253997551393695e-08,13.748287627670182,13.74828766892418,False
1251.5999999999572,29.999999976611818,29.999999976611818,2.3388182057715312e-08,4.5862847741773294e-08,13.74828762855068,13.748287674413527,False
1252.0999999999567,29.999999974348576,29.999999974348576,2.5651424095940456e-08,5.040302397674168e-08,13.74828762952253,13.748287679925554,False
1252.5999999999563,29.999999972119483,29.999999972119483,2.788051745028497e-08,5.487484600052994e-08,13.74828763058436,13.748287685459205,False
1253.0999999999558,29.999999969924364,29.999999969924364,3.0075636203719114e-08,5.927864776822389e-08,13.748287631734811,13.74828769101346,False
1253.5999999999553,29.999999967763067,29.999999967763067,3.223693312293108e-08,6.361474191862726e-08,13.748287632972524,13.748287696587266,False
1254.099999999955,29.99999996563542,29.99999996563542,3.436457873817744e-08,6.788346951225321e-08,13.748287634296151,13.74828770217962,False
1254.5999999999544,29.999999963541256,29.999999963541256,3.645874357971479e-08,7.208516450418756e-08,13.74828763570435,13.748287707789515,False
1255.099999999954,29.999999961480402,29.999999961480402,3.851959817779971e-08,7.622016795494346e-08,13.748287637195778,13.748287713415946,False
1255.5999999999535,29.999999959452687,29.999999959452687,4.054731306268877e-08,8.028882803046145e-08,13.748287638769114,13.748287719057942,False
1256.099999999953,29.999999957457934,29.999999957457934,4.2542065870065926e-08,8.429148579125467e-08,13.748287640423026,13.748287724714512,False
1256.5999999999526,29.999999955495962,29.999999955495962,4.450403778832879e-08,8.82285178249731e-08,13.748287642156203,13.748287730384721,False
1257.0999999999522,29.999999953566597,29.999999953566597,4.643340290044762e-08,9.210025808670252e-08,13.748287643967338,13.748287736067596,False
1257.5999999999517,29.999999951669654,29.999999951669654,4.8330345947533715e-08,9.590708316409291e-08,13.748287645855129,13.748287741762212,False
1258.0999999999513,29.999999949804952,29.999999949804952,5.01950481179847e-08,9.964935543393949e-08,13.748287647818279,13.748287747467634,False
1258.5999999999508,29.9999999479723,29.9999999479723,5.202770125833922e-08,1.0332745148389222e-07,13.748287649855506,13.748287753182957,False
1259.0999999999503,29.999999946171513,29.999999946171513,5.3828486556994903e-08,1.0694174079617369e-07,13.748287651965526,13.748287758907267,False
1259.59999999995,29.999999944402404,29.999999944402404,5.55975958604904e-08,1.1049259995843386e-07,13.748287654147074,13.748287764639674,False
1260.0999999999494,29.99999994266478,29.99999994266478,5.733522101536437e-08,1.1398041266375003e-07,13.748287656398878,13.74828777037929,False
1260.599999999949,29.99999994095845,29.99999994095845,5.904155031544178e-08,1.1740555549977216e-07,13.748287658719688,13.748287776125244,False
1261.0999999999485,29.999999939283224,29.999999939283224,6.07167756072613e-08,1.2076841926500492e-07,13.748287661108254,13.748287781876673,False
1261.599999999948,29.9999999376389,29.9999999376389,6.23610993955026e-08,1.2406939475795298e-07,13.748287663563332,13.748287787632727,False
1262.0999999999476,29.999999936025283,29.999999936025283,6.397471707941804e-08,1.2730887988254835e-07,13.74828766608369,13.74828779339257,False
1262.5999999999472,29.99999993444218,29.99999993444218,6.555782050554626e-08,1.3048725833186836e-07,13.748287668668109,13.748287799155367,False
1263.0999999999467,29.999999932889384,29.999999932889384,6.711061573128063e-08,1.3360494222069974e-07,13.748287671315362,13.748287804920304,False
1263.5999999999462,29.999999931366695,29.999999931366695,6.863330526130085e-08,1.3666232945297452e-07,13.748287674024244,13.748287810686573,False
1264.0999999999458,29.99999992987391,29.99999992987391,7.01260916002866e-08,1.3965983214347943e-07,13.748287676793554,13.748287816453386,False
1264.5999999999453,29.999999928410826,29.999999928410826,7.15891737002039e-08,1.4259784819614651e-07,13.748287679622102,13.74828782221995,False
1265.0999999999449,29.999999926977242,29.999999926977242,7.302275761844612e-08,1.4547678262033514e-07,13.7482876825087,13.748287827985482,False
1265.5999999999444,29.999999925572947,29.999999925572947,7.442705296512031e-08,1.4829705463625942e-07,13.748287685452171,13.748287833749226,False
1266.099999999944,29.99999992419773,29.99999992419773,7.580226935033352e-08,1.5105908346413344e-07,13.74828768845135,13.748287839510434,False
1266.5999999999435,29.999999922851387,29.999999922851387,7.714861283147911e-08,1.537632883241713e-07,13.748287691505075,13.748287845268363,False
1267.099999999943,29.99999992153371,29.99999992153371,7.846628946595047e-08,1.564100742257324e-07,13.748287694612195,13.748287851022269,False
1267.5999999999426,29.99999992024448,29.99999992024448,7.975551952199567e-08,1.5899988170531287e-07,13.748287697771566,13.748287856771448,False
1268.0999999999422,29.999999918983494,29.999999918983494,8.10165055042944e-08,1.6153311577227214e-07,13.748287700982052,13.748287862515168,False
1268.5999999999417,29.999999917750536,29.999999917750536,8.224946412838108e-08,1.64010209857679e-07,13.74828770424253,13.74828786825274,False
1269.0999999999412,29.999999916545395,29.999999916545395,8.345460500436275e-08,1.6643158318174756e-07,13.74828770755188,13.748287873983463,False
1269.5999999999408,29.999999915367855,29.999999915367855,8.463214484777382e-08,1.6879766917554662e-07,13.748287710908992,13.74828787970666,False
1270.0999999999403,29.999999914217696,29.999999914217696,8.578230392686237e-08,1.7110890837557235e-07,13.748287714312767,13.748287885421675,False
1270.5999999999399,29.999999913094708,29.999999913094708,8.690529185173546e-08,1.733657128966115e-07,13.748287717762114,13.748287891127827,False
1271.0999999999394,29.999999911998675,29.999999911998675,8.800132533792748e-08,1.7556853038058762e-07,13.748287721255949,13.748287896824479,False
1271.599999999939,29.999999910929375,29.999999910929375,8.907062465368654e-08,1.7771778715314213e-07,13.748287724793196,13.748287902510983,False
1272.0999999999385,29.99999990988659,29.99999990988659,9.01134100672607e-08,1.7981393085619857e-07,13.74828772837279,13.74828790818672,False
1272.599999999938,29.9999999088701,29.9999999088701,9.112989829418439e-08,1.818573878153984e-07,13.74828773199367,13.748287913851058,False
1273.0999999999376,29.999999907879694,29.999999907879694,9.2120306049992e-08,1.8384859856723779e-07,13.748287735654799,13.748287919503397,False
1273.5999999999372,29.999999906915143,29.999999906915143,9.30848571556453e-08,1.8578801075364026e-07,13.748287739355131,13.748287925143142,False
1274.0999999999367,29.99999990597623,29.99999990597623,9.402376832667869e-08,1.876760507002473e-07,13.748287743093627,13.748287930769678,False
1274.5999999999362,29.999999905062733,29.999999905062733,9.493726693676763e-08,1.895131802598371e-07,13.748287746869275,13.748287936382455,False
1275.0999999999358,29.999999904174437,29.999999904174437,9.582556259601915e-08,1.912998186526238e-07,13.748287750681062,13.74828794198088,False
1275.5999999999353,29.99999990331111,29.99999990331111,9.668888978353607e-08,1.9303642062595827e-07,13.748287754527976,13.748287947564396,False
1276.0999999999349,29.999999902472535,29.999999902472535,9.752746521485278e-08,1.947234409271914e-07,13.748287758409026,13.748287953132467,False
1276.5999999999344,29.999999901658494,29.999999901658494,9.83415056055037e-08,1.963612987765373e-07,13.748287762323226,13.748287958684525,False
1277.099999999934,29.999999900868755,29.999999900868755,9.913124543459162e-08,1.9795046313220155e-07,13.748287766269598,13.748287964220061,False
1277.5999999999335,29.999999900103102,29.999999900103102,9.989689786493727e-08,1.9949136742525297e-07,13.748287770247178,13.748287969738545,False
1278.099999999933,29.99999989936131,29.99999989936131,1.006386902702161e-07,2.009844592976151e-07,13.748287774255001,13.74828797523946,False
1278.5999999999326,29.999999898643157,29.999999898643157,1.0135684291867619e-07,2.0243018639121146e-07,13.748287778292115,13.748287980722301,False
1279.0999999999322,29.999999897948417,29.999999897948417,1.0205158318399299e-07,2.0382899634796559e-07,13.748287782357579,13.748287986186575,False
1279.5999999999317,29.99999989727687,29.99999989727687,1.0272313133441457e-07,2.0518132970437364e-07,13.748287786450462,13.748287991631791,False
1280.0999999999312,29.99999989662829,29.99999989662829,1.0337171119090272e-07,2.064876412077865e-07,13.748287790569838,13.74828799705748,False
1280.5999999999308,29.999999896002446,29.999999896002446,1.0399755367984653e-07,2.0774838560555509e-07,13.748287794714795,13.74828800246318,False
1281.0999999999303,29.999999895399128,29.999999895399128,1.0460087196406676e-07,2.0896399632874818e-07,13.748287798884421,13.748288007848418,False
1281.5999999999299,29.999999894818103,29.999999894818103,1.051818969699525e-07,2.1013492812471668e-07,13.748287803077826,13.748288013212754,False
1282.0999999999294,29.99999989425915,29.99999989425915,1.0574084896575187e-07,2.1126162863538411e-07,13.748287807294114,13.748288018555742,False
1282.599999999929,29.99999989372204,29.99999989372204,1.0627795887785396e-07,2.12344545502674e-07,13.748287811532414,13.74828802387696,False
1283.0999999999285,29.999999893206557,29.999999893206557,1.067934434217932e-07,2.1338413347393725e-07,13.748287815791848,13.748288029175981,False
1283.599999999928,29.99999989271247,29.99999989271247,1.0728752997124502e-07,2.1438082598024266e-07,13.74828782007156,13.748288034452386,False
1284.0999999999276,29.99999989223956,29.99999989223956,1.0776043879445751e-07,2.1533507776894112e-07,13.748287824370694,13.748288039705772,False
1284.5999999999271,29.999999891787606,29.999999891787606,1.0821239371239244e-07,2.1624733648195615e-07,13.748287828688406,13.748288044935743,False
1285.0999999999267,29.99999989135638,29.99999989135638,1.0864361854601157e-07,2.1711804265578394e-07,13.74828783302387,13.748288050141912,False
1285.5999999999262,29.999999890945663,29.999999890945663,1.0905433711627666e-07,2.17947643932348e-07,13.748287837376251,13.748288055323895,False
1286.0999999999258,29.99999989055523,29.99999989055523,1.094447696914358e-07,2.1873658795357187e-07,13.748287841744737,13.748288060481325,False
1286.5999999999253,29.999999890184863,29.999999890184863,1.0981513653973707e-07,2.1948531525595172e-07,13.74828784612852,13.748288065613835,False
1287.0999999999249,29.99999988983433,29.99999988983433,1.101656685875696e-07,2.2019428058683843e-07,13.748287850526797,13.748288070721078,False
1287.5999999999244,29.99999988950342,29.99999988950342,1.1049657899775411e-07,2.2086391027187346e-07,13.74828785493878,13.74828807580269,False
1288.099999999924,29.99999988919191,29.99999988919191,1.1080809159125238e-07,2.214946590584077e-07,13.74828785936369,13.74828808085835,False
1288.5999999999235,29.999999888899573,29.999999888899573,1.1110042663631248e-07,2.2208696748293733e-07,13.748287863800751,13.748288085887719,False
1289.099999999923,29.999999888626192,29.999999888626192,1.1137380795389618e-07,2.226412760819585e-07,13.748287868249207,13.748288090890483,False
1289.5999999999226,29.999999888371548,29.999999888371548,1.1162845225953788e-07,2.2315802539196739e-07,13.748287872708293,13.748288095866318,False
1290.0999999999221,29.99999988813542,29.99999988813542,1.1186457982148568e-07,2.236376488440328e-07,13.74828787717727,13.74828810081492,False
1290.5999999999217,29.99999988791759,29.99999988791759,1.1208241090798765e-07,2.240805940800783e-07,13.748287881655399,13.748288105735993,False
1291.0999999999212,29.999999887717834,29.999999887717834,1.1228216578729189e-07,2.2448730163660002e-07,13.74828788614195,13.748288110629252,False
1291.5999999999208,29.999999887535942,29.999999887535942,1.1246405762221912e-07,2.2485819783923944e-07,13.748287890636204,13.748288115494402,False
1292.0999999999203,29.99999988737169,29.99999988737169,1.126283102337311e-07,2.2519372322449271e-07,13.748287895137452,13.748288120331175,False
1292.5999999999199,29.999999887224867,29.999999887224867,1.1277513323193489e-07,2.254943041180013e-07,13.74828789964499,13.748288125139295,False
1293.0999999999194,29.999999887095253,29.999999887095253,1.1290474688507857e-07,2.257603810562614e-07,13.748287904158124,13.748288129918505,False
1293.599999999919,29.99999988698263,29.99999988698263,1.1301737146141022e-07,2.2599239457576914e-07,13.748287908676168,13.748288134668563,False
1294.0999999999185,29.999999886886783,29.999999886886783,1.131132165710369e-07,2.261907567913113e-07,13.748287913198451,13.748288139389208,False
1294.599999999918,29.999999886807505,29.999999886807505,1.1319249537677933e-07,2.26355908239384e-07,13.748287917724301,13.74828814408021,False
1295.0999999999176,29.99999988674458,29.99999988674458,1.1325542104145825e-07,2.264882681402014e-07,13.74828792225306,13.748288148741327,False
1295.5999999999171,29.999999886697786,29.999999886697786,1.1330221383332173e-07,2.2658826992483228e-07,13.748287926784078,13.748288153372348,False
1296.0999999999167,29.99999988666692,29.99999988666692,1.1333307980976315e-07,2.266563399189181e-07,13.748287931316714,13.748288157973054,False
1296.5999999999162,29.999999886651764,29.999999886651764,1.1334823568631691e-07,2.266929044481003e-07,13.748287935850326,13.748288162543231,False
1297.0999999999158,29.99999988665211,29.99999988665211,1.1334789107309007e-07,2.2669838273259302e-07,13.748287940384301,13.748288167082684,False
1297.5999999999153,29.99999988666775,29.99999988666775,1.1333224847476231e-07,2.266731797817556e-07,13.748287944918015,13.748288171591195,False
1298.0999999999149,29.999999886698472,29.999999886698472,1.1330152815958172e-07,2.2661773613208425e-07,13.74828794945086,13.748288176068597,False
1298.5999999999144,29.999999886744067,29.999999886744067,1.13255932632228e-07,2.2653246389836568e-07,13.748287953982235,13.748288180514699,False
1299.099999999914,29.99999988680433,29.99999988680433,1.1319567150280818e-07,2.2641777519538664e-07,13.748287958511556,13.748288184929331,False
1299.5999999999135,29.99999988687905,29.99999988687905,1.1312095082871565e-07,2.2627408213793387e-07,13.748287963038234,13.748288189312316,False
1300.099999999913,29.999999886968016,29.999999886968016,1.1303198377277113e-07,2.261018181570762e-07,13.748287967561694,13.748288193663512,False
1300.5999999999126,29.999999887071038,29.999999887071038,1.1292896218151327e-07,2.2590135984046356e-07,13.74828797208137,13.74828819798273,False
1301.0999999999121,29.9999998871879,29.9999998871879,1.1281209921776281e-07,2.2567314061916477e-07,13.7482879765967,13.74828820226984,False
1301.5999999999117,29.9999998873184,29.9999998873184,1.1268160093891311e-07,2.2541756550253922e-07,13.74828798110714,13.748288206524705,False
1302.0999999999112,29.999999887462334,29.999999887462334,1.1253766629693018e-07,2.251350394999463e-07,13.748287985612144,13.748288210747184,False
1302.5999999999108,29.999999887619502,29.999999887619502,1.1238049779649373e-07,2.24825960515318e-07,13.748287990111178,13.748288214937139,False
1303.0999999999103,29.99999988778971,29.99999988778971,1.1221029083685607e-07,2.2449073355801374e-07,13.748287994603718,13.748288219094452,False
1303.5999999999099,29.999999887972752,29.999999887972752,1.1202724792269692e-07,2.2412974942653818e-07,13.748287999089243,13.748288223218992,False
1304.0999999999094,29.999999888168432,29.999999888168432,1.1183156800598226e-07,2.237434131302507e-07,13.748288003567245,13.748288227310658,False
1304.599999999909,29.999999888376546,29.999999888376546,1.1162345359139181e-07,2.2333212257308332e-07,13.748288008037216,13.748288231369338,False
1305.0999999999085,29.999999888596907,29.999999888596907,1.1140309297275053e-07,2.2289626855354072e-07,13.748288012498666,13.748288235394934,False
1305.599999999908,29.999999888829315,29.999999888829315,1.1117068510202444e-07,2.2243624187012756e-07,13.74828801695111,13.748288239387351,False
1306.0999999999076,29.99999988907357,29.99999988907357,1.1092642893117954e-07,2.2195244042677587e-07,13.748288021394067,13.748288243346508,False
1306.5999999999071,29.999999889329487,29.999999889329487,1.1067051275404083e-07,2.214452408111356e-07,13.748288025827067,13.748288247272308,False
1307.0999999999067,29.999999889596868,29.999999889596868,1.1040313196986062e-07,2.209150338217114e-07,13.748288030249647,13.74828825116468,False
1307.5999999999062,29.99999988987552,29.99999988987552,1.1012447842517759e-07,2.2036220315158062e-07,13.748288034661348,13.748288255023551,False
1308.0999999999058,29.99999989016526,29.99999989016526,1.0983474041381669e-07,2.1978713249382054e-07,13.748288039061727,13.74828825884886,False
1308.5999999999053,29.99999989046589,29.99999989046589,1.0953410978231659e-07,2.1919019843608112e-07,13.74828804345034,13.74828826264054,False
1309.0999999999049,29.99999989077722,29.99999989077722,1.0922277837721595e-07,2.1857178467143967e-07,13.74828804782676,13.748288266398545,False
1309.5999999999044,29.999999891099076,29.999999891099076,1.0890092383419869e-07,2.1793225357669144e-07,13.748288052190551,13.748288270122805,False
1310.099999999904,29.999999891431266,29.999999891431266,1.0856873444708981e-07,2.1727198173948636e-07,13.748288056541305,13.748288273813287,False
1310.5999999999035,29.9999998917736,29.9999998917736,1.0822639850971427e-07,2.1659133864204705e-07,13.748288060878611,13.74828827746995,False
1311.099999999903,29.999999892125903,29.999999892125903,1.078740972104697e-07,2.158906937665961e-07,13.748288065202061,13.748288281092755,False
1311.5999999999026,29.999999892487985,29.999999892487985,1.0751201529046739e-07,2.1517040948992872e-07,13.748288069511263,13.748288284681673,False
1312.0999999999021,29.999999892859666,29.999999892859666,1.0714033393810496e-07,2.144308623996949e-07,13.748288073805828,13.74828828823669,False
1312.5999999999017,29.999999893240766,29.999999893240766,1.0675923434178003e-07,2.1367240066183513e-07,13.748288078085373,13.748288291757774,False
1313.0999999999012,29.99999989363111,29.99999989363111,1.0636889058446286e-07,2.128953795477173e-07,13.748288082349527,13.748288295244906,False
1313.5999999999008,29.999999894030516,29.999999894030516,1.0596948385455107e-07,2.1210016143413668e-07,13.748288086597922,13.748288298698084,False
1314.0999999999003,29.999999894438805,29.999999894438805,1.0556119534044228e-07,2.1128710869788847e-07,13.748288090830197,13.748288302117306,False
1314.5999999998999,29.9999998948558,29.9999998948558,1.0514419912510675e-07,2.1045657661034056e-07,13.748288095045998,13.748288305502575,False
1315.0999999998994,29.999999895281338,29.999999895281338,1.0471866218608739e-07,2.0960888491572405e-07,13.748288099244983,13.748288308853867,False
1315.599999999899,29.999999895715238,29.999999895715238,1.0428476215906812e-07,2.0874440309626152e-07,13.748288103426814,13.748288312171217,False
1316.0999999998985,29.99999989615733,29.99999989615733,1.0384266957430555e-07,2.0786347221246615e-07,13.74828810759116,13.748288315454632,False
1316.599999999898,29.999999896607438,29.999999896607438,1.033925620674836e-07,2.069664333248511e-07,13.748288111737688,13.748288318704121,False
1317.0999999998976,29.999999897065397,29.999999897065397,1.029346030634315e-07,2.0605362749392953e-07,13.748288115866087,13.748288321919715,False
1317.5999999998971,29.99999989753104,29.99999989753104,1.0246895953969215e-07,2.0512538867478725e-07,13.748288119976044,13.748288325101433,False
1318.0999999998967,29.999999898004198,29.999999898004198,1.0199580202652214e-07,2.0418205082251006e-07,13.748288124067258,13.74828832824931,False
1318.5999999998962,29.9999998984847,29.9999998984847,1.0151530105417805e-07,2.032239621030385e-07,13.748288128139427,13.748288331363389,False
1319.0999999998958,29.99999989897239,29.99999989897239,1.0102760938934807e-07,2.0225142804974894e-07,13.748288132192258,13.748288334443686,False
1319.5999999998953,29.999999899467102,29.999999899467102,1.0053289756228878e-07,2.0126478972315454e-07,13.748288136225469,13.748288337490258,False
1320.0999999998949,29.999999899968675,29.999999899968675,1.0003132544511573e-07,2.0026435976205903e-07,13.748288140238785,13.748288340503144,False
1320.5999999998944,29.99999990047695,29.99999990047695,9.952304935723078e-08,1.9925046501612087e-07,13.748288144231926,13.748288343482391,False
1321.099999999894,29.999999900991767,29.999999900991767,9.900823272346315e-08,1.9822342522957115e-07,13.748288148204633,13.748288346428058,False
1321.5999999998935,29.99999990151296,29.99999990151296,9.848703896864208e-08,1.9718356014664096e-07,13.748288152156643,13.748288349340203,False
1322.099999999893,29.999999902040376,29.999999902040376,9.795962441216943e-08,1.9613119661698875e-07,13.748288156087707,13.748288352218903,False
1322.5999999998926,29.999999902573858,29.999999902573858,9.742614182073339e-08,1.9506663306856353e-07,13.748288159997577,13.74828835506421,False
1323.0999999998921,29.999999903113263,29.999999903113263,9.688673685559479e-08,1.9399016792931434e-07,13.748288163886011,13.748288357876179,False
1323.5999999998917,29.999999903658427,29.999999903658427,9.634157294158285e-08,1.9290212094347226e-07,13.748288167752776,13.748288360654897,False
1324.0999999998912,29.9999999042092,29.9999999042092,9.579079929267209e-08,1.918027905389863e-07,13.748288171597645,13.748288363400436,False
1324.5999999998908,29.99999990476544,29.99999990476544,9.523456157012333e-08,1.906924751438055e-07,13.748288175420393,13.748288366112869,False
1325.0999999998903,29.999999905326984,29.999999905326984,9.467301609333845e-08,1.8957148739673357e-07,13.748288179220811,13.748288368792299,False
1325.5999999998899,29.99999990589369,29.99999990589369,9.410630852357826e-08,1.8844011151486484e-07,13.748288182998682,13.748288371438793,False
1326.0999999998894,29.99999990646542,29.99999990646542,9.353458096938994e-08,1.8729863882072095e-07,13.7482881867538,13.74828837405244,False
1326.599999999889,29.999999907042017,29.999999907042017,9.295798264474797e-08,1.8614736774225094e-07,13.748288190485974,13.748288376633342,False
1327.0999999998885,29.99999990762334,29.99999990762334,9.23766592109132e-08,1.8498658960197645e-07,13.748288194195009,13.748288379181599,False
1327.599999999888,29.99999990820925,29.99999990820925,9.17907492237191e-08,1.8381658151156444e-07,13.748288197880713,13.748288381697295,False
1328.0999999998876,29.9999999087996,29.9999999087996,9.12003983444265e-08,1.8263763479353656e-07,13.748288201542914,13.74828838418055,False
1328.5999999998871,29.999999909394262,29.999999909394262,9.060573802344152e-08,1.8145001234870506e-07,13.74828820518143,13.748288386631442,False
1329.0999999998867,29.999999909993086,29.999999909993086,9.000691392202498e-08,1.8025401260501894e-07,13.748288208796092,13.748288389050105,False
1329.5999999998862,29.999999910595935,29.999999910595935,8.940406459601036e-08,1.7904989846329045e-07,13.748288212386738,13.748288391436637,False
1330.0999999998858,29.99999991120268,29.99999991120268,8.879732149580377e-08,1.7783794703518652e-07,13.748288215953206,13.748288393791153,False
1330.5999999998853,29.99999991181318,29.99999991181318,8.818681962452501e-08,1.7661842832694674e-07,13.748288219495342,13.74828839611377,False
1331.0999999998849,29.999999912427302,29.999999912427302,8.757269753800756e-08,1.753916123448107e-07,13.748288223013,13.748288398404613,False
1331.5999999998844,29.99999991304492,29.99999991304492,8.695507958123017e-08,1.741577548841633e-07,13.748288226506038,13.748288400663792,False
1332.099999999884,29.999999913665896,29.999999913665896,8.63341043100263e-08,1.729171259512441e-07,13.748288229974314,13.74828840289144,False
1332.5999999998835,29.999999914290104,29.999999914290104,8.570989606937474e-08,1.7166998134143796e-07,13.748288233417702,13.748288405087683,False
1333.099999999883,29.99999991491742,29.99999991491742,8.508257920425422e-08,1.7041656974470243e-07,13.74828823683607,13.74828840725264,False
1333.5999999998826,29.999999915547715,29.999999915547715,8.445228516507086e-08,1.6915715406184972e-07,13.748288240229297,13.74828840938645,False
1334.0999999998821,29.999999916180858,29.999999916180858,8.381914184951711e-08,1.6789198298283736e-07,13.748288243597267,13.74828841148925,False
1334.5999999998817,29.999999916816734,29.999999916816734,8.318326649714436e-08,1.6662130519762286e-07,13.748288246939866,13.748288413561172,False
1335.0999999998812,29.99999991745521,29.99999991745521,8.254479055835873e-08,1.653453765015911e-07,13.748288250256993,13.748288415602369,False
1335.5999999998808,29.99999991809617,29.99999991809617,8.190383127271161e-08,1.6406443137384485e-07,13.748288253548537,13.748288417612969,False
1336.0999999998803,29.99999991873949,29.99999991873949,8.12605094324681e-08,1.627787113989143e-07,13.748288256814401,13.748288419593113,False
1336.5999999998799,29.99999991938506,29.99999991938506,8.06149387244659e-08,1.6148845105590226e-07,13.748288260054496,13.748288421542947,False
1337.0999999998794,29.999999920032753,29.999999920032753,7.996724704639746e-08,1.6019389903476622e-07,13.748288263268737,13.748288423462636,False
1337.599999999879,29.999999920682455,29.999999920682455,7.931754453238682e-08,1.5889528270918163e-07,13.748288266457038,13.748288425352321,False
1338.0999999998785,29.999999921334055,29.999999921334055,7.86659448692717e-08,1.5759282234739658e-07,13.748288269619323,13.748288427212145,False
1338.599999999878,29.99999992198744,29.99999992198744,7.801256174388982e-08,1.5628675242851386e-07,13.748288272755513,13.748288429042265,False
1339.0999999998776,29.99999992264249,29.99999992264249,7.73575088430789e-08,1.5497729322078158e-07,13.748288275865539,13.748288430842832,False
1339.5999999998771,29.999999923299104,29.999999923299104,7.6700896300963e-08,1.536646792033025e-07,13.74828827894934,13.74828843261402,False
1340.0999999998767,29.999999923957166,29.999999923957166,7.604283425166614e-08,1.5234911643347004e-07,13.748288282006852,13.748288434355969,False
1340.5999999998762,29.99999992461657,29.99999992461657,7.538342927659869e-08,1.5103082517953226e-07,13.748288285038015,13.74828843606884,False
1341.0999999998758,29.99999992527721,29.99999992527721,7.47227915098847e-08,1.4971002570973724e-07,13.748288288042788,13.748288437752814,False
1341.5999999998753,29.99999992593897,29.99999992593897,7.406103108564821e-08,1.4838693829233307e-07,13.748288291021115,13.748288439408054,False
1342.0999999998749,29.999999926601756,29.999999926601756,7.339824392715855e-08,1.470617547738584e-07,13.748288293972955,13.74828844103471,False
1342.5999999998744,29.99999992726546,29.99999992726546,7.273454016853975e-08,1.457347025279887e-07,13.748288296898266,13.748288442632969,False
1343.099999999874,29.99999992792998,29.99999992792998,7.207001928577483e-08,1.4440596629583524e-07,13.748288299797018,13.748288444202984,False
1343.5999999998735,29.999999928595216,29.999999928595216,7.140478430756048e-08,1.4307576634564612e-07,13.748288302669181,13.748288445744947,False
1344.099999999873,29.999999929261072,29.999999929261072,7.073892760445233e-08,1.4174428741853262e-07,13.748288305514718,13.748288447259005,False
1344.5999999998726,29.999999929927448,29.999999929927448,7.007255220514708e-08,1.4041172846646077e-07,13.748288308333615,13.748288448745344,False
1345.0999999998721,29.99999993059425,29.99999993059425,6.940575048020037e-08,1.3907828133596922e-07,13.748288311125851,13.748288450204132,False
1345.5999999998717,29.999999931261375,29.999999931261375,6.873862545830889e-08,1.3774414497902399e-07,13.748288313891408,13.748288451635553,False
1346.0999999998712,29.99999993192873,29.99999993192873,6.807126951002829e-08,1.3640951124216372e-07,13.748288316630276,13.748288453039788,False
1346.5999999998708,29.999999932596225,29.999999932596225,6.740377500591421e-08,1.3507455776107236e-07,13.748288319342446,13.748288454417004,False
1347.0999999998703,29.999999933263762,29.999999933263762,6.673623786923599e-08,1.3373949059314327e-07,13.748288322027916,13.748288455767407,False
1347.5999999998699,29.999999933931264,29.999999933931264,6.606873625969456e-08,1.3240445895235098e-07,13.748288324686685,13.748288457091144,False
1348.0999999998694,29.999999934598623,29.999999934598623,6.540137675870028e-08,1.3106966889608884e-07,13.748288327318756,13.748288458388425,False
1348.599999999869,29.99999993526577,29.99999993526577,6.473423042052673e-08,1.2973527674375873e-07,13.748288329924137,13.748288459659413,False
1349.0999999998685,29.999999935932603,29.999999935932603,6.406739672115691e-08,1.2840146723647194e-07,13.748288332502835,13.748288460904302,False
1349.599999999868,29.99999993659904,29.99999993659904,6.340096092571912e-08,1.2706842511533978e-07,13.748288335054866,13.748288462123291,False
1350.0999999998676,29.999999937264995,29.999999937264995,6.273500474662796e-08,1.257363066997641e-07,13.748288337580249,13.748288463316555,False
1350.5999999998671,29.999999937930394,29.999999937930394,6.206960634358438e-08,1.2440527541457413e-07,13.748288340078998,13.748288464484274,False
1351.0999999998667,29.99999993859515,29.99999993859515,6.140485098171666e-08,1.230754946845991e-07,13.748288342551144,13.748288465626638,False
1351.5999999998662,29.999999939259176,29.999999939259176,6.07408239261531e-08,1.217471350400956e-07,13.74828834499671,13.748288466743846,False
1352.0999999998658,29.9999999399224,29.9999999399224,6.007759978388094e-08,1.2042035280046548e-07,13.74828834741573,13.748288467836083,False
1352.5999999998653,29.99999994058474,29.99999994058474,5.941526026731481e-08,1.1909530428511061e-07,13.748288349808236,13.74828846890354,False
1353.0999999998648,29.99999994124612,29.99999994124612,5.875387998344195e-08,1.1777215291886023e-07,13.748288352174262,13.748288469946415,False
1353.5999999998644,29.99999994190646,29.99999994190646,5.809354064467698e-08,1.1645104081026147e-07,13.748288354513848,13.748288470964889,False
1354.099999999864,29.999999942565683,29.999999942565683,5.743431685800715e-08,1.1513213848957093e-07,13.748288356827036,13.748288471959174,False
1354.5999999998635,29.999999943223727,29.999999943223727,5.6776272572278685e-08,1.1381556674905369e-07,13.748288359113873,13.74828847292944,False
1355.099999999863,29.999999943880507,29.999999943880507,5.611949305261987e-08,1.1250148901353896e-07,13.748288361374414,13.748288473875903,False
1355.5999999998626,29.999999944535958,29.999999944535958,5.546404224787693e-08,1.111900473915739e-07,13.748288363608705,13.748288474798752,False
1356.0999999998621,29.99999994519001,29.99999994519001,5.480999121232344e-08,1.0988136978085095e-07,13.748288365816796,13.748288475698166,False
1356.5999999998617,29.99999994584259,29.99999994584259,5.415741100023297e-08,1.0857561250077197e-07,13.748288367998748,13.748288476574361,False
1357.0999999998612,29.99999994649363,29.99999994649363,5.350636911316542e-08,1.072729034490294e-07,13.748288370154622,13.748288477427526,False
1357.5999999998608,29.999999947143067,29.999999947143067,5.285693305268069e-08,1.0597337762874304e-07,13.748288372284478,13.748288478257855,False
1358.0999999998603,29.99999994779083,29.99999994779083,5.220917032033867e-08,1.0467717004303267e-07,13.748288374388387,13.748288479065558,False
1358.5999999998598,29.999999948436855,29.999999948436855,5.156314486498559e-08,1.033844156950181e-07,13.748288376466414,13.74828847985083,False
1359.0999999998594,29.99999994908108,29.99999994908108,5.091892063546766e-08,1.0209523537696441e-07,13.748288378518629,13.748288480613864,False
1359.599999999859,29.999999949723442,29.999999949723442,5.027655802791742e-08,1.0080975698656403e-07,13.748288380545098,13.748288481354855,False
1360.0999999998585,29.999999950363886,29.999999950363886,4.963611388575373e-08,9.952808710522731e-08,13.748288382545908,13.748288482073995,False
1360.599999999858,29.99999995100234,29.99999995100234,4.899765926325017e-08,9.825037494692879e-08,13.748288384521134,13.748288482771509,False
1361.0999999998576,29.999999951638753,29.999999951638753,4.836124745111192e-08,9.697672709307881e-08,13.748288386470852,13.74828848344758,False
1361.5999999998571,29.999999952273065,29.999999952273065,4.7726935292757844e-08,9.570725012508774e-08,13.748288388395144,13.748288484102394,False
1362.0999999998567,29.99999995290522,29.99999995290522,4.70947796316068e-08,9.444207194064802e-08,13.748288390294102,13.748288484736173,False
1362.5999999998562,29.999999953535163,29.999999953535163,4.6464837311077645e-08,9.318129201574266e-08,13.748288392167806,13.748288485349098,False
1363.0999999998558,29.999999954162835,29.999999954162835,4.5837165174589245e-08,9.192503114263673e-08,13.748288394016349,13.74828848594138,False
1363.5999999998553,29.99999995478818,29.99999995478818,4.521182006556046e-08,9.067340300816795e-08,13.74828839583982,13.748288486513223,False
1364.0999999998548,29.99999995541115,29.99999995541115,4.458885172198279e-08,8.942650708831934e-08,13.74828839763832,13.748288487064826,False
1364.5999999998544,29.999999956031687,29.999999956031687,4.3968313434561423e-08,8.818444996450125e-08,13.748288399411939,13.748288487596389,False
1365.099999999854,29.99999995664975,29.99999995664975,4.335025138857418e-08,8.694732400726934e-08,13.748288401160774,13.748288488108098,False
1365.5999999998535,29.99999995726528,29.99999995726528,4.273471887472624e-08,8.571524290346133e-08,13.748288402884928,13.74828848860017,False
1366.099999999853,29.999999957878238,29.999999957878238,4.212176207829543e-08,8.44882919182055e-08,13.748288404584498,13.74828848907279,False
1366.5999999998526,29.99999995848857,29.99999995848857,4.151143073727326e-08,8.326657052748487e-08,13.748288406259597,13.748288489526168,False
1367.0999999998521,29.999999959096225,29.999999959096225,4.090377458965122e-08,8.205017820728244e-08,13.748288407910321,13.7482884899605,False
1367.5999999998517,29.999999959701164,29.999999959701164,4.0298836267993465e-08,8.083920732815386e-08,13.748288409536784,13.748288490375991,False
1368.0999999998512,29.99999996030334,29.99999996030334,3.969665840486414e-08,7.963374315522742e-08,13.748288411139093,13.748288490772836,False
1368.5999999998508,29.999999960902713,29.999999960902713,3.909728718554106e-08,7.843387095363141e-08,13.74828841271736,13.74828849115123,False
1369.0999999998503,29.99999996149923,29.99999996149923,3.8500768795302065e-08,7.723968309392149e-08,13.748288414271697,13.74828849151138,False
1369.5999999998498,29.99999996209286,29.99999996209286,3.790713876128393e-08,7.605126484122593e-08,13.748288415802222,13.748288491853486,False
1370.0999999998494,29.999999962683557,29.999999962683557,3.731644326876449e-08,7.486869435524568e-08,13.748288417309045,13.748288492177739,False
1370.599999999849,29.99999996327128,29.99999996327128,3.67287213975942e-08,7.369204979568167e-08,13.74828841879229,13.74828849248434,False
1371.0999999998485,29.999999963855988,29.999999963855988,3.6144012227623534e-08,7.252142353308955e-08,13.748288420252075,13.748288492773499,False
1371.599999999848,29.999999964437652,29.999999964437652,3.55623477332756e-08,7.135687241088817e-08,13.748288421688518,13.74828849304539,False
1372.0999999998476,29.99999996501623,29.99999996501623,3.4983770547114545e-08,7.019847458877848e-08,13.748288423101743,13.748288493300217,False
1372.5999999998471,29.999999965591684,29.999999965591684,3.4408316196277156e-08,6.90463082264614e-08,13.748288424491875,13.748288493538183,False
1373.0999999998467,29.99999996616398,29.99999996616398,3.383602020790022e-08,6.790045148363788e-08,13.748288425859045,13.748288493759496,False
1373.5999999998462,29.999999966733085,29.999999966733085,3.3266914556406846e-08,6.676095409829941e-08,13.74828842720337,13.748288493964324,False
1374.0999999998457,29.999999967298965,29.999999967298965,3.270103476893382e-08,6.562790133557428e-08,13.748288428524985,13.748288494152886,False
1374.5999999998453,29.999999967861584,29.999999967861584,3.213841637261794e-08,6.450135714430871e-08,13.748288429824013,13.74828849432537,False
1375.0999999998448,29.999999968420912,29.999999968420912,3.1579087789168625e-08,6.338137836792157e-08,13.748288431100589,13.748288494481967,False
1375.5999999998444,29.999999968976915,29.999999968976915,3.102308454572267e-08,6.226803606068643e-08,13.748288432354846,13.748288494622882,False
1376.099999999844,29.999999969529572,29.999999969529572,3.047042795856214e-08,6.116137996059479e-08,13.748288433586918,13.748288494748298,False
1376.5999999998435,29.999999970078846,29.999999970078846,2.992115355482383e-08,6.006147401649287e-08,13.748288434796935,13.748288494858409,False
1377.099999999843,29.999999970624714,29.999999970624714,2.9375286203503492e-08,5.896836796637217e-08,13.748288435985037,13.748288494953405,False
1377.5999999998426,29.999999971167142,29.999999971167142,2.8832857879024232e-08,5.7882132864506275e-08,13.748288437151357,13.74828849503349,False
1378.099999999842,29.999999971706107,29.999999971706107,2.8293893450381802e-08,5.680281844888668e-08,13.748288438296038,13.748288495098857,False
1378.5999999998417,29.999999972241586,29.999999972241586,2.7758414233858275e-08,5.573046024665018e-08,13.748288439419213,13.748288495149673,False
1379.0999999998412,29.99999997277355,29.99999997277355,2.7226448651163082e-08,5.466512220664299e-08,13.748288440521026,13.748288495186149,False
1379.5999999998407,29.999999973301982,29.999999973301982,2.6698018018578296e-08,5.36068398560019e-08,13.748288441601616,13.748288495208456,False
1380.0999999998403,29.99999997382685,29.99999997382685,2.6173150757813346e-08,5.255567714357312e-08,13.748288442661128,13.748288495216805,False
1380.5999999998398,29.999999974348132,29.999999974348132,2.5651868185150306e-08,5.1511676701920805e-08,13.748288443699703,13.74828849521138,False
1381.0999999998394,29.99999997486581,29.99999997486581,2.513419161687125e-08,5.047487405818174e-08,13.74828844471748,13.748288495192353,False
1381.599999999839,29.99999997537986,29.99999997537986,2.4620138816544568e-08,4.944531895034743e-08,13.748288445714609,13.748288495159928,False
1382.0999999998385,29.999999975890262,29.999999975890262,2.4109738205879694e-08,4.8423054010982014e-08,13.748288446691236,13.74828849511429,False
1382.599999999838,29.999999976397,29.999999976397,2.3603000443017663e-08,4.740810766179493e-08,13.748288447647505,13.748288495055613,False
1383.0999999998376,29.999999976900053,29.999999976900053,2.309994684424055e-08,4.640052253535032e-08,13.748288448583567,13.74828849498409,False
1383.599999999837,29.9999999773994,29.9999999773994,2.2600598725830423e-08,4.540034126421233e-08,13.748288449499562,13.748288494899903,False
1384.0999999998367,29.999999977895037,29.999999977895037,2.2104963193214644e-08,4.440758516466303e-08,13.748288450395647,13.748288494803232,False
1384.5999999998362,29.999999978386928,29.999999978386928,2.161307222081632e-08,4.342230397469393e-08,13.748288451271963,13.748288494694267,False
1385.0999999998357,29.99999997887507,29.99999997887507,2.1124929361349132e-08,4.244451190515974e-08,13.748288452128664,13.748288494573176,False
1385.5999999998353,29.999999979359444,29.999999979359444,2.064055593109515e-08,4.147425869405197e-08,13.748288452965898,13.748288494440157,False
1386.0999999998348,29.999999979840037,29.999999979840037,2.0159962588195413e-08,4.0511558552225324e-08,13.748288453783818,13.748288494295377,False
1386.5999999998344,29.999999980316836,29.999999980316836,1.9683163543504634e-08,3.955643990138924e-08,13.748288454582577,13.748288494139016,False
1387.099999999834,29.999999980789827,29.999999980789827,1.921017300787753e-08,3.8608931163253146e-08,13.748288455362324,13.748288493971256,False
1387.5999999998335,29.999999981259,29.999999981259,1.8741001639455135e-08,3.7669060759526474e-08,13.748288456123214,13.748288493792275,False
1388.099999999833,29.99999998172434,29.99999998172434,1.8275660096378488e-08,3.673684290106394e-08,13.748288456865396,13.748288493602239,False
1388.5999999998326,29.999999982185837,29.999999982185837,1.7814162589502303e-08,3.581230600957497e-08,13.748288457589029,13.748288493401335,False
1389.099999999832,29.999999982643484,29.999999982643484,1.7356516224253937e-08,3.489547140134164e-08,13.74828845829426,13.748288493189731,False
1389.5999999998317,29.99999998309727,29.99999998309727,1.6902731658774428e-08,3.398636039264602e-08,13.748288458981246,13.748288492967607,False
1390.0999999998312,29.99999998354718,29.99999998354718,1.645281955120481e-08,3.308498719434283e-08,13.748288459650146,13.748288492735133,False
1390.5999999998307,29.999999983993213,29.999999983993213,1.6006787006972445e-08,3.219136601728678e-08,13.74828846030111,13.748288492492476,False
1391.0999999998303,29.99999998443536,29.99999998443536,1.5564641131504686e-08,3.130551817775995e-08,13.748288460934296,13.748288492239814,False
1391.5999999998298,29.99999998487361,29.99999998487361,1.5126389030228893e-08,3.042745788661705e-08,13.748288461549858,13.748288491977316,False
1392.0999999998294,29.999999985307966,29.999999985307966,1.4692034255858744e-08,2.9557185143858078e-08,13.74828846214795,13.748288491705136,False
1392.599999999829,29.999999985738413,29.999999985738413,1.4261587466535275e-08,2.8694728371192468e-08,13.748288462728734,13.748288491423462,False
1393.0999999998285,29.99999998616495,29.99999998616495,1.3835048662258487e-08,2.784008756862022e-08,13.748288463292358,13.748288491132445,False
1393.599999999828,29.99999998658757,29.99999998658757,1.3412428501169416e-08,2.6993276946996048e-08,13.748288463838986,13.748288490832262,False
1394.0999999998276,29.999999987006273,29.999999987006273,1.2993726983268061e-08,2.615430361174731e-08,13.74828846436877,13.748288490523073,False
1394.599999999827,29.999999987421052,29.999999987421052,1.2578947661268103e-08,2.532318177372872e-08,13.74828846488187,13.748288490205052,False
1395.0999999998267,29.999999987831906,29.999999987831906,1.2168094087883219e-08,2.4499904327512922e-08,13.748288465378442,13.748288489878346,False
1395.5999999998262,29.99999998823883,29.99999998823883,1.1761169815827088e-08,2.3684478378527274e-08,13.748288465858641,13.74828848954312,False
1396.0999999998257,29.999999988641825,29.999999988641825,1.1358174845099711e-08,2.287691813762649e-08,13.748288466322629,13.748288489199547,False
1396.5999999998253,29.99999998904089,29.99999998904089,1.0959109175701087e-08,2.2077216499383212e-08,13.74828846677056,13.748288488847777,False
1397.0999999998248,29.999999989436024,29.999999989436024,1.0563976360344896e-08,2.128537346379744e-08,13.74828846720259,13.748288488487963,False
1397.5999999998244,29.999999989827224,29.999999989827224,1.0172776399031136e-08,2.0501403241723892e-08,13.748288467618876,13.748288488120279,False
1398.099999999824,29.999999990214494,29.999999990214494,9.78550573904613e-09,1.972529162230785e-08,13.748288468019577,13.748288487744869,False
1398.5999999998235,29.999999990597836,29.999999990597836,9.402164380389877e-09,1.8957038605549315e-08,13.748288468404855,13.748288487361894,False
1399.099999999823,29.99999999097725,29.99999999097725,9.022748770348699e-09,1.8196637086020928e-08,13.74828846877486,13.748288486971497,False
1399.5999999998226,29.999999991352738,29.999999991352738,8.647262461636274e-09,1.744409416915005e-08,13.74828846912975,13.748288486573845,False
1400.099999999822,29.9999999917243,29.9999999917243,8.275698348825244e-09,1.669939564408196e-08,13.748288469469683,13.748288486169079,False
1400.5999999998216,29.999999992091944,29.999999992091944,7.908056431915611e-09,1.5962541510816664e-08,13.748288469794819,13.74828848575736,False
1401.0999999998212,29.99999999245567,29.99999999245567,7.544329605480016e-09,1.52335246639268e-08,13.748288470105306,13.748288485338831,False
1401.5999999998207,29.99999999281549,29.99999999281549,7.184510764091101e-09,1.4512323787130299e-08,13.748288470401308,13.748288484913632,False
1402.0999999998203,29.9999999931714,29.9999999931714,6.828599907748867e-09,1.3798938880427158e-08,13.748288470682981,13.74828848448192,False
1402.5999999998198,29.999999993523403,29.999999993523403,6.476597036453313e-09,1.3093369943817379e-08,13.74828847095048,13.748288484043849,False
1403.0999999998194,29.999999993871505,29.999999993871505,6.1284950447770825e-09,1.2395609871873603e-08,13.748288471203962,13.748288483599572,False
1403.599999999819,29.999999994215717,29.999999994215717,5.784283274579138e-09,1.17056302428864e-08,13.748288471443582,13.748288483149212,False
1404.0999999998185,29.999999994556042,29.999999994556042,5.443958173145802e-09,1.1023423951428413e-08,13.748288471669499,13.748288482692923,False
1404.599999999818,29.99999999489249,29.99999999489249,5.107509082336037e-09,1.0348976786644926e-08,13.748288471881859,13.748288482230835,False
1405.0999999998176,29.999999995225064,29.999999995225064,4.774936002149843e-09,9.682281643108581e-09,13.748288472080825,13.748288481763106,False
1405.599999999817,29.999999995553775,29.999999995553775,4.446224721732506e-09,9.023317204537307e-09,13.74828847226655,13.748288481289867,False
1406.0999999998166,29.99999999587863,29.99999999587863,4.1213716883703455e-09,8.372069260076387e-09,13.748288472439187,13.748288480811256,False
1406.5999999998162,29.999999996199634,29.999999996199634,3.800366243922326e-09,7.728516493443749e-09,13.748288472598892,13.748288480327409,False
1407.0999999998157,29.999999996516802,29.999999996516802,3.4831977302474115e-09,7.092651799212035e-09,13.74828847274582,13.748288479838472,False
1407.5999999998153,29.999999996830134,29.999999996830134,3.1698661473456013e-09,6.464453861099173e-09,13.74828847288012,13.748288479344573,False
1408.0999999998148,29.999999997139646,29.999999997139646,2.8603537316485017e-09,5.8439013628230896e-09,13.748288473001951,13.748288478845852,False
1408.5999999998144,29.999999997445354,29.999999997445354,2.5546462723013974e-09,5.230965882674354e-09,13.748288473111462,13.748288478342428,False
1409.099999999814,29.99999999774726,29.99999999774726,2.2527402165906096e-09,4.625633209798252e-09,13.748288473208804,13.748288477834437,False
1409.5999999998135,29.99999999804538,29.99999999804538,1.954621353661423e-09,4.02788202791271e-09,13.748288473294132,13.748288477322014,False
1410.099999999813,29.999999998339717,29.999999998339717,1.6602825780864805e-09,3.4376981261630135e-09,13.748288473367593,13.74828847680529,False
1410.5999999998126,29.99999999863029,29.99999999863029,1.3697096790110663e-09,2.8550459774123738e-09,13.748288473429346,13.748288476284392,False
1411.099999999812,29.999999998917108,29.999999998917108,1.0828919982941443e-09,2.279911370806076e-09,13.748288473479532,13.748288475759443,False
1411.5999999998116,29.99999999920019,29.99999999920019,7.998117723673204e-10,1.7122587792073318e-09,13.748288473518306,13.748288475230565,False
1412.0999999998112,29.999999999479538,29.999999999479538,5.20461895803237e-10,1.1520668863340688e-09,13.748288473545815,13.748288474697882,False
1412.5999999998107,29.99999999975517,29.99999999975517,2.448317104608577e-10,5.993214813315717e-10,13.748288473562212,13.748288474161534,False
1413.0999999998103,30.000000000027093,30.000000000027093,-2.709299451453262e-11,5.399414249041001e-11,13.74828847356764,13.748288473621635,False
1413.5999999998098,30.000000000295326,30.000000000295326,-2.9532642997764924e-10,-4.839506573262042e-10,13.748288473562257,13.748288473078306,False
1414.0999999998094,30.000000000559886,30.000000000559886,-5.598863594968861e-10,-1.0145342344003438e-09,13.7482884735462,13.748288472531666,False
1414.599999999809,30.000000000820783,30.000000000820783,-8.207834412132797e-10,-1.5377921158687968e-09,13.748288473519617,13.748288471981825,False
1415.0999999998085,30.000000001078035,30.000000001078035,-1.078035438695224e-09,-2.0537527234409936e-09,13.74828847348266,13.748288471428907,False
1415.599999999808,30.000000001331653,30.000000001331653,-1.3316530100837554e-09,-2.562437373399007e-09,13.748288473435471,13.748288470873034,False
1416.0999999998076,30.00000000158165,30.00000000158165,-1.581650366233589e-09,-3.063881592879625e-09,13.748288473378194,13.748288470314312,False
1416.599999999807,30.000000001828045,30.000000001828045,-1.828045270713119e-09,-3.55810669816492e-09,13.748288473310975,13.748288469752868,False
1417.0999999998066,30.000000002070855,30.000000002070855,-2.070855487090739e-09,-4.045162427246396e-09,13.748288473233956,13.748288469188793,False
1417.5999999998062,30.000000002310095,30.000000002310095,-2.310095226221165e-09,-4.525062990978768e-09,13.748288473147282,13.748288468622219,False
1418.0999999998057,30.000000002545782,30.000000002545782,-2.54578225167279e-09,-4.997858127353538e-09,13.748288473051096,13.748288468053238,False
1418.5999999998053,30.000000002777927,30.000000002777927,-2.7779272215866513e-09,-5.463562047225423e-09,13.748288472945537,13.748288467481975,False
1419.0999999998048,30.000000003006548,30.000000003006548,-3.0065478995311423e-09,-5.92221027773121e-09,13.748288472830753,13.748288466908543,False
1419.5999999998044,30.000000003231666,30.000000003231666,-3.231665601788336e-09,-6.373845451435045e-09,13.748288472706877,13.748288466333031,False
1420.099999999804,30.000000003453295,30.000000003453295,-3.4532945392129477e-09,-6.818495990046358e-09,13.748288472574055,13.748288465755559,False
1420.5999999998035,30.00000000367145,30.00000000367145,-3.6714489226596925e-09,-7.25619031527458e-09,13.74828847243242,13.74828846517623,False
1421.099999999803,30.000000003886154,30.000000003886154,-3.886153621124322e-09,-7.686978165111213e-09,13.748288472282118,13.74828846459514,False
1421.5999999998025,30.000000004097423,30.000000004097423,-4.097422845461551e-09,-8.11088796126569e-09,13.74828847212328,13.748288464012392,False
1422.099999999802,30.000000004305274,30.000000004305274,-4.305274359239775e-09,-8.527955230874795e-09,13.748288471956045,13.74828846342809,False
1422.5999999998016,30.00000000450973,30.00000000450973,-4.509729478741065e-09,-8.938222606502677e-09,13.74828847178055,13.748288462842327,False
1423.0999999998012,30.0000000047108,30.0000000047108,-4.710798862106458e-09,-9.34170429900405e-09,13.748288471596933,13.748288462255228,False
1423.5999999998007,30.00000000490851,30.00000000490851,-4.9085109310453845e-09,-9.73847136265249e-09,13.748288471405326,13.748288461666855,False
1424.0999999998003,30.00000000510288,30.00000000510288,-5.10287989641256e-09,-1.012854511373007e-08,13.748288471205868,13.748288461077323,False
1424.5999999997998,30.000000005293927,30.000000005293927,-5.293927074490057e-09,-1.0511968184800935e-08,13.748288470998684,13.748288460486716,False
1425.0999999997994,30.00000000548167,30.00000000548167,-5.481670228846269e-09,-1.0888768997574516e-08,13.748288470783914,13.748288459895145,False
1425.599999999799,30.000000005666127,30.000000005666127,-5.666127123049591e-09,-1.1258997290042316e-08,13.748288470561684,13.748288459302687,False
1426.0999999997985,30.000000005847316,30.000000005847316,-5.847315520668417e-09,-1.1622674378486408e-08,13.74828847033213,13.748288458709455,False
1426.599999999798,30.00000000602526,30.00000000602526,-6.0252602906984976e-09,-1.1979857106325653e-08,13.748288470095382,13.748288458115525,False
1427.0999999997975,30.000000006199983,30.000000006199983,-6.199982749421906e-09,-1.2330588106124196e-08,13.748288469851564,13.748288457520976,False
1427.599999999797,30.000000006371494,30.000000006371494,-6.371493554979679e-09,-1.267488869416411e-08,13.748288469600809,13.74828845692592,False
1428.0999999997966,30.000000006539825,30.000000006539825,-6.539824681794926e-09,-1.3012822819291614e-08,13.748288469343247,13.748288456330425,False
1428.5999999997962,30.000000006704987,30.000000006704987,-6.704986788008682e-09,-1.334441179778878e-08,13.748288469079,13.748288455734588,False
1429.0999999997957,30.00000000686701,30.00000000686701,-6.867008295330379e-09,-1.3669712473074469e-08,13.7482884688082,13.748288455138487,False
1429.5999999997953,30.000000007025903,30.000000007025903,-7.0259034146147314e-09,-1.3988746161430754e-08,13.74828846853097,13.748288454542223,False
1430.0999999997948,30.000000007181697,30.000000007181697,-7.181697014857491e-09,-1.4301569706276496e-08,13.748288468247429,13.74828845394586,False
1430.5999999997944,30.00000000733441,30.00000000733441,-7.3344104123407305e-09,-1.460822574017584e-08,13.748288467957707,13.748288453349481,False
1431.099999999794,30.000000007484065,30.000000007484065,-7.484064923346523e-09,-1.4908756895692932e-08,13.748288467661924,13.748288452753167,False
1431.5999999997935,30.000000007630685,30.000000007630685,-7.63068541687062e-09,-1.5203205805391917e-08,13.748288467360206,13.748288452157,False
1432.099999999793,30.000000007774286,30.000000007774286,-7.774286103767736e-09,-1.5491615101836942e-08,13.74828846705267,13.748288451561056,False
1432.5999999997925,30.00000000791489,30.00000000791489,-7.914888300319944e-09,-1.5774013206737436e-08,13.748288466739444,13.74828845096543,False
1433.099999999792,30.000000008052517,30.000000008052517,-8.052516875522997e-09,-1.605045696351226e-08,13.748288466420636,13.748288450370179,False
1433.5999999997916,30.00000000818719,30.00000000818719,-8.187189592945288e-09,-1.6320981899298204e-08,13.748288466096371,13.748288449775389,False
1434.0999999997912,30.000000008318935,30.000000008318935,-8.318934874296247e-09,-1.6585637752086768e-08,13.748288465766766,13.748288449181128,False
1434.5999999997907,30.00000000844777,30.00000000844777,-8.447770483144268e-09,-1.68444671544421e-08,13.748288465431939,13.748288448587472,False
1435.0999999997903,30.00000000857372,30.00000000857372,-8.573721288485103e-09,-1.7097519844355702e-08,13.748288465092005,13.748288447994485,False
1435.5999999997898,30.000000008696805,30.000000008696805,-8.696805053887147e-09,-1.7344831348964362e-08,13.748288464747077,13.748288447402246,False
1436.0999999997894,30.000000008817047,30.000000008817047,-8.81704664834615e-09,-1.7586451406259584e-08,13.748288464397271,13.74828844681082,False
1436.599999999789,30.00000000893447,30.00000000893447,-8.934470940857864e-09,-1.7822422648805514e-08,13.748288464042702,13.748288446220279,False
1437.0999999997885,30.000000009049096,30.000000009049096,-9.049095694990683e-09,-1.8052787709166296e-08,13.748288463683478,13.74828844563069,False
1437.599999999788,30.000000009160946,30.000000009160946,-9.16094577974036e-09,-1.8277596325333434e-08,13.748288463319716,13.74828844504212,False
1438.0999999997875,30.000000009270043,30.000000009270043,-9.270042511388965e-09,-1.8496884024443716e-08,13.748288462951523,13.748288444454639,False
1438.599999999787,30.00000000937641,30.00000000937641,-9.376410758932252e-09,-1.8710707649916003e-08,13.74828846257901,13.748288443868303,False
1439.0999999997866,30.00000000948007,30.00000000948007,-9.480068285938614e-09,-1.8919102728887083e-08,13.748288462202288,13.748288443283185,False
1439.5999999997862,30.00000000958104,30.00000000958104,-9.581039961403803e-09,-1.912211899934846e-08,13.748288461821462,13.748288442699343,False
1440.0999999997857,30.000000009679354,30.000000009679354,-9.67935420703725e-09,-1.9319806199291634e-08,13.748288461436639,13.748288442116833,False
1440.5999999997853,30.00000000977503,30.00000000977503,-9.775028786407347e-09,-1.9512206961280754e-08,13.748288461047927,13.74828844153572,False
1441.0999999997848,30.000000009868085,30.000000009868085,-9.868085015796169e-09,-1.9699363917879964e-08,13.74828846065543,13.748288440956067,False
1441.5999999997844,30.000000009958555,30.000000009958555,-9.958554869626823e-09,-1.9881333912508126e-08,13.74828846025925,13.748288440377916,False
1442.099999999784,30.00000001004645,30.00000001004645,-1.0046449006040348e-08,-2.0058152472302027e-08,13.748288459859493,13.74828843980134,False
1442.5999999997834,30.0000000101318,30.0000000101318,-1.0131799399459851e-08,-2.0229862229825812e-08,13.74828845945626,13.748288439226398,False
1443.099999999783,30.00000001021462,30.00000001021462,-1.0214620260740048e-08,-2.0396512923070986e-08,13.748288459049654,13.748288438653141,False
1443.5999999997825,30.000000010294947,30.000000010294947,-1.0294947117017728e-08,-2.055816139545641e-08,13.748288458639776,13.748288438081614,False
1444.099999999782,30.00000001037279,30.00000001037279,-1.0372790626433925e-08,-2.071483606869151e-08,13.748288458226721,13.748288437511885,False
1444.5999999997816,30.000000010448176,30.000000010448176,-1.0448175657984393e-08,-2.0866586680767796e-08,13.748288457810595,13.748288436944009,False
1445.0999999997812,30.000000010521134,30.000000010521134,-1.052113418609224e-08,-2.1013470075104124e-08,13.748288457391496,13.748288436378026,False
1445.5999999997807,30.000000010591677,30.000000010591677,-1.0591676868898503e-08,-2.1155514673409925e-08,13.748288456969515,13.748288435814,False
1446.0999999997803,30.00000001065984,30.00000001065984,-1.065983923353997e-08,-2.1292791529958777e-08,13.74828845654475,13.748288435251958,False
1446.5999999997798,30.00000001072564,30.00000001072564,-1.0725639043585034e-08,-2.1425336171887466e-08,13.748288456117294,13.748288434691958,False
1447.0999999997794,30.000000010789098,30.000000010789098,-1.0789097615315768e-08,-2.155318412633278e-08,13.748288455687245,13.74828843413406,False
1447.599999999779,30.00000001085024,30.00000001085024,-1.0850239817727925e-08,-2.1676392236713582e-08,13.748288455254695,13.748288433578303,False
1448.0999999997784,30.00000001090909,30.00000001090909,-1.0909090519817255e-08,-2.1795003135594015e-08,13.748288454819736,13.748288433024733,False
1448.599999999778,30.00000001096567,30.00000001096567,-1.0965671037865832e-08,-2.1909073666392942e-08,13.74828845438246,13.748288432473386,False
1449.0999999997775,30.000000011020003,30.000000011020003,-1.1020002688155728e-08,-2.2018632250819792e-08,13.748288453942955,13.748288431924323,False
1449.599999999777,30.00000001107211,30.00000001107211,-1.1072110339682695e-08,-2.2123728626866068e-08,13.748288453501319,13.74828843137759,False
1450.0999999997766,30.00000001112202,30.00000001112202,-1.1122018861442484e-08,-2.222442674337799e-08,13.748288453057626,13.748288430833199,False
1450.5999999997762,30.00000001116975,30.00000001116975,-1.1169749569717169e-08,-2.2320755022064986e-08,13.748288452611975,13.74828843029122,False
1451.0999999997757,30.00000001121533,30.00000001121533,-1.121533088621618e-08,-2.241277030634592e-08,13.74828845216445,13.74828842975168,False
1451.5999999997753,30.00000001125878,30.00000001125878,-1.125878057450791e-08,-2.2500522334212292e-08,13.748288451715137,13.748288429214615,False
1452.0999999997748,30.000000011300116,30.000000011300116,-1.1300116398160753e-08,-2.2584032421946176e-08,13.74828845126412,13.748288428680087,False
1452.5999999997744,30.000000011339367,30.000000011339367,-1.1339366778884141e-08,-2.266336451839379e-08,13.748288450811481,13.748288428148117,False
1453.099999999774,30.000000011376557,30.000000011376557,-1.1376556585673825e-08,-2.273856836154664e-08,13.748288450357304,13.748288427618736,False
1453.5999999997734,30.000000011411707,30.000000011411707,-1.1411707134811877e-08,-2.280967947854151e-08,13.748288449901672,13.748288427091993,False
1454.099999999773,30.00000001144484,30.00000001144484,-1.144483974258037e-08,-2.2876747607369907e-08,13.74828844944467,13.748288426567923,False
1454.5999999997725,30.00000001147598,30.00000001147598,-1.1475979277975057e-08,-2.293982248602333e-08,13.74828844898637,13.748288426046548,False
1455.099999999772,30.000000011505147,30.000000011505147,-1.1505147057278009e-08,-2.299893964163857e-08,13.748288448526857,13.748288425527917,False
1455.5999999997716,30.000000011532368,30.000000011532368,-1.1532367949484978e-08,-2.305415591763449e-08,13.748288448066212,13.748288425012056,False
1456.0999999997712,30.000000011557663,30.000000011557663,-1.1557663270878038e-08,-2.310551394657523e-08,13.748288447604507,13.748288424498993,False
1456.5999999997707,30.000000011581058,30.000000011581058,-1.158105789045294e-08,-2.3153063466452295e-08,13.74828844714182,13.748288423988756,False
1457.0999999997703,30.00000001160257,30.00000001160257,-1.1602569571778076e-08,-2.3196832898975117e-08,13.748288446678231,13.748288423481398,False
1457.5999999997698,30.000000011622223,30.000000011622223,-1.16222231838492e-08,-2.3236879087562556e-08,13.748288446213808,13.748288422976929,False
1458.0999999997694,30.000000011640044,30.000000011640044,-1.1640043595662064e-08,-2.3273251770206116e-08,13.748288445748628,13.748288422475376,False
1458.599999999769,30.000000011656052,30.000000011656052,-1.1656052123498739e-08,-2.3305986474042584e-08,13.748288445282766,13.74828842197678,False
1459.0999999997684,30.000000011670267,30.000000011670267,-1.167026653092762e-08,-2.3335132937063463e-08,13.748288444816287,13.748288421481154,False
1459.599999999768,30.00000001168272,30.00000001168272,-1.1682718792371816e-08,-2.3360740897260257e-08,13.748288444349273,13.748288420988532,False
1460.0999999997675,30.000000011693427,30.000000011693427,-1.169342667139972e-08,-2.3382845881769754e-08,13.748288443881787,13.748288420498941,False
1460.599999999767,30.000000011702408,30.000000011702408,-1.1702407931579728e-08,-2.3401497628583456e-08,13.748288443413902,13.748288420012404,False
1461.0999999997666,30.00000001170969,30.00000001170969,-1.1709690994621269e-08,-2.341673877026551e-08,13.748288442945684,13.748288419528945,False
1461.5999999997662,30.000000011715294,30.000000011715294,-1.1715293624092737e-08,-2.3428611939380062e-08,13.748288442477204,13.748288419048592,False
1462.0999999997657,30.00000001171924,30.00000001171924,-1.1719240688989885e-08,-2.3437166873918613e-08,13.748288442008521,13.748288418571354,False
1462.5999999997653,30.000000011721554,30.000000011721554,-1.1721553505594784e-08,-2.3442439101017953e-08,13.748288441539712,13.748288418097273,False
1463.0999999997648,30.000000011722246,30.000000011722246,-1.172224628476215e-08,-2.3444471253242227e-08,13.748288441070834,13.748288417626362,False
1463.5999999997643,30.00000001172135,30.00000001172135,-1.1721351000915092e-08,-2.3443313068582938e-08,13.748288440601954,13.74828841715864,False
1464.099999999764,30.000000011718885,30.000000011718885,-1.1718885417622005e-08,-2.3439007179604232e-08,13.748288440133134,13.748288416694127,False
1464.5999999997634,30.000000011714874,30.000000011714874,-1.1714874403878639e-08,-2.3431596218870254e-08,13.748288439664439,13.748288416232842,False
1465.099999999763,30.000000011709332,30.000000011709332,-1.170933217053971e-08,-2.342112281894515e-08,13.748288439195926,13.748288415774804,False
1465.5999999997625,30.000000011702287,30.000000011702287,-1.1702287139314649e-08,-2.3407629612393066e-08,13.748288438727661,13.748288415320031,False
1466.099999999762,30.00000001169376,30.00000001169376,-1.1693760626485528e-08,-2.3391166337205505e-08,13.748288438259705,13.748288414868538,False
1466.5999999997616,30.00000001168377,30.00000001168377,-1.168377039562074e-08,-2.3371768520519254e-08,13.74828843779211,13.748288414420342,False
1467.0999999997612,30.000000011672338,30.000000011672338,-1.167233776300236e-08,-2.334947879489846e-08,13.748288437324936,13.748288413975457,False
1467.5999999997607,30.000000011659488,30.000000011659488,-1.165948759762614e-08,-2.3324339792907267e-08,13.748288436858243,13.748288413533903,False
1468.0999999997603,30.000000011645238,30.000000011645238,-1.164523766306047e-08,-2.3296394147109822e-08,13.748288436392086,13.748288413095691,False
1468.5999999997598,30.00000001162961,30.00000001162961,-1.1629609275587427e-08,-2.326569159549763e-08,13.748288435926522,13.74828841266083,False
1469.0999999997593,30.000000011612624,30.000000011612624,-1.1612623751489082e-08,-2.3232260559780116e-08,13.748288435461605,13.748288412229345,False
1469.599999999759,30.0000000115943,30.0000000115943,-1.1594298854333829e-08,-2.3196136567094072e-08,13.74828843499739,13.748288411801253,False
1470.0999999997584,30.00000001157466,30.00000001157466,-1.157465945311742e-08,-2.3157383566285716e-08,13.748288434533928,13.748288411376544,False
1470.599999999758,30.000000011553723,30.000000011553723,-1.1553723311408248e-08,-2.311602287363712e-08,13.748288434071272,13.748288410955249,False
1471.0999999997575,30.00000001153151,30.00000001153151,-1.1531511745488388e-08,-2.3072111332567147e-08,13.748288433609474,13.748288410537363,False
1471.599999999757,30.000000011508046,30.000000011508046,-1.150804607163991e-08,-2.3025677364785224e-08,13.748288433148584,13.748288410122907,False
1472.0999999997566,30.000000011483344,30.000000011483344,-1.148334405343121e-08,-2.29767636028555e-08,13.748288432688655,13.748288409711892,False
1472.5999999997562,30.00000001145743,30.00000001145743,-1.145743055985804e-08,-2.2925419784769474e-08,13.748288432229733,13.748288409304314,False
1473.0999999997557,30.000000011430323,30.000000011430323,-1.1430323354488792e-08,-2.2871681437663938e-08,13.748288431771865,13.748288408900184,False
1473.5999999997553,30.000000011402044,30.000000011402044,-1.140204375360554e-08,-2.2815584088675678e-08,13.748288431315098,13.748288408499514,False
1474.0999999997548,30.00000001137261,30.00000001137261,-1.1372609520776678e-08,-2.2757177475796198e-08,13.748288430859484,13.748288408102306,False
1474.5999999997543,30.00000001134203,30.00000001134203,-1.1342031314143242e-08,-2.2696475809880212e-08,13.748288430405065,13.74828840770859,False
1475.099999999754,30.000000011310338,30.000000011310338,-1.1310337555414662e-08,-2.2633528828919225e-08,13.748288429951888,13.748288407318359,False
1475.5999999997534,30.00000001127755,30.00000001127755,-1.1277549560873013e-08,-2.256838627090474e-08,13.748288429499993,13.748288406931607,False
1476.099999999753,30.000000011243692,30.000000011243692,-1.1243692199514044e-08,-2.2501097873828257e-08,13.748288429049433,13.748288406548335,False
1476.5999999997525,30.00000001120877,30.00000001120877,-1.1208769024051435e-08,-2.2431677848544496e-08,13.74828842860024,13.748288406168562,False
1477.099999999752,30.000000011172805,30.000000011172805,-1.1172804903480937e-08,-2.236016172219024e-08,13.748288428152463,13.748288405792302,False
1477.5999999997516,30.00000001113582,30.00000001113582,-1.1135821154084624e-08,-2.2286599232757e-08,13.748288427706141,13.748288405419542,False
1478.0999999997512,30.000000011097836,30.000000011097836,-1.109783553943089e-08,-2.2211025907381554e-08,13.748288427261311,13.748288405050285,False
1478.5999999997507,30.000000011058862,30.000000011058862,-1.1058862270374448e-08,-2.213347016777334e-08,13.748288426818018,13.748288404684548,False
1479.0999999997503,30.000000011018933,30.000000011018933,-1.1018933321338409e-08,-2.2053988857351214e-08,13.748288426376298,13.74828840432231,False
1479.5999999997498,30.000000010978056,30.000000010978056,-1.097805579775013e-08,-2.197261039782461e-08,13.748288425936192,13.748288403963581,False
1480.0999999997493,30.00000001093625,30.00000001093625,-1.0936251015891685e-08,-2.1889370316330314e-08,13.748288425497735,13.748288403608365,False
1480.599999999749,30.000000010893537,30.000000010893537,-1.0893536739331466e-08,-2.1804304140005115e-08,13.748288425060963,13.748288403256659,False
1481.0999999997484,30.000000010849927,30.000000010849927,-1.084992717892419e-08,-2.1717440290558443e-08,13.748288424625914,13.748288402908473,False
1481.599999999748,30.00000001080545,30.00000001080545,-1.0805450756379287e-08,-2.16288285059818e-08,13.748288424192625,13.748288402563796,False
1482.0999999997475,30.000000010760118,30.000000010760118,-1.0760118129837792e-08,-2.1538504313411977e-08,13.748288423761128,13.748288402222624,False
1482.599999999747,30.00000001071395,30.00000001071395,-1.071395061558178e-08,-2.144650323998576e-08,13.748288423331458,13.748288401884954,False
1483.0999999997466,30.000000010666962,30.000000010666962,-1.0666962424465964e-08,-2.1352853707412578e-08,13.748288422903647,13.748288401550793,False
1483.5999999997462,30.000000010619168,30.000000010619168,-1.0619167767345061e-08,-2.1257577031974506e-08,13.748288422477732,13.748288401220154,False
1484.0999999997457,30.00000001057059,30.00000001057059,-1.0570591513214822e-08,-2.1160737162517762e-08,13.748288422053738,13.748288400893001,False
1484.5999999997453,30.000000010521248,30.000000010521248,-1.0521247872929962e-08,-2.106235541532442e-08,13.748288421631703,13.748288400569347,False
1485.0999999997448,30.00000001047115,30.00000001047115,-1.0471151057345196e-08,-2.0962460212103906e-08,13.748288421211653,13.748288400249193,False
1485.5999999997443,30.00000001042032,30.00000001042032,-1.0420318830028918e-08,-2.0861087079993013e-08,13.748288420793617,13.74828839993253,False
1486.0999999997439,30.00000001036877,30.00000001036877,-1.0368768954549523e-08,-2.0758271546128526e-08,13.748288420377628,13.748288399619357,False
1486.5999999997434,30.000000010316523,30.000000010316523,-1.0316522747189083e-08,-2.0654056243074592e-08,13.74828841996371,13.748288399309654,False
1487.099999999743,30.00000001026359,30.00000001026359,-1.0263590866088634e-08,-2.0548462487113284e-08,13.748288419551894,13.748288399003432,False
1487.5999999997425,30.000000010209995,30.000000010209995,-1.020999462753025e-08,-2.0441532910808746e-08,13.748288419142204,13.748288398700671,False
1488.099999999742,30.00000001015575,30.00000001015575,-1.0155748242368645e-08,-2.033329593587041e-08,13.748288418734672,13.748288398401376,False
1488.5999999997416,30.00000001010086,30.00000001010086,-1.0100858816031177e-08,-2.0223772878580348e-08,13.748288418329318,13.748288398105545,False
1489.0999999997412,30.000000010045355,30.000000010045355,-1.0045354770227277e-08,-2.0113006371502706e-08,13.748288417926174,13.748288397813168,False
1489.5999999997407,30.000000009989247,30.000000009989247,-9.989246763097981e-09,-2.0001031941774272e-08,13.748288417525256,13.748288397524224,False
1490.0999999997402,30.00000000993255,30.00000000993255,-9.932549005498004e-09,-1.988787090567712e-08,13.74828841712659,13.748288397238719,False
1490.5999999997398,30.000000009875286,30.000000009875286,-9.875286366423097e-09,-1.977356589577539e-08,13.748288416730203,13.748288396956637,False
1491.0999999997393,30.000000009817466,30.000000009817466,-9.817465951300619e-09,-1.965814533377852e-08,13.748288416336113,13.748288396677967,False
1491.5999999997389,30.000000009759095,30.000000009759095,-9.759094865557927e-09,-1.9541623430541222e-08,13.748288415944348,13.748288396402724,False
1492.0999999997384,30.00000000970021,30.00000000970021,-9.700208636331809e-09,-1.9424057029482356e-08,13.748288415554926,13.748288396130869,False
1492.599999999738,30.000000009640807,30.000000009640807,-9.640807263622264e-09,-1.930545323602928e-08,13.748288415167865,13.748288395862412,False
1493.0999999997375,30.000000009580912,30.000000009580912,-9.580912063711366e-09,-1.9185861788173497e-08,13.74828841478319,13.748288395597328,False
1493.599999999737,30.000000009520534,30.000000009520534,-9.520533694740152e-09,-1.9065296896769723e-08,13.748288414400918,13.74828839533562,False
1494.0999999997366,30.000000009459693,30.000000009459693,-9.459693472990693e-09,-1.8943794088954746e-08,13.74828841402107,13.748288395077276,False
1494.5999999997362,30.00000000939839,30.00000000939839,-9.39839139846299e-09,-1.882137468101064e-08,13.748288413643664,13.74828839482229,False
1495.0999999997357,30.000000009336663,30.000000009336663,-9.336662998293832e-09,-1.8698088410928904e-08,13.748288413268712,13.748288394570624,False
1495.5999999997352,30.00000000927451,30.00000000927451,-9.274508272483217e-09,-1.85739423841369e-08,13.74828841289624,13.748288394322298,False
1496.0999999997348,30.00000000921194,30.00000000921194,-9.211941431885862e-09,-1.8448972127771412e-08,13.748288412526259,13.748288394077287,False
1496.5999999997343,30.000000009148984,30.000000009148984,-9.148983792783838e-09,-1.8323213168969232e-08,13.748288412158786,13.748288393835573,False
1497.0999999997339,30.000000009085642,30.000000009085642,-9.085642460604504e-09,-1.8196679718585074e-08,13.748288411793837,13.748288393597157,False
1497.5999999997334,30.000000009021942,30.000000009021942,-9.021942304343611e-09,-1.806942151461044e-08,13.74828841143143,13.748288393362008,False
1498.099999999733,30.000000008957887,30.000000008957887,-8.957886876714838e-09,-1.7941452767900046e-08,13.748288411071576,13.748288393130123,False
1498.5999999997325,30.000000008893483,30.000000008893483,-8.893483283145542e-09,-1.781278058388125e-08,13.748288410714288,13.748288392901507,False
1499.099999999732,30.000000008828753,30.000000008828753,-8.828752839917797e-09,-1.7683447595118196e-08,13.748288410359583,13.748288392676136,False
1499.5999999997316,30.00000000876371,30.00000000876371,-8.763709757886318e-09,-1.7553482223320316e-08,13.748288410007474,13.748288392453992,False
1500.0999999997312,30.000000008698365,30.000000008698365,-8.69836469519214e-09,-1.742291289019704e-08,13.748288409657967,13.748288392235054,False
1500.5999999997307,30.000000008632732,30.000000008632732,-8.63273186268998e-09,-1.729176091203044e-08,13.748288409311082,13.74828839201932,False
1501.0999999997302,30.00000000856683,30.00000000856683,-8.56682902394823e-09,-1.7160061815957306e-08,13.748288408966825,13.748288391806764,False
1501.5999999997298,30.00000000850066,30.00000000850066,-8.500659731680571e-09,-1.702782981283235e-08,13.74828840862521,13.74828839159738,False
1502.0999999997293,30.000000008434238,30.000000008434238,-8.434238196741717e-09,-1.689508621893765e-08,13.748288408286246,13.74828839139116,False
1502.5999999997289,30.000000008367582,30.000000008367582,-8.367582182700062e-09,-1.6761866561409988e-08,13.748288407949943,13.748288391188076,False
1503.0999999997284,30.0000000083007,30.0000000083007,-8.300698794982964e-09,-1.6628185051104083e-08,13.748288407616306,13.74828839098812,False
1503.599999999728,30.000000008233602,30.000000008233602,-8.233602244445137e-09,-1.649407721515672e-08,13.748288407285353,13.748288390791275,False
1504.0999999997275,30.000000008166303,30.000000008166303,-8.16630318922762e-09,-1.635955726442262e-08,13.748288406957085,13.748288390597528,False
1504.599999999727,30.00000000809882,30.00000000809882,-8.098819392898804e-09,-1.6224660726038564e-08,13.748288406631511,13.74828839040685,False
1505.0999999997266,30.000000008031158,30.000000008031158,-8.031157960886048e-09,-1.608940891628663e-08,13.74828840630864,13.748288390219232,False
1505.5999999997262,30.000000007963326,30.000000007963326,-7.96332599861671e-09,-1.5953808940594172e-08,13.74828840598848,13.748288390034672,False
1506.0999999997257,30.000000007895338,30.000000007895338,-7.895337716945505e-09,-1.581789632609798e-08,13.748288405671035,13.748288389853139,False
1506.5999999997252,30.00000000782721,30.00000000782721,-7.827210879440827e-09,-1.5681692389080126e-08,13.748288405356314,13.748288389674622,False
1507.0999999997248,30.00000000775895,30.00000000775895,-7.758949038816354e-09,-1.554522555125004e-08,13.748288405044317,13.748288389499091,False
1507.5999999997243,30.000000007690566,30.000000007690566,-7.690566405926802e-09,-1.5408502918035083e-08,13.748288404735053,13.74828838932655,False
1508.0999999997239,30.00000000762207,30.00000000762207,-7.622070086199528e-09,-1.527155291114468e-08,13.748288404428527,13.748288389156974,False
1508.5999999997234,30.00000000755347,30.00000000755347,-7.55347073777557e-09,-1.513439684686091e-08,13.74828840412474,13.748288388990343,False
1509.099999999723,30.000000007484783,30.000000007484783,-7.48478257150964e-09,-1.4997048936038482e-08,13.748288403823702,13.748288388826653,False
1509.5999999997225,30.00000000741602,30.00000000741602,-7.416019798256457e-09,-1.4859558916668902e-08,13.74828840352541,13.74828838866585,False
1510.099999999722,30.00000000734719,30.00000000734719,-7.347189523443376e-09,-1.4721919683324813e-08,13.74828840322987,13.74828838850795,False
1510.5999999997216,30.0000000072783,30.0000000072783,-7.2782988524977554e-09,-1.4584159657715645e-08,13.748288402937083,13.748288388352924,False
1511.0999999997211,30.000000007209362,30.000000007209362,-7.2093619962743105e-09,-1.4446307261550828e-08,13.748288402647054,13.748288388200747,False
1511.5999999997207,30.000000007140386,30.000000007140386,-7.140386060200399e-09,-1.430836960025772e-08,13.748288402359782,13.748288388051412,False
1512.0999999997202,30.00000000707138,30.00000000707138,-7.071381702417057e-09,-1.4170367990118393e-08,13.748288402075271,13.748288387904903,False
1512.5999999997198,30.000000007002356,30.000000007002356,-7.002356028351642e-09,-1.4032323747414921e-08,13.74828840179352,13.748288387761196,False
1513.0999999997193,30.000000006933327,30.000000006933327,-6.933326801572548e-09,-1.3894265293856733e-08,13.74828840151453,13.748288387620265,False
1513.5999999997189,30.000000006864298,30.000000006864298,-6.864297574793454e-09,-1.3756206840298546e-08,13.748288401238304,13.748288387482097,False
1514.0999999997184,30.000000006795272,30.000000006795272,-6.795271900728039e-09,-1.3618148386740359e-08,13.748288400964837,13.748288387346689,False
1514.599999999718,30.000000006726268,30.000000006726268,-6.726267542944697e-09,-1.3480132565746317e-08,13.748288400694127,13.748288387213995,False
1515.0999999997175,30.00000000665729,30.00000000665729,-6.6572916068707855e-09,-1.3342166482743778e-08,13.748288400426182,13.748288387084015,False
1515.599999999717,30.00000000658835,30.00000000658835,-6.588351197933662e-09,-1.3204271454014815e-08,13.748288400160993,13.748288386956721,False
1516.0999999997166,30.000000006519457,30.000000006519457,-6.5194569742743624e-09,-1.3066461690414144e-08,13.748288399898561,13.7482883868321,False
1516.5999999997161,30.000000006450616,30.000000006450616,-6.450616041320245e-09,-1.2928758508223837e-08,13.748288399638884,13.748288386710126,False
1517.0999999997157,30.00000000638184,30.00000000638184,-6.381839057212346e-09,-1.2791176118298608e-08,13.748288399381961,13.748288386590785,False
1517.5999999997152,30.00000000631313,30.00000000631313,-6.3131295746643445e-09,-1.2653728731493175e-08,13.748288399127787,13.748288386474059,False
1518.0999999997148,30.00000000624451,30.00000000624451,-6.244508909958313e-09,-1.2516451874944323e-08,13.748288398876362,13.74828838635991,False
1518.5999999997143,30.000000006175977,30.000000006175977,-6.175977063094251e-09,-1.2379352654079412e-08,13.748288398627679,13.748288386248326,False
1519.0999999997139,30.000000006107534,30.000000006107534,-6.1075340340721596e-09,-1.224243106889844e-08,13.748288398381735,13.748288386139304,False
1519.5999999997134,30.000000006039194,30.000000006039194,-6.039194033746753e-09,-1.2105708435683482e-08,13.748288398138525,13.748288386032817,False
1520.099999999713,30.000000005970964,30.000000005970964,-5.9709641675453895e-09,-1.1969198965289252e-08,13.748288397898053,13.748288385928854,False
1520.5999999997125,30.000000005902855,30.000000005902855,-5.902855093609105e-09,-1.183293107942518e-08,13.748288397660302,13.74828838582737,False
1521.099999999712,30.00000000583487,30.00000000583487,-5.834870364651579e-09,-1.1696911883518624e-08,13.748288397425277,13.748288385728365,False
1521.5999999997116,30.00000000576702,30.00000000576702,-5.767020638813847e-09,-1.1561155588424299e-08,13.748288397192967,13.748288385631811,False
1522.0999999997111,30.000000005699313,30.000000005699313,-5.699313021523267e-09,-1.1425683510424278e-08,13.74828839696337,13.748288385537686,False
1522.5999999997107,30.000000005631755,30.000000005631755,-5.6317546182071965e-09,-1.1290509860373277e-08,13.748288396736477,13.748288385445967,False
1523.0999999997102,30.000000005564353,30.000000005564353,-5.564352534292993e-09,-1.1155641743698652e-08,13.748288396512285,13.748288385356643,False
1523.5999999997098,30.000000005497117,30.000000005497117,-5.497117427921694e-09,-1.1021100476682477e-08,13.748288396290787,13.748288385269687,False
1524.0999999997093,30.000000005430042,30.000000005430042,-5.4300421936659404e-09,-1.0886886059324752e-08,13.748288396071976,13.74828838518509,False
1524.5999999997089,30.000000005363145,30.000000005363145,-5.363144595094127e-09,-1.0753019807907549e-08,13.748288395855846,13.748288385102827,False
1525.0999999997084,30.000000005296435,30.000000005296435,-5.29643529034729e-09,-1.0619523038712941e-08,13.748288395642387,13.748288385022864,False
1525.599999999708,30.000000005229914,30.000000005229914,-5.229914279425429e-09,-1.0486402857168287e-08,13.748288395431596,13.748288384945193,False
1526.0999999997075,30.000000005163592,30.000000005163592,-5.163592220469582e-09,-1.0353680579555657e-08,13.748288395223463,13.748288384869783,False
1526.599999999707,30.00000000509747,30.00000000509747,-5.097469113479747e-09,-1.0221356205875054e-08,13.748288395017976,13.74828838479662,False
1527.0999999997066,30.000000005031556,30.000000005031556,-5.031555616596961e-09,-1.0089443946981191e-08,13.748288394815132,13.748288384725688,False
1527.5999999997061,30.000000004965855,30.000000004965855,-4.965855282534903e-09,-9.957958013728785e-09,13.748288394614923,13.748288384656965,False
1528.0999999997057,30.000000004900375,30.000000004900375,-4.900375216720931e-09,-9.826905511545192e-09,13.748288394417335,13.74828838459043,False
1528.5999999997052,30.000000004835123,30.000000004835123,-4.8351225245824025e-09,-9.696307756712486e-09,13.748288394222362,13.748288384526054,False
1529.0999999997048,30.0000000047701,30.0000000047701,-4.770100758832996e-09,-9.566171854658023e-09,13.748288394029998,13.748288384463827,False
1529.5999999997043,30.00000000470532,30.00000000470532,-4.7053205776137474e-09,-9.43651201623652e-09,13.748288393840232,13.74828838440372,False
1530.0999999997039,30.000000004640782,30.000000004640782,-4.6407819809246575e-09,-9.307342452302692e-09,13.748288393653054,13.748288384345711,False
1530.5999999997034,30.000000004576492,30.000000004576492,-4.576492074193084e-09,-9.178663162856537e-09,13.748288393468455,13.748288384289792,False
1531.099999999703,30.000000004512454,30.000000004512454,-4.512454410132705e-09,-9.050481253325415e-09,13.748288393286419,13.748288384235938,False
1531.5999999997025,30.000000004448683,30.000000004448683,-4.448683199598236e-09,-8.922832250846113e-09,13.748288393106941,13.748288384184109,False
1532.099999999702,30.00000000438518,30.00000000438518,-4.385178442589677e-09,-8.795716155418631e-09,13.74828839293001,13.748288384134295,False
1532.5999999997016,30.00000000432194,30.00000000432194,-4.321940139107028e-09,-8.66913296704297e-09,13.748288392755617,13.748288384086484,False
1533.0999999997011,30.00000000425897,30.00000000425897,-4.258968289150289e-09,-8.543082685719128e-09,13.74828839258375,13.748288384040666,False
1533.5999999997007,30.00000000419628,30.00000000419628,-4.196280656287854e-09,-8.417593733156536e-09,13.748288392414395,13.748288383996801,False
1534.0999999997002,30.000000004133874,30.000000004133874,-4.1338736878060445e-09,-8.292666109355196e-09,13.748288392247545,13.748288383954879,False
1534.5999999996998,30.000000004071754,30.000000004071754,-4.071754489132218e-09,-8.168306919742463e-09,13.748288392083184,13.748288383914877,False
1535.0999999996993,30.000000004009927,30.000000004009927,-4.009926612980053e-09,-8.044537480600411e-09,13.748288391921303,13.748288383876766,False
1535.5999999996989,30.000000003948397,30.000000003948397,-3.948397164776907e-09,-7.92135779192904e-09,13.748288391761891,13.748288383840533,False
1536.0999999996984,30.00000000388717,30.00000000388717,-3.887169697236459e-09,-7.798782064583065e-09,13.748288391604936,13.748288383806154,False
1536.599999999698,30.000000003826244,30.000000003826244,-3.826244210358709e-09,-7.676810298562486e-09,13.748288391450425,13.748288383773614,False
1537.0999999996975,30.00000000376563,30.00000000376563,-3.765631362284694e-09,-7.555456704722019e-09,13.748288391298345,13.748288383742889,False
1537.599999999697,30.00000000370533,30.00000000370533,-3.705331153014413e-09,-7.43472838848902e-09,13.748288391148686,13.748288383713957,False
1538.0999999996966,30.00000000364535,30.00000000364535,-3.645350687975224e-09,-7.314639560718206e-09,13.748288391001434,13.748288383686795,False
1538.5999999996961,30.00000000358569,30.00000000358569,-3.585689967167127e-09,-7.195190221409575e-09,13.748288390856574,13.748288383661384,False
1539.0999999996957,30.000000003526353,30.000000003526353,-3.5263525433038012e-09,-7.0763874759904866e-09,13.748288390714096,13.748288383637709,False
1539.5999999996952,30.000000003467346,30.000000003467346,-3.4673455218126037e-09,-6.958238429888297e-09,13.748288390573988,13.74828838361575,False
1540.0999999996948,30.00000000340867,30.00000000340867,-3.4086689026935346e-09,-6.840757293957722e-09,13.748288390436233,13.748288383595476,False
1540.5999999996943,30.00000000335033,30.00000000335033,-3.3503297913739516e-09,-6.723944068198762e-09,13.74828839030082,13.748288383576876,False
1541.0999999996939,30.00000000329233,30.00000000329233,-3.2923317405675334e-09,-6.607805858038773e-09,13.748288390167737,13.748288383559931,False
1541.5999999996934,30.00000000323467,30.00000000323467,-3.2346711975606013e-09,-6.492349768905115e-09,13.748288390036967,13.748288383544617,False
1542.099999999693,30.00000000317736,30.00000000317736,-3.1773588204941916e-09,-6.377590011652501e-09,13.748288389908495,13.748288383530905,False
1542.5999999996925,30.00000000312039,30.00000000312039,-3.1203910566546256e-09,-6.263512375426217e-09,13.748288389782315,13.748288383518803,False
1543.099999999692,30.00000000306378,30.00000000306378,-3.0637785641829396e-09,-6.150145281935693e-09,13.748288389658407,13.748288383508262,False
1543.5999999996916,30.00000000300752,30.00000000300752,-3.0075213430791337e-09,-6.037488731180929e-09,13.748288389536759,13.74828838349927,False
1544.0999999996911,30.00000000295162,30.00000000295162,-2.9516193933432078e-09,-5.925542723161925e-09,13.748288389417354,13.748288383491811,False
1544.5999999996907,30.000000002896073,30.000000002896073,-2.896072714975162e-09,-5.814307257878681e-09,13.748288389300177,13.74828838348587,False
1545.0999999996902,30.000000002840892,30.000000002840892,-2.8408919661160326e-09,-5.703796546185913e-09,13.748288389185216,13.74828838348142,False
1545.5999999996898,30.000000002786074,30.000000002786074,-2.786073594052141e-09,-5.5940176935109776e-09,13.748288389072458,13.74828838347844,False
1546.0999999996893,30.000000002731625,30.000000002731625,-2.7316247042108444e-09,-5.484970699853875e-09,13.748288388961887,13.748288383476917,False
1546.5999999996889,30.000000002677545,30.000000002677545,-2.677545296592143e-09,-5.376662670641963e-09,13.748288388853487,13.748288383476824,False
1547.0999999996884,30.000000002623835,30.000000002623835,-2.623835371196037e-09,-5.269093605875241e-09,13.748288388747246,13.748288383478153,False
1547.599999999688,30.000000002570502,30.000000002570502,-2.570502033449884e-09,-5.1622777164084255e-09,13.748288388643147,13.748288383480869,False
1548.0999999996875,30.00000000251754,30.00000000251754,-2.517541730640005e-09,-5.056207896814158e-09,13.748288388541175,13.748288383484967,False
1548.599999999687,30.00000000246496,30.00000000246496,-2.4649615681937576e-09,-4.950891252519796e-09,13.748288388441313,13.748288383490422,False
1549.0999999996866,30.00000000241276,30.00000000241276,-2.412761546111142e-09,-4.8463419943800545e-09,13.748288388343552,13.74828838349721,False
1549.5999999996861,30.000000002360945,30.000000002360945,-2.3609452171058365e-09,-4.742553016967577e-09,13.74828838824787,13.748288383505317,False
1550.0999999996857,30.000000002309513,30.000000002309513,-2.3095125811778416e-09,-4.639538531137077e-09,13.748288388154256,13.748288383514717,False
1550.5999999996852,30.000000002258467,30.000000002258467,-2.258467191040836e-09,-4.537291431461199e-09,13.748288388062692,13.7482883835254,False
1551.0999999996848,30.000000002207805,30.000000002207805,-2.207805493981141e-09,-4.4358117179399414e-09,13.748288387973163,13.748288383537352,False
1551.5999999996843,30.000000002157535,30.000000002157535,-2.157534595426114e-09,-4.33511360142802e-09,13.748288387885657,13.748288383550543,False
1552.0999999996839,30.000000002107654,30.000000002107654,-2.1076544953757548e-09,-4.235197081925435e-09,13.748288387800153,13.748288383564956,False
1552.5999999996834,30.000000002058165,30.000000002058165,-2.058165193830064e-09,-4.1360621594321856e-09,13.74828838771664,13.748288383580578,False
1553.099999999683,30.00000000200907,30.00000000200907,-2.0090702435027197e-09,-4.03771593937563e-09,13.748288387635098,13.748288383597382,False
1553.5999999996825,30.000000001960366,30.000000001960366,-1.9603660916800436e-09,-3.940151316328411e-09,13.748288387555515,13.748288383615364,False
1554.099999999682,30.000000001912063,30.000000001912063,-1.912063396503072e-09,-3.843382501145243e-09,13.748288387477878,13.748288383634495,False
1554.5999999996816,30.00000000186415,30.00000000186415,-1.8641514998307684e-09,-3.747402388398768e-09,13.748288387402162,13.74828838365476,False
1555.0999999996811,30.000000001816638,30.000000001816638,-1.8166375070904905e-09,-3.6522180835163454e-09,13.74828838732836,13.748288383676142,False
1555.5999999996807,30.000000001769525,30.000000001769525,-1.769524970995917e-09,-3.5578295864979737e-09,13.748288387256451,13.748288383698622,False
1556.0999999996802,30.00000000172281,30.00000000172281,-1.7228103388333693e-09,-3.464244002771011e-09,13.74828838718642,13.748288383722176,False
1556.5999999996798,30.000000001676497,30.000000001676497,-1.676497163316526e-09,-3.3714542269080994e-09,13.748288387118249,13.748288383746795,False
1557.0999999996793,30.000000001630585,30.000000001630585,-1.6305854444453871e-09,-3.279467364336597e-09,13.748288387051923,13.748288383772456,False
1557.5999999996789,30.00000000158508,30.00000000158508,-1.5850787349336315e-09,-3.1882976259112183e-09,13.74828838698743,13.748288383799132,False
1558.0999999996784,30.000000001539973,30.000000001539973,-1.5399734820675803e-09,-3.097923695349891e-09,13.748288386924749,13.748288383826825,False
1558.599999999678,30.000000001495273,30.000000001495273,-1.4952732385609124e-09,-3.0083597835073306e-09,13.748288386863868,13.748288383855508,False
1559.0999999996775,30.000000001450974,30.000000001450974,-1.450974451699949e-09,-2.9196058903835365e-09,13.748288386804767,13.74828838388516,False
1559.599999999677,30.000000001407084,30.000000001407084,-1.4070842269120476e-09,-2.831662015978509e-09,13.748288386747431,13.748288383915769,False
1560.0999999996766,30.000000001363595,30.000000001363595,-1.3635954587698507e-09,-2.74452105486489e-09,13.748288386691845,13.748288383947324,False
1560.5999999996761,30.000000001320515,30.000000001320515,-1.3205152527007158e-09,-2.6581972178973956e-09,13.748288386637991,13.748288383979794,False
1561.0999999996757,30.00000000127784,30.00000000127784,-1.2778400559909642e-09,-2.5726833996486675e-09,13.748288386585855,13.748288384013172,False
1561.5999999996752,30.00000000123557,30.00000000123557,-1.2355698686405958e-09,-2.487979600118706e-09,13.74828838653542,13.74828838404744,False
1562.0999999996748,30.000000001193705,30.000000001193705,-1.1937046906496107e-09,-2.4040929247348686e-09,13.748288386486667,13.748288384082574,False
1562.5999999996743,30.000000001152248,30.000000001152248,-1.1522480747316877e-09,-2.3210162680697977e-09,13.748288386439585,13.748288384118569,False
1563.0999999996739,30.0000000011112,30.0000000011112,-1.1112000208868267e-09,-2.238756735550851e-09,13.748288386394156,13.7482883841554,False
1563.5999999996734,30.000000001070557,30.000000001070557,-1.070556976401349e-09,-2.1573072217506706e-09,13.74828838635036,13.748288384193053,False
1564.099999999673,30.00000000103032,30.00000000103032,-1.0303189412752545e-09,-2.076667726669257e-09,13.748288386308182,13.748288384231515,False
1564.5999999996725,30.00000000099049,30.00000000099049,-9.90489468222222e-10,-1.996845355733967e-09,13.748288386267607,13.748288384270761,False
1565.099999999672,30.000000000951065,30.000000000951065,-9.51065004528573e-10,-1.917833003517444e-09,13.74828838622862,13.748288384310786,False
1565.5999999996716,30.000000000912046,30.000000000912046,-9.12045550194307e-10,-1.8396306700196874e-09,13.748288386191202,13.748288384351572,False
1566.0999999996711,30.00000000087343,30.00000000087343,-8.734311052194244e-10,-1.7622454606680549e-09,13.748288386155341,13.748288384393096,False
1566.5999999996707,30.000000000835225,30.000000000835225,-8.352252223176038e-10,-1.6856702700351889e-09,13.748288386121018,13.748288384435348,False
1567.0999999996702,30.000000000797424,30.000000000797424,-7.974243487751664e-10,-1.6099050981210894e-09,13.748288386088216,13.748288384478311,False
1567.5999999996698,30.00000000076003,30.00000000076003,-7.600284845921124e-10,-1.5349499449257564e-09,13.748288386056918,13.748288384521969,False
1568.0999999996693,30.000000000723038,30.000000000723038,-7.230376297684415e-10,-1.46080481044919e-09,13.74828838602711,13.748288384566305,False
1568.5999999996689,30.00000000068645,30.00000000068645,-6.864482315904752e-10,-1.38746969469139e-09,13.748288385998775,13.748288384611305,False
1569.0999999996684,30.000000000650264,30.000000000650264,-6.502638427718921e-10,-1.314937492224999e-09,13.748288385971897,13.74828838465696,False
1569.599999999668,30.000000000614484,30.000000000614484,-6.144844633126922e-10,-1.2432153084773745e-09,13.74828838594646,13.748288384703244,False
1570.0999999996675,30.000000000579103,30.000000000579103,-5.791029877855181e-10,-1.1722960380211589e-09,13.74828838592245,13.748288384750154,False
1570.599999999667,30.000000000544123,30.000000000544123,-5.441229689040483e-10,-1.1021725754289946e-09,13.748288385899844,13.748288384797672,False
1571.0999999996666,30.00000000050954,30.00000000050954,-5.095408539546042e-10,-1.0328520261282392e-09,13.748288385878634,13.748288384845782,False
1571.5999999996661,30.00000000047536,30.00000000047536,-4.753601956508646e-10,-9.643272846915352e-10,13.7482883858588,13.748288384894472,False
1572.0999999996657,30.000000000441577,30.000000000441577,-4.4157744127915066e-10,-8.9660545654624e-10,13.748288385840326,13.74828838494372,False
1572.5999999996652,30.000000000408196,30.000000000408196,-4.0819614355314116e-10,-8.296794362649962e-10,13.748288385823196,13.748288384993517,False
1573.0999999996648,30.000000000375213,30.000000000375213,-3.752127497591573e-10,-7.635563292751613e-10,13.748288385807399,13.748288385043843,False
1573.5999999996643,30.000000000342627,30.000000000342627,-3.426272598971991e-10,-6.982290301493776e-10,13.748288385792915,13.748288385094686,False
1574.0999999996639,30.000000000310436,30.000000000310436,-3.1043612125358777e-10,-6.336833280329301e-10,13.748288385779725,13.748288385146042,False
1574.5999999996634,30.00000000027864,30.00000000027864,-2.786393338283233e-10,-5.69933433780534e-10,13.748288385767816,13.748288385197883,False
1575.099999999663,30.000000000247237,30.000000000247237,-2.4723689762140566e-10,-5.069722419648315e-10,13.748288385757176,13.748288385250204,False
1575.5999999996625,30.000000000216225,30.000000000216225,-2.162252599191561e-10,-4.447926471584651e-10,13.748288385747784,13.748288385302992,False
1576.099999999662,30.000000000185608,30.000000000185608,-1.8560797343525337e-10,-3.8340175478879246e-10,13.748288385739627,13.748288385356226,False
1576.5999999996616,30.00000000015538,30.00000000015538,-1.553814854560187e-10,-3.227924594284559e-10,13.748288385732687,13.748288385409895,False
1577.0999999996611,30.000000000125542,30.000000000125542,-1.255422432677733e-10,-2.629576556500979e-10,13.748288385726946,13.748288385463988,False
1577.5999999996607,30.00000000009609,30.00000000009609,-9.609024687051715e-11,-2.0389734345371835e-10,13.748288385722397,13.7482883855185,False
1578.0999999996602,30.000000000067022,30.000000000067022,-6.702194355057145e-11,-1.4561152283931733e-10,13.748288385719018,13.748288385573407,False
1578.5999999996598,30.00000000003834,30.00000000003834,-3.8340886021615006e-11,-8.809308837953722e-11,13.748288385716796,13.748288385628703,False
1579.0999999996593,30.000000000010044,30.000000000010044,-1.0043521569969016e-11,-3.134204007437802e-11,13.748288385715716,13.748288385684374,False
1579.5999999996588,29.99999999998213,29.99999999998213,1.787014980436652e-11,2.4634516648802673e-11,13.748288385715762,13.748288385740397,False
1580.0999999996584,29.999999999954596,29.999999999954596,4.54036808150704e-11,7.985789807207766e-11,13.748288385716917,13.748288385796775,False
1580.599999999658,29.999999999927443,29.999999999927443,7.255707146214263e-11,1.3431389334073174e-10,13.748288385719167,13.748288385853481,False
1581.0999999996575,29.999999999900666,29.999999999900666,9.9333874459262e-11,1.880167133094801e-10,13.7482883857225,13.748288385910516,False
1581.599999999657,29.999999999874266,29.999999999874266,1.2573408980642853e-10,2.409663579783228e-10,13.748288385726896,13.748288385967863,False
1582.0999999996566,29.99999999984824,29.99999999984824,1.51761270217321e-10,2.9316993277461734e-10,13.748288385732343,13.748288386025513,False
1582.5999999996561,29.999999999822588,29.999999999822588,1.7741186297826061e-10,3.446203322710062e-10,13.748288385738823,13.748288386083443,False
1583.0999999996557,29.999999999797307,29.999999999797307,2.0269297351660498e-10,3.9533176732220454e-10,13.748288385746323,13.748288386141654,False
1583.5999999996552,29.9999999997724,29.9999999997724,2.276010491186753e-10,4.452971325008548e-10,13.74828838575483,13.748288386200127,False
1584.0999999996548,29.999999999747857,29.999999999747857,2.5214319521182915e-10,4.945306386616721e-10,13.74828838576433,13.74828838625886,False
1584.5999999996543,29.99999999972368,29.99999999972368,2.7631941179606656e-10,5.43025180377299e-10,13.7482883857748,13.748288386317824,False
1585.0999999996538,29.999999999699874,29.999999999699874,3.001261461577087e-10,5.907878630750929e-10,13.748288385786234,13.748288386377022,False
1585.5999999996534,29.999999999676426,29.999999999676426,3.23574056437792e-10,6.378257921824115e-10,13.748288385798617,13.748288386436442,False
1586.099999999653,29.999999999653337,29.999999999653337,3.466631426363165e-10,6.841531785539701e-10,13.74828838581193,13.748288386496084,False
1586.5999999996525,29.999999999630617,29.999999999630617,3.693827466122457e-10,7.297344950529805e-10,13.748288385826163,13.748288386555897,False
1587.099999999652,29.999999999608253,29.999999999608253,3.9174707922029484e-10,7.746052688162308e-10,13.748288385841297,13.748288386615902,False
1587.5999999996516,29.999999999586244,29.999999999586244,4.1375614046046394e-10,8.18765499843721e-10,13.748288385857318,13.748288386676084,False
1588.0999999996511,29.99999999956459,29.99999999956459,4.35409930332753e-10,8.622151881354512e-10,13.748288385874217,13.748288386736432,False
1588.5999999996507,29.99999999954329,29.99999999954329,4.56708448837162e-10,9.049543336914212e-10,13.748288385891975,13.74828838679693,False
1589.0999999996502,29.99999999952233,29.99999999952233,4.77669459542085e-10,9.470113582210615e-10,13.74828838591058,13.748288386857592,False
1589.5999999996498,29.999999999501725,29.999999999501725,4.982751988791279e-10,9.883649454422994e-10,13.74828838593002,13.748288386918384,False
1590.0999999996493,29.999999999481464,29.999999999481464,5.185363249893271e-10,1.0290222007824923e-09,13.748288385950273,13.748288386979295,False
1590.5999999996488,29.99999999946155,29.99999999946155,5.384492851590039e-10,1.068990229668998e-09,13.748288385971337,13.748288387040327,False
1591.0999999996484,29.999999999441975,29.999999999441975,5.580247375291947e-10,1.1082761375291739e-09,13.748288385993188,13.748288387101464,False
1591.599999999648,29.999999999422744,29.999999999422744,5.772555766725418e-10,1.1468728189356625e-09,13.748288386015817,13.74828838716269,False
1592.0999999996475,29.99999999940385,29.99999999940385,5.961489080164029e-10,1.184794484743179e-09,13.74828838603921,13.748288387224004,False
1592.599999999647,29.999999999385295,29.999999999385295,6.147047315607779e-10,1.2220411349517235e-09,13.748288386063358,13.748288387285399,False
1593.0999999996466,29.999999999367073,29.999999999367073,6.329266000193456e-10,1.2586198749886535e-09,13.74828838608824,13.748288387346859,False
1593.5999999996461,29.999999999349182,29.999999999349182,6.50818066105785e-10,1.294530704853969e-09,13.748288386113844,13.748288387408374,False
1594.0999999996457,29.999999999331624,29.999999999331624,6.68375577106417e-10,1.3297807299750275e-09,13.748288386140157,13.748288387469938,False
1594.5999999996452,29.999999999314394,29.999999999314394,6.856062384485995e-10,1.3643699503518292e-09,13.74828838616717,13.74828838753154,False
1595.0999999996448,29.99999999929749,29.99999999929749,7.025100501323323e-10,1.3983125768390892e-09,13.748288386194863,13.748288387593176,False
1595.5999999996443,29.99999999928091,29.99999999928091,7.190905648712942e-10,1.4316015040094499e-09,13.74828838622323,13.748288387654831,False
1596.0999999996438,29.99999999926465,29.99999999926465,7.353513353791641e-10,1.4642509427176265e-09,13.748288386252257,13.748288387716508,False
1596.5999999996434,29.99999999924871,29.99999999924871,7.512888089422631e-10,1.4962537875362614e-09,13.748288386281928,13.748288387778182,False
1597.099999999643,29.99999999923309,29.99999999923309,7.669100909879489e-10,1.5276242493200698e-09,13.748288386312225,13.74828838783985,False
1597.5999999996425,29.99999999921778,29.99999999921778,7.822187342299003e-10,1.5583623280690517e-09,13.748288386343148,13.74828838790151,False
1598.099999999642,29.999999999202785,29.999999999202785,7.972147386681172e-10,1.5884822346379224e-09,13.748288386374675,13.748288387963157,False
1598.5999999996416,29.9999999991881,29.9999999991881,8.119016570162785e-10,1.6179768635993241e-09,13.748288386406799,13.748288388024775,False
1599.099999999641,29.999999999173724,29.999999999173724,8.262759365607053e-10,1.6468533203806146e-09,13.748288386439507,13.74828838808636,False
1599.5999999996407,29.99999999915966,29.99999999915966,8.403411300150765e-10,1.6751044995544362e-09,13.748288386472781,13.748288388147886,False
1600.0999999996402,29.999999999145896,29.999999999145896,8.541043428067496e-10,1.7027517174028617e-09,13.748288386506617,13.74828838820937,False
1600.5999999996397,29.999999999132434,29.999999999132434,8.675655749357247e-10,1.729794973925891e-09,13.748288386540999,13.748288388270794,False
1601.0999999996393,29.99999999911927,29.99999999911927,8.807283791156806e-10,1.756241374550882e-09,13.748288386575911,13.748288388332153,False
1601.5999999996388,29.999999999106404,29.999999999106404,8.93596308060296e-10,1.7820909192778345e-09,13.748288386611348,13.748288388393439,False
1602.0999999996384,29.999999999093834,29.999999999093834,9.061658090558922e-10,1.807350713534106e-09,13.748288386647296,13.748288388454647,False
1602.599999999638,29.999999999081556,29.999999999081556,9.184439875298267e-10,1.8320207573196967e-09,13.74828838668374,13.74828838851576,False
1603.0999999996375,29.99999999906957,29.99999999906957,9.304308434820996e-10,1.8561152614893217e-09,13.748288386720667,13.748288388576782,False
1603.599999999637,29.99999999905787,29.99999999905787,9.421299296263896e-10,1.8796271206156234e-09,13.748288386758073,13.7482883886377,False
1604.0999999996366,29.99999999904646,29.99999999904646,9.535412459626968e-10,1.9025634401259595e-09,13.748288386795942,13.748288388698505,False
1604.599999999636,29.999999999035328,29.999999999035328,9.646718979183788e-10,1.924938430875045e-09,13.748288386834263,13.748288388759201,False
1605.0999999996357,29.999999999024478,29.999999999024478,9.755218854934355e-10,1.94675209286288e-09,13.748288386873027,13.748288388819779,False
1605.5999999996352,29.99999999901391,29.99999999901391,9.86091208687867e-10,1.967997320662107e-09,13.748288386912217,13.748288388880214,False
1606.0999999996347,29.999999999003617,29.999999999003617,9.96383420215352e-10,1.988695430554799e-09,13.748288386951824,13.74828838894052,False
1606.5999999996343,29.999999998993598,29.999999998993598,1.0064020727895695e-09,2.0088393171135976e-09,13.748288386991842,13.748288389000681,False
1607.0999999996338,29.999999998983846,29.999999998983846,1.0161542718378769e-09,2.0284502966205764e-09,13.748288387032256,13.748288389060706,False
1607.5999999996334,29.99999999897436,29.99999999897436,1.0256400173602742e-09,2.047528369075735e-09,13.748288387073053,13.748288389120582,False
1608.099999999633,29.99999999896514,29.99999999896514,1.0348593093567615e-09,2.0660735344790737e-09,13.74828838711423,13.748288389180303,False
1608.5999999996325,29.999999998956188,29.999999998956188,1.0438121478273388e-09,2.0840857928305923e-09,13.748288387155766,13.748288389239852,False
1609.099999999632,29.9999999989475,29.9999999989475,1.052498532772006e-09,2.1015651441302907e-09,13.74828838719766,13.748288389299224,False
1609.5999999996316,29.99999999893908,29.99999999893908,1.0609184641907632e-09,2.118511588378169e-09,13.748288387239894,13.748288389358406,False
1610.099999999631,29.99999999893091,29.99999999893091,1.0690897056520043e-09,2.134953547283658e-09,13.748288387282463,13.748288389417416,False
1610.5999999996307,29.999999998923,29.999999998923,1.077001599014693e-09,2.1508768099920417e-09,13.748288387325355,13.748288389476231,False
1611.0999999996302,29.99999999891534,29.99999999891534,1.084661249706187e-09,2.166295587358036e-09,13.748288387368557,13.748288389534853,False
1611.5999999996297,29.999999998907928,29.999999998907928,1.0920722104401648e-09,2.181216984808998e-09,13.748288387412062,13.748288389593279,False
1612.0999999996293,29.999999998900766,29.999999998900766,1.0992344812166266e-09,2.195641002344928e-09,13.748288387455863,13.748288389651504,False
1612.5999999996288,29.99999999889385,29.99999999889385,1.1061516147492512e-09,2.2095747453931835e-09,13.748288387499946,13.74828838970952,False
1613.0999999996284,29.999999998887176,29.999999998887176,1.1128236110380385e-09,2.2230182139537646e-09,13.7482883875443,13.748288389767318,False
1613.599999999628,29.999999998880742,29.999999998880742,1.1192575755103462e-09,2.235978513454029e-09,13.748288387588916,13.748288389824895,False
1614.0999999996275,29.99999999887455,29.99999999887455,1.1254499554524955e-09,2.248462749321334e-09,13.748288387633787,13.74828838988225,False
1614.599999999627,29.999999998868592,29.999999998868592,1.131407856291844e-09,2.2604709215556795e-09,13.748288387678901,13.748288389939372,False
1615.0999999996266,29.999999998862865,29.999999998862865,1.1371348307420703e-09,2.272017241011781e-09,13.748288387724251,13.748288389996269,False
1615.599999999626,29.999999998857373,29.999999998857373,1.142627326089496e-09,2.283094602262281e-09,13.748288387769826,13.74828839005292,False
1616.0999999996257,29.999999998852108,29.999999998852108,1.1478924477614783e-09,2.2937172161618946e-09,13.748288387815615,13.748288390109332,False
1616.5999999996252,29.999999998847066,29.999999998847066,1.1529337484716962e-09,2.3038850827106216e-09,13.748288387861612,13.748288390165497,False
1617.0999999996247,29.99999999884225,29.99999999884225,1.1577512282201496e-09,2.3136124127631774e-09,13.748288387907808,13.74828839022142,False
1617.5999999996243,29.99999999883765,29.99999999883765,1.1623484397205175e-09,2.3228921008922043e-09,13.74828838795419,13.748288390277082,False
1618.0999999996238,29.999999998833278,29.999999998833278,1.166721830259121e-09,2.33173125252506e-09,13.748288388000756,13.748288390332487,False
1618.5999999996234,29.99999999882912,29.99999999882912,1.1708785052633175e-09,2.3401298676617444e-09,13.748288388047493,13.748288390387623,False
1619.099999999623,29.999999998825178,29.999999998825178,1.174822017446786e-09,2.3481021571569727e-09,13.748288388094393,13.748288390442495,False
1619.5999999996225,29.999999998821448,29.999999998821448,1.1785523668095266e-09,2.355648121010745e-09,13.748288388141447,13.748288390497095,False
1620.099999999622,29.999999998817923,29.999999998817923,1.1820766587788967e-09,2.3627748646504187e-09,13.748288388188646,13.748288390551421,False
1620.5999999996216,29.99999999881461,29.99999999881461,1.1853913406412175e-09,2.3694894935033517e-09,13.74828838823598,13.74828839060547,False
1621.099999999621,29.9999999988115,29.9999999988115,1.188499965110168e-09,2.3757920075695438e-09,13.748288388283447,13.748288390659239,False
1621.5999999996206,29.999999998808594,29.999999998808594,1.1914060848994268e-09,2.381682406848995e-09,13.748288388331037,13.74828839071272,False
1622.0999999996202,29.999999998805887,29.999999998805887,1.1941132527226728e-09,2.3871749021964206e-09,13.74828838837874,13.748288390765914,False
1622.5999999996197,29.99999999880338,29.99999999880338,1.196621468579906e-09,2.3922694936118205e-09,13.748288388426545,13.748288390818814,False
1623.0999999996193,29.999999998801066,29.999999998801066,1.198934285184805e-09,2.3969732865225524e-09,13.748288388474448,13.748288390871421,False
1623.5999999996188,29.999999998798945,29.999999998798945,1.201055255251049e-09,2.4012933863559738e-09,13.748288388522438,13.748288390923731,False
1624.0999999996184,29.999999998797016,29.999999998797016,1.2029843787786376e-09,2.4052297931120847e-09,13.748288388570511,13.748288390975741,False
1624.599999999618,29.999999998795275,29.999999998795275,1.2047252084812499e-09,2.4087825067908852e-09,13.74828838861866,13.748288391027442,False
1625.0999999996175,29.99999999879372,29.99999999879372,1.2062812970725645e-09,2.411972843674448e-09,13.748288388666875,13.748288391078848,False
1625.599999999617,29.99999999879235,29.99999999879235,1.2076490918389027e-09,2.4147794874807005e-09,13.748288388715146,13.748288391129925,False
1626.0999999996166,29.99999999879116,29.99999999879116,1.2088392509213008e-09,2.417230859919073e-09,13.748288388763472,13.748288391180703,False
1626.599999999616,29.99999999879015,29.99999999879015,1.209851774319759e-09,2.419326960989565e-09,13.748288388811842,13.748288391231169,False
1627.0999999996156,29.999999998789313,29.999999998789313,1.2106866620342771e-09,2.4210677906921774e-09,13.74828838886025,13.748288391281317,False
1627.5999999996152,29.999999998788656,29.999999998788656,1.2113439140648552e-09,2.4224533490269096e-09,13.748288388908689,13.748288391331142,False
1628.0999999996147,29.999999998788173,29.999999998788173,1.211827083125172e-09,2.4234836359937617e-09,13.74828838895715,13.748288391380633,False
1628.5999999996143,29.999999998787853,29.999999998787853,1.2121468273562641e-09,2.424194178729522e-09,13.748288389005626,13.74828839142982,False
1629.0999999996138,29.999999998787708,29.999999998787708,1.212292488617095e-09,2.424549450097402e-09,13.748288389054114,13.748288391478663,False
1629.5999999996134,29.999999998787725,29.999999998787725,1.212274725048701e-09,2.42458497723419e-09,13.748288389102601,13.748288391527186,False
1630.099999999613,29.999999998787906,29.999999998787906,1.2120935366510821e-09,2.4242865492851706e-09,13.748288389151089,13.748288391575375,False
1630.5999999996125,29.999999998788248,29.999999998788248,1.2117524761379173e-09,2.4236683771050593e-09,13.748288389199567,13.748288391623236,False
1631.099999999612,29.99999999878875,29.99999999878875,1.2112515435092064e-09,2.422730460693856e-09,13.748288389248028,13.748288391670759,False
1631.5999999996116,29.99999999878941,29.99999999878941,1.2105907387649495e-09,2.4214728000515606e-09,13.748288389296468,13.74828839171794,False
1632.099999999611,29.99999999879022,29.99999999879022,1.209780720046183e-09,2.4199096060328884e-09,13.748288389344879,13.748288391764788,False
1632.5999999996106,29.999999998791186,29.999999998791186,1.2088143819255492e-09,2.4180408786378393e-09,13.748288389393256,13.748288391811297,False
1633.0999999996102,29.999999998792298,29.999999998792298,1.2077023825440847e-09,2.415873723293771e-09,13.74828838944159,13.748288391857464,False
1633.5999999996097,29.99999999879356,29.99999999879356,1.2064411691881105e-09,2.4134081400006835e-09,13.74828838948988,13.748288391903289,False
1634.0999999996093,29.99999999879497,29.99999999879497,1.2050307418576267e-09,2.4106512341859343e-09,13.748288389538118,13.748288391948769,False
1634.5999999996088,29.999999998796522,29.999999998796522,1.2034782059799909e-09,2.4076030058495235e-09,13.748288389586296,13.7482883919939,False
1635.0999999996084,29.999999998798213,29.999999998798213,1.2017871142688819e-09,2.4042705604188086e-09,13.748288389634409,13.74828839203868,False
1635.599999999608,29.999999998800046,29.999999998800046,1.1999539140106208e-09,2.4006610033211473e-09,13.74828838968245,13.748288392083111,False
1636.0999999996075,29.999999998802014,29.999999998802014,1.1979857106325653e-09,2.396781439983897e-09,13.748288389730417,13.748288392127199,False
1636.599999999607,29.999999998804114,29.999999998804114,1.1958860568483942e-09,2.392631870407058e-09,13.748288389778304,13.748288392170936,False
1637.0999999996066,29.99999999880635,29.99999999880635,1.1936513999444287e-09,2.388219400017988e-09,13.748288389826104,13.748288392214324,False
1637.599999999606,29.999999998808715,29.999999998808715,1.1912852926343476e-09,2.383536923389329e-09,13.748288389873816,13.748288392257352,False
1638.0999999996056,29.999999998811212,29.999999998811212,1.1887877349181508e-09,2.3785915459484386e-09,13.748288389921425,13.748288392300017,False
1638.5999999996052,29.999999998813834,29.999999998813834,1.186165832223196e-09,2.3733974785500322e-09,13.748288389968934,13.748288392342332,False
1639.0999999996047,29.99999999881658,29.99999999881658,1.1834195845494833e-09,2.36795472119411e-09,13.74828839001634,13.748288392384294,False
1639.5999999996043,29.99999999881945,29.99999999881945,1.1805489918970125e-09,2.3622632738806715e-09,13.748288390063633,13.748288392425897,False
1640.0999999996038,29.999999998822442,29.999999998822442,1.1775576069794624e-09,2.3563302420370746e-09,13.748288390110808,13.748288392467138,False
1640.5999999996034,29.99999999882555,29.99999999882555,1.174448982510512e-09,2.350162731090677e-09,13.748288390157862,13.748288392508025,False
1641.099999999603,29.999999998828777,29.999999998828777,1.1712231184901611e-09,2.343753635614121e-09,13.748288390204786,13.74828839254854,False
1641.5999999996025,29.999999998832116,29.999999998832116,1.1678835676320887e-09,2.337124271889479e-09,13.748288390251584,13.748288392588709,False
1642.099999999602,29.99999999883557,29.99999999883557,1.1644303299362946e-09,2.3302604290620366e-09,13.748288390298244,13.748288392628504,False
1642.5999999996016,29.999999998839133,29.999999998839133,1.1608669581164577e-09,2.3231763179865084e-09,13.748288390344767,13.748288392667943,False
1643.099999999601,29.999999998842803,29.999999998842803,1.1571970048862568e-09,2.315879044090252e-09,13.748288390391142,13.748288392707021,False
1643.5999999996006,29.99999999884658,29.99999999884658,1.1534204702456918e-09,2.308368607373268e-09,13.748288390437372,13.74828839274574,False
1644.0999999996002,29.999999998850463,29.999999998850463,1.1495373541947629e-09,2.3006450078355556e-09,13.748288390483447,13.748288392784092,False
1644.5999999995997,29.999999998854445,29.999999998854445,1.1455547621608275e-09,2.2927224563318305e-09,13.748288390529366,13.748288392822088,False
1645.0999999995993,29.99999999885853,29.99999999885853,1.141469141430207e-09,2.2845867420073773e-09,13.748288390575125,13.748288392859711,False
1645.5999999995988,29.999999998862716,29.999999998862716,1.13728404471658e-09,2.276259181144269e-09,13.748288390620713,13.748288392896972,False
1646.0999999995984,29.999999998866997,29.999999998866997,1.1330030247336254e-09,2.2677326683151477e-09,13.748288390666131,13.748288392933864,False
1646.599999999598,29.999999998871367,29.999999998871367,1.1286331869087007e-09,2.2590285198020865e-09,13.748288390711378,13.748288392970407,False
1647.0999999995975,29.999999998875836,29.999999998875836,1.1241638731007697e-09,2.25013252475037e-09,13.748288390756452,13.748288393006584,False
1647.599999999597,29.9999999988804,29.9999999988804,1.119598636023511e-09,2.2410375777326408e-09,13.748288390801346,13.748288393042383,False
1648.0999999995965,29.999999998885055,29.999999998885055,1.1149445811042824e-09,2.2317649950309715e-09,13.748288390846053,13.748288393077818,False
1648.599999999596,29.9999999988898,29.9999999988898,1.1102017083430837e-09,2.222314776645362e-09,13.748288390890577,13.748288393112892,False
1649.0999999995956,29.999999998894612,29.999999998894612,1.105387781308309e-09,2.212715344285243e-09,13.748288390934908,13.748288393147623,False
1649.5999999995952,29.999999998899515,29.999999998899515,1.1004850364315644e-09,2.202945381668542e-09,13.748288390979043,13.748288393181989,False
1650.0999999995947,29.999999998904507,29.999999998904507,1.0954934737128497e-09,2.1929977833679004e-09,13.748288391022983,13.748288393215981,False
1650.5999999995943,29.99999999890957,29.99999999890957,1.090430856720559e-09,2.1829009710927494e-09,13.748288391066723,13.748288393249624,False
1651.0999999995938,29.999999998914717,29.999999998914717,1.085282974599977e-09,2.172633628561016e-09,13.748288391110258,13.748288393282891,False
1651.5999999995934,29.99999999891994,29.99999999891994,1.0800604854921403e-09,2.1622241774821305e-09,13.748288391153588,13.748288393315812,False
1652.099999999593,29.999999998925237,29.999999998925237,1.0747633893970487e-09,2.1516584070013778e-09,13.748288391196704,13.748288393348362,False
1652.5999999995925,29.99999999893061,29.99999999893061,1.0693916863147024e-09,2.1409434225461155e-09,13.748288391239608,13.748288393380552,False
1653.099999999592,29.99999999893605,29.99999999893605,1.06394892895878e-09,2.130086329543701e-09,13.748288391282298,13.748288393412384,False
1653.5999999995915,29.999999998941565,29.999999998941565,1.0584351173292816e-09,2.1190871279941348e-09,13.748288391324769,13.748288393443856,False
1654.099999999591,29.999999998947146,29.999999998947146,1.052853804139886e-09,2.107952923324774e-09,13.748288391367014,13.748288393474967,False
1654.5999999995906,29.99999999895279,29.99999999895279,1.047208542104272e-09,2.096683715535619e-09,13.748288391409037,13.748288393505721,False
1655.0999999995902,29.999999998958504,29.999999998958504,1.0414957785087608e-09,2.085286610054027e-09,13.748288391450838,13.748288393536125,False
1655.5999999995897,29.999999998964277,29.999999998964277,1.03572261878071e-09,2.073761606879998e-09,13.748288391492402,13.748288393566163,False
1656.0999999995893,29.999999998970114,29.999999998970114,1.0298855102064408e-09,2.06211581144089e-09,13.748288391533737,13.748288393595853,False
1656.5999999995888,29.999999998976012,29.999999998976012,1.023988005499632e-09,2.050342118309345e-09,13.748288391574839,13.748288393625181,False
1657.0999999995884,29.999999998981966,29.999999998981966,1.0180336573739623e-09,2.0384547383400786e-09,13.748288391615702,13.748288393654157,False
1657.599999999588,29.999999998987978,29.999999998987978,1.0120224658294319e-09,2.026460776960448e-09,13.748288391656327,13.748288393682788,False
1658.0999999995875,29.999999998994042,29.999999998994042,1.0059579835797194e-09,2.014353128743096e-09,13.748288391696711,13.748288393711064,False
1658.599999999587,29.99999999900016,29.99999999900016,9.99840210624825e-10,2.00213889911538e-09,13.748288391736851,13.74828839373899,False
1659.0999999995865,29.99999999900633,29.99999999900633,9.936691469647485e-10,1.9898180880772998e-09,13.748288391776748,13.748288393766567,False
1659.599999999586,29.99999999901255,29.99999999901255,9.874483453131688e-10,1.9773906956288556e-09,13.748288391816395,13.748288393793786,False
1660.0999999995856,29.999999999018822,29.999999999018822,9.81177805670086e-10,1.9648709326247626e-09,13.748288391855793,13.748288393820664,False
1660.5999999995852,29.999999999025142,29.999999999025142,9.748575280354999e-10,1.9522516936376633e-09,13.748288391894937,13.748288393847188,False
1661.0999999995847,29.999999999031505,29.999999999031505,9.684946178367682e-10,1.939540084094915e-09,13.748288391933832,13.748288393873372,False
1661.5999999995843,29.999999999037914,29.999999999037914,9.62085522360212e-10,1.9267432094238757e-09,13.748288391972471,13.748288393899214,False
1662.0999999995838,29.999999999044366,29.999999999044366,9.556337943195103e-10,1.9138539641971875e-09,13.748288392010853,13.748288393924707,False
1662.5999999995834,29.999999999050857,29.999999999050857,9.491429864283418e-10,1.9008865592695656e-09,13.748288392048973,13.74828839394986,False
1663.099999999583,29.99999999905739,29.99999999905739,9.426095459730277e-10,1.88784099464101e-09,13.748288392086835,13.748288393974676,False
1663.5999999995825,29.999999999063963,29.999999999063963,9.360370256672468e-10,1.8747101648841635e-09,13.748288392124435,13.748288393999145,False
1664.099999999582,29.99999999907057,29.99999999907057,9.294289782246778e-10,1.8615082808537409e-09,13.748288392161768,13.748288394023277,False
1664.5999999995815,29.999999999077215,29.999999999077215,9.227854036453209e-10,1.8482353425497422e-09,13.748288392198837,13.748288394047073,False
1665.099999999581,29.999999999083894,29.999999999083894,9.16106301929176e-10,1.8348913499721675e-09,13.748288392235644,13.748288394070535,False
1665.5999999995806,29.999999999090605,29.999999999090605,9.093952257899218e-10,1.8214834085483744e-09,13.74828839227218,13.748288394093663,False
1666.0999999995802,29.999999999097348,29.999999999097348,9.026521752275585e-10,1.8080044128510053e-09,13.748288392308448,13.748288394116452,False
1666.5999999995797,29.999999999104123,29.999999999104123,8.958771502420859e-10,1.7944685737347754e-09,13.748288392344445,13.748288394138914,False
1667.0999999995793,29.999999999110926,29.999999999110926,8.89073703547183e-10,1.7808758911996847e-09,13.748288392380173,13.74828839416105,False
1667.5999999995788,29.999999999117758,29.999999999117758,8.822418351428496e-10,1.7672192598183756e-09,13.748288392415628,13.748288394182847,False
1668.0999999995784,29.999999999124615,29.999999999124615,8.753850977427646e-10,1.7535199958729208e-09,13.748288392450807,13.748288394204327,False
1668.599999999578,29.999999999131497,29.999999999131497,8.685034913469281e-10,1.7397638885086053e-09,13.74828839248571,13.748288394225474,False
1669.0999999995774,29.999999999138403,29.999999999138403,8.615970159553399e-10,1.7259580431527866e-09,13.74828839252034,13.748288394246298,False
1669.599999999577,29.999999999145334,29.999999999145334,8.546656715680001e-10,1.7121095652328222e-09,13.748288392554693,13.748288394266803,False
1670.0999999995765,29.999999999152287,29.999999999152287,8.477130108985875e-10,1.6982113493213546e-09,13.748288392588767,13.748288394286979,False
1670.599999999576,29.999999999159257,29.999999999159257,8.407425866607809e-10,1.684277606273099e-09,13.748288392622568,13.748288394306845,False
1671.0999999995756,29.999999999166246,29.999999999166246,8.337543988545804e-10,1.6703083360880555e-09,13.748288392656082,13.74828839432639,False
1671.5999999995752,29.99999999917325,29.99999999917325,8.267484474799858e-10,1.656303538766224e-09,13.748288392689323,13.748288394345627,False
1672.0999999995747,29.999999999180275,29.999999999180275,8.197247325369972e-10,1.6422632143076044e-09,13.748288392722282,13.748288394364545,False
1672.5999999995743,29.999999999187313,29.999999999187313,8.126868067392934e-10,1.6281944681395544e-09,13.748288392754956,13.74828839438315,False
1673.0999999995738,29.999999999194365,29.999999999194365,8.056346700868744e-10,1.6140901948347164e-09,13.74828839278735,13.74828839440144,False
1673.5999999995734,29.999999999201435,29.999999999201435,7.985647698660614e-10,1.599957499820448e-09,13.748288392819466,13.748288394419424,False
1674.099999999573,29.999999999208512,29.999999999208512,7.914877642178908e-10,1.5858105939514644e-09,13.748288392851299,13.74828839443711,False
1674.5999999995724,29.9999999992156,29.9999999992156,7.844001004286838e-10,1.5716352663730504e-09,13.748288392882847,13.748288394454482,False
1675.099999999572,29.9999999992227,29.9999999992227,7.772982257847616e-10,1.5574386225125636e-09,13.74828839291411,13.74828839447155,False
1675.5999999995715,29.999999999229807,29.999999999229807,7.701927984271606e-10,1.5432277677973616e-09,13.74828839294509,13.748288394488318,False
1676.099999999571,29.999999999236923,29.999999999236923,7.630767129285232e-10,1.5290027022274444e-09,13.748288392975786,13.748288394504788,False
1676.5999999995706,29.999999999244046,29.999999999244046,7.559535220025282e-10,1.5147563203754544e-09,13.748288393006197,13.748288394520953,False
1677.0999999995702,29.99999999925117,29.99999999925117,7.488303310765332e-10,1.5005099385234644e-09,13.748288393036324,13.748288394536834,False
1677.5999999995697,29.9999999992583,29.9999999992583,7.417000347231806e-10,1.4862564512441168e-09,13.748288393066167,13.748288394552423,False
1678.0999999995693,29.99999999926544,29.99999999926544,7.345590802287916e-10,1.4719745422553387e-09,13.748288393095725,13.7482883945677,False
1678.5999999995688,29.999999999272582,29.999999999272582,7.274181257344026e-10,1.4576926332665607e-09,13.74828839312499,13.748288394582683,False
1679.0999999995684,29.999999999279723,29.999999999279723,7.202771712400136e-10,1.4434107242777827e-09,13.748288393153969,13.74828839459738,False
1679.599999999568,29.999999999286864,29.999999999286864,7.131362167456246e-10,1.4291288152890047e-09,13.748288393182664,13.748288394611793,False
1680.0999999995674,29.999999999294005,29.999999999294005,7.059952622512355e-10,1.4148469063002267e-09,13.748288393211073,13.74828839462592,False
1680.599999999567,29.999999999301146,29.999999999301146,6.988543077568465e-10,1.4005649973114487e-09,13.7482883932392,13.748288394639765,False
1681.0999999995665,29.999999999308287,29.999999999308287,6.917133532624575e-10,1.3862830883226707e-09,13.748288393267043,13.748288394653326,False
1681.599999999566,29.999999999315413,29.999999999315413,6.845866096227837e-10,1.3720224956159655e-09,13.7482883932946,13.748288394666622,False
1682.0999999995656,29.999999999322537,29.999999999322537,6.774634186967887e-10,1.3577761137639754e-09,13.748288393321873,13.74828839467965,False
1682.5999999995652,29.99999999932966,29.99999999932966,6.703402277707937e-10,1.3435297319119854e-09,13.748288393348862,13.748288394692391,False
1683.0999999995647,29.99999999933678,29.99999999933678,6.632205895584775e-10,1.3292833500599954e-09,13.748288393375566,13.748288394704849,False
1683.5999999995643,29.999999999343885,29.999999999343885,6.561151622008765e-10,1.3150724953447934e-09,13.748288393401982,13.748288394717054,False
1684.0999999995638,29.99999999935099,29.99999999935099,6.490097348432755e-10,1.3008616406295914e-09,13.748288393428112,13.748288394728974,False
1684.5999999995634,29.999999999358078,29.999999999358078,6.419220710540685e-10,1.2866792076238198e-09,13.748288393453963,13.748288394740642,False
1685.099999999563,29.999999999365162,29.999999999365162,6.348379599785403e-10,1.2725038800454058e-09,13.748288393479532,13.748288394752036,False
1685.5999999995624,29.999999999372232,29.999999999372232,6.277680597577273e-10,1.2583640796037798e-09,13.748288393504815,13.748288394763179,False
1686.099999999562,29.999999999379295,29.999999999379295,6.207052649642719e-10,1.2442313845895114e-09,13.748288393529815,13.748288394774047,False
1686.5999999995615,29.999999999386347,29.999999999386347,6.136531283118529e-10,1.2301271112846734e-09,13.748288393554532,13.748288394784659,False
1687.099999999561,29.99999999939338,29.99999999939338,6.066187552278279e-10,1.2160512596892659e-09,13.748288393578962,13.748288394795013,False
1687.5999999995606,29.999999999400405,29.999999999400405,5.995950402848393e-10,1.201996724375931e-09,13.748288393603113,13.74828839480511,False
1688.0999999995602,29.999999999407414,29.999999999407414,5.92585536196566e-10,1.1879706107720267e-09,13.748288393626988,13.748288394814958,False
1688.5999999995597,29.99999999941441,29.99999999941441,5.855902429630078e-10,1.1739729188775527e-09,13.748288393650578,13.74828839482455,False
1689.0999999995593,29.999999999421387,29.999999999421387,5.786127132978436e-10,1.1600107541198668e-09,13.74828839367389,13.748288394833901,False
1689.5999999995588,29.99999999942835,29.99999999942835,5.716493944873946e-10,1.1460841164989688e-09,13.748288393696924,13.748288394843009,False
1690.0999999995583,29.999999999435296,29.999999999435296,5.647038392453396e-10,1.1321859005875012e-09,13.74828839371968,13.748288394851865,False
1690.599999999558,29.99999999944222,29.99999999944222,5.577796002853574e-10,1.1183232118128217e-09,13.748288393742156,13.748288394860479,False
1691.0999999995574,29.999999999449127,29.999999999449127,5.508731248937693e-10,1.1045031556022877e-09,13.748288393764359,13.748288394868862,False
1691.599999999557,29.999999999456016,29.999999999456016,5.439844130705751e-10,1.0907186265285418e-09,13.748288393786284,13.748288394877003,False
1692.0999999995565,29.999999999462883,29.999999999462883,5.371170175294537e-10,1.0769767300189415e-09,13.748288393807933,13.74828839488491,False
1692.599999999556,29.99999999946973,29.99999999946973,5.302709382704052e-10,1.0632774660734867e-09,13.748288393829307,13.748288394892585,False
1693.0999999995556,29.999999999476557,29.999999999476557,5.234426225797506e-10,1.04961372926482e-09,13.748288393850407,13.74828839490002,False
1693.5999999995552,29.999999999483364,29.999999999483364,5.166356231711688e-10,1.0359926250202989e-09,13.748288393871237,13.74828839490723,False
1694.0999999995547,29.999999999490147,29.999999999490147,5.098534927583387e-10,1.0224141533399234e-09,13.748288393891794,13.748288394914209,False
1694.5999999995543,29.999999999496904,29.999999999496904,5.030962313412601e-10,1.0088925250784087e-09,13.74828839391208,13.748288394920973,False
1695.0999999995538,29.99999999950364,29.99999999950364,4.963602862062544e-10,9.954135293810396e-10,13.748288393932096,13.74828839492751,False
1695.5999999995533,29.99999999951035,29.99999999951035,4.896492100670002e-10,9.81977166247816e-10,13.748288393951844,13.748288394933821,False
1696.099999999553,29.999999999517037,29.999999999517037,4.829630029234977e-10,9.685976465334534e-10,13.748288393971322,13.74828839493992,False
1696.5999999995524,29.9999999995237,29.9999999995237,4.763016647757468e-10,9.552607593832363e-10,13.748288393990535,13.748288394945796,False
1697.099999999552,29.99999999953033,29.99999999953033,4.696687483374262e-10,9.419878210792376e-10,13.74828839400948,13.748288394951468,False
1697.5999999995515,29.99999999953694,29.99999999953694,4.630607008948573e-10,9.287575153393846e-10,13.748288394028163,13.748288394956921,False
1698.099999999551,29.99999999954352,29.99999999954352,4.5648107516171876e-10,9.155911584457499e-10,13.74828839404658,13.748288394962172,False
1698.5999999995506,29.999999999550074,29.999999999550074,4.4992631842433184e-10,9.024674341162608e-10,13.748288394064735,13.748288394967203,False
1699.0999999995502,29.9999999995566,29.9999999995566,4.433999833963753e-10,8.894076586329902e-10,13.748288394082627,13.748288394972034,False
1699.5999999995497,29.999999999563094,29.999999999563094,4.36905622791528e-10,8.764047265685804e-10,13.748288394100257,13.748288394976662,False
1700.0999999995493,29.99999999956956,29.99999999956956,4.304396838961111e-10,8.634586379230313e-10,13.748288394117631,13.74828839498109,False
1700.5999999995488,29.999999999575998,29.999999999575998,4.240021667101246e-10,8.505764981237007e-10,13.748288394134743,13.74828839498532,False
1701.0999999995483,29.999999999582403,29.999999999582403,4.175966239472473e-10,8.377512017432309e-10,13.7482883941516,13.748288394989352,False
1701.599999999548,29.99999999958878,29.99999999958878,4.112195028938004e-10,8.249827487816219e-10,13.7482883941682,13.748288394993184,False
1702.0999999995474,29.99999999959513,29.99999999959513,4.048708035497839e-10,8.122782446662313e-10,13.748288394184547,13.748288394996825,False
1702.599999999547,29.999999999601442,29.999999999601442,3.985576313425554e-10,7.996376893970591e-10,13.748288394200642,13.74828839500028,False
1703.0999999995465,29.999999999607724,29.999999999607724,3.922764335584361e-10,7.870610829741054e-10,13.748288394216484,13.748288395003545,False
1703.599999999546,29.999999999613976,29.999999999613976,3.8602365748374723e-10,7.745413199700124e-10,13.748288394232075,13.748288395006616,False
1704.0999999995456,29.999999999620194,29.999999999620194,3.7980640854584635e-10,7.620926112394955e-10,13.748288394247416,13.748288395009508,False
1704.5999999995452,29.99999999962638,29.99999999962638,3.736211340310547e-10,7.497078513551969e-10,13.74828839426251,13.748288395012217,False
1705.0999999995447,29.999999999632532,29.999999999632532,3.674678339393722e-10,7.373941457444744e-10,13.748288394277356,13.74828839501475,False
1705.5999999995443,29.99999999963865,29.99999999963865,3.6135006098447775e-10,7.251443889799702e-10,13.748288394291958,13.748288395017102,False
1706.0999999995438,29.999999999644732,29.999999999644732,3.552678151663713e-10,7.129656864890421e-10,13.748288394306314,13.74828839501928,False
1706.5999999995433,29.999999999650782,29.999999999650782,3.4921754377137404e-10,7.008509328443324e-10,13.748288394320427,13.748288395021278,False
1707.099999999543,29.999999999656797,29.999999999656797,3.432027995131648e-10,6.888072334731987e-10,13.748288394334299,13.748288395023106,False
1707.5999999995424,29.999999999662776,29.999999999662776,3.3722358239174355e-10,6.76834588375641e-10,13.748288394347933,13.748288395024767,False
1708.099999999542,29.99999999966872,29.99999999966872,3.312798924071103e-10,6.649329975516594e-10,13.748288394361325,13.748288395026258,False
1708.5999999995415,29.99999999967463,29.99999999967463,3.253717295592651e-10,6.531024610012537e-10,13.748288394374482,13.748288395027584,False
1709.099999999541,29.9999999996805,29.9999999996805,3.1949909384820785e-10,6.41342978724424e-10,13.748288394387403,13.748288395028746,False
1709.5999999995406,29.999999999686334,29.999999999686334,3.1366553798761743e-10,6.29661656148528e-10,13.74828839440009,13.748288395029752,False
1710.0999999995402,29.999999999692132,29.999999999692132,3.07867509263815e-10,6.180513878462079e-10,13.748288394412544,13.748288395030595,False
1710.5999999995397,29.99999999969789,29.99999999969789,3.021085603904794e-10,6.065121738174639e-10,13.748288394424765,13.748288395031278,False
1711.0999999995392,29.999999999703615,29.999999999703615,2.963851386539318e-10,5.950511194896535e-10,13.74828839443676,13.74828839503181,False
1711.5999999995388,29.999999999709303,29.999999999709303,2.906972440541722e-10,5.836611194354191e-10,13.748288394448526,13.748288395032187,False
1712.0999999995383,29.99999999971495,29.99999999971495,2.850484293048794e-10,5.723492790821183e-10,13.748288394460065,13.748288395032414,False
1712.5999999995379,29.99999999972056,29.99999999972056,2.794386944060534e-10,5.611155984297511e-10,13.748288394471377,13.748288395032493,False
1713.0999999995374,29.999999999726136,29.999999999726136,2.738644866440154e-10,5.499529720509599e-10,13.748288394482461,13.748288395032414,False
1713.599999999537,29.999999999731667,29.999999999731667,2.6833291144612303e-10,5.3887561080046e-10,13.74828839449333,13.748288395032205,False
1714.0999999995365,29.99999999973716,29.99999999973716,2.6284041609869746e-10,5.27869303823536e-10,13.748288394503973,13.748288395031842,False
1714.599999999536,29.999999999742617,29.999999999742617,2.573834478880599e-10,5.169411565475457e-10,13.748288394514399,13.74828839503134,False
1715.0999999995356,29.99999999974803,29.99999999974803,2.5196911224156793e-10,5.060982743998466e-10,13.748288394524607,13.748288395030706,False
1715.5999999995352,29.99999999975341,29.99999999975341,2.4659030373186397e-10,4.953264465257234e-10,13.7482883945346,13.748288395029926,False
1716.0999999995347,29.999999999758746,29.999999999758746,2.412541277863056e-10,4.846398837798915e-10,13.74828839454438,13.74828839502902,False
1716.5999999995342,29.999999999764043,29.999999999764043,2.3595703169121407e-10,4.740243753076356e-10,13.748288394553946,13.74828839502797,False
1717.0999999995338,29.9999999997693,29.9999999997693,2.3069901544658933e-10,4.6349413196367095e-10,13.748288394563296,13.74828839502679,False
1717.5999999995333,29.99999999977452,29.99999999977452,2.254800790524314e-10,4.530420483206399e-10,13.748288394572441,13.748288395025483,False
1718.0999999995329,29.999999999779696,29.999999999779696,2.2030377522241906e-10,4.426752298059e-10,13.748288394581378,13.748288395024053,False
1718.5999999995324,29.999999999784833,29.999999999784833,2.1516655124287354e-10,4.3237946556473617e-10,13.748288394590107,13.748288395022486,False
1719.099999999532,29.999999999789928,29.999999999789928,2.1007195982747362e-10,4.2217607187922113e-10,13.748288394598632,13.748288395020808,False
1719.5999999995315,29.999999999794984,29.999999999794984,2.050164482625405e-10,4.120508378946397e-10,13.748288394606952,13.748288395019003,False
1720.099999999531,29.999999999799996,29.999999999799996,2.00003569261753e-10,4.020037636109919e-10,13.748288394615072,13.748288395017076,False
1720.5999999995306,29.99999999980497,29.99999999980497,1.950297701114323e-10,3.920419544556353e-10,13.748288394622994,13.748288395015036,False
1721.0999999995302,29.999999999809905,29.999999999809905,1.900950508115784e-10,3.821583050012123e-10,13.748288394630716,13.748288395012874,False
1721.5999999995297,29.999999999814793,29.999999999814793,1.8520651678954891e-10,3.723599206750805e-10,13.74828839463824,13.7482883950106,False
1722.0999999995292,29.999999999819643,29.999999999819643,1.8035706261798623e-10,3.6264680147723993e-10,13.748288394645572,13.748288395008219,False
1722.5999999995288,29.999999999824453,29.999999999824453,1.7554668829689035e-10,3.53011841980333e-10,13.74828839465271,13.748288395005721,False
1723.0999999995283,29.999999999829218,29.999999999829218,1.7078249925361888e-10,3.4346214761171723e-10,13.748288394659655,13.748288395003117,False
1723.5999999995279,29.999999999833943,29.999999999833943,1.6605739006081421e-10,3.339977183713927e-10,13.748288394666414,13.748288395000412,False
1724.0999999995274,29.99999999983863,29.99999999983863,1.6137136071847635e-10,3.2461144883200177e-10,13.74828839467298,13.74828839499759,False
1724.599999999527,29.99999999984327,29.99999999984327,1.567315166539629e-10,3.1531044442090206e-10,13.748288394679362,13.748288394994672,False
1725.0999999995265,29.999999999847866,29.999999999847866,1.5213430515359505e-10,3.0610181056545116e-10,13.748288394685556,13.748288394991658,False
1725.599999999526,29.999999999852427,29.999999999852427,1.475726207900152e-10,2.9696423098357627e-10,13.748288394691567,13.748288394988531,False
1726.0999999995256,29.999999999856943,29.999999999856943,1.4305712170425977e-10,2.879119165299926e-10,13.748288394697397,13.748288394985309,False
1726.5999999995252,29.999999999861416,29.999999999861416,1.3858425518264994e-10,2.7895197263205773e-10,13.748288394703048,13.748288394982,False
1727.0999999995247,29.99999999986585,29.99999999986585,1.3415046851150692e-10,2.700701884350565e-10,13.748288394708519,13.748288394978589,False
1727.5999999995242,29.99999999987024,29.99999999987024,1.297593144045095e-10,2.6126656393898884e-10,13.748288394713816,13.748288394975082,False
1728.0999999995238,29.99999999987459,29.99999999987459,1.2541079286165768e-10,2.5255530999857e-10,13.748288394718934,13.748288394971489,False
1728.5999999995233,29.99999999987889,29.99999999987889,1.2110845659663028e-10,2.439293211864424e-10,13.748288394723879,13.748288394967808,False
1729.0999999995229,29.99999999988316,29.99999999988316,1.1684164746839087e-10,2.353814920752484e-10,13.748288394728654,13.748288394964035,False
1729.5999999995224,29.999999999887383,29.999999999887383,1.1261747090429708e-10,2.269189280923456e-10,13.748288394733258,13.748288394960177,False
1730.099999999522,29.99999999989156,29.99999999989156,1.0843947961802769e-10,2.1854162923773401e-10,13.748288394737692,13.748288394956234,False
1730.5999999995215,29.999999999895696,29.999999999895696,1.0430412089590391e-10,2.1025670093877125e-10,13.748288394741968,13.748288394952224,False
1731.099999999521,29.999999999899796,29.999999999899796,1.0020428931056813e-10,2.020428269133845e-10,13.748288394746071,13.748288394948114,False
1731.5999999995206,29.99999999990385,29.99999999990385,9.615064300305676e-11,1.9391421801628894e-10,13.748288394750016,13.74828839494393,False
1732.0999999995202,29.99999999990786,29.99999999990786,9.213962925969099e-11,1.858779796748422e-10,13.748288394753798,13.748288394939676,False
1732.5999999995197,29.99999999991183,29.99999999991183,8.817124808047083e-11,1.779270064616867e-10,13.74828839475742,13.748288394935347,False
1733.0999999995192,29.999999999915758,29.999999999915758,8.424194675171748e-11,1.7004708752210718e-10,13.748288394760882,13.74828839493093,False
1733.5999999995188,29.999999999919645,29.999999999919645,8.035527798710973e-11,1.6225953913817648e-10,13.748288394764188,13.748288394926448,False
1734.0999999995183,29.999999999923485,29.999999999923485,7.651479450032639e-11,1.54557255882537e-10,13.748288394767343,13.7482883949219,False
1734.5999999995179,29.99999999992729,29.99999999992729,7.270983815033105e-11,1.4693313232783112e-10,13.748288394770341,13.748288394917275,False
1735.0999999995174,29.999999999931052,29.999999999931052,6.894751436448132e-11,1.3939427390141645e-10,13.74828839477319,13.748288394912585,False
1735.599999999517,29.99999999993477,29.99999999993477,6.5231375856456e-11,1.31940680603293e-10,13.748288394775889,13.74828839490783,False
1736.0999999995165,29.99999999993845,29.99999999993845,6.155076448521868e-11,1.2456524700610316e-10,13.74828839477844,13.748288394903005,False
1736.599999999516,29.999999999942087,29.999999999942087,5.7912785678126966e-11,1.1727507853720454e-10,13.748288394780843,13.748288394898118,False
1737.0999999995156,29.99999999994568,29.99999999994568,5.432099214885966e-11,1.1007017519659712e-10,13.748288394783103,13.748288394893173,False
1737.5999999995151,29.99999999994923,29.99999999994923,5.076827847005916e-11,1.0295053698428092e-10,13.74828839478522,13.74828839488817,False
1738.0999999995147,29.999999999952745,29.999999999952745,4.725464464172546e-11,9.590905847289832e-11,13.748288394787195,13.748288394883105,False
1738.5999999995142,29.999999999956213,29.999999999956213,4.3787196091216174e-11,8.895284508980694e-11,13.748288394789029,13.748288394877981,False
1739.0999999995138,29.999999999959645,29.999999999959645,4.035527467749489e-11,8.207479140764917e-11,13.748288394790725,13.7482883948728,False
1739.5999999995133,29.999999999963034,29.999999999963034,3.696598582791921e-11,7.528200285378261e-11,13.748288394792285,13.748288394867567,False
1740.0999999995129,29.99999999996638,29.99999999996638,3.361932954248914e-11,6.857447942820727e-11,13.748288394793711,13.748288394862286,False
1740.5999999995124,29.99999999996969,29.99999999996969,3.0311753107525874e-11,6.193801027620793e-11,13.748288394795003,13.74828839485694,False
1741.099999999512,29.999999999972953,29.999999999972953,2.7046809236708214e-11,5.539391167985741e-11,13.748288394796162,13.748288394851556,False
1741.5999999995115,29.99999999997618,29.99999999997618,2.382094521635736e-11,4.89279727844405e-11,13.748288394797191,13.748288394846119,False
1742.099999999511,29.999999999979362,29.999999999979362,2.063771376015211e-11,4.25401935899572e-11,13.748288394798095,13.748288394840635,False
1742.5999999995106,29.999999999982506,29.999999999982506,1.7493562154413667e-11,3.623767952376511e-11,13.74828839479887,13.748288394835107,False
1743.0999999995101,29.99999999998561,29.99999999998561,1.4388490399142029e-11,3.001332515850663e-11,13.74828839479952,13.748288394829533,False
1743.5999999995097,29.999999999988674,29.999999999988674,1.1326051208015997e-11,2.3874235921539366e-11,13.748288394800046,13.74828839482392,False
1744.0999999995092,29.999999999991697,29.999999999991697,8.30269186735677e-12,1.780620095814811e-11,13.74828839480045,13.748288394818257,False
1744.5999999995088,29.99999999999468,29.99999999999468,5.31841237716435e-12,1.1823431123048067e-11,13.748288394800735,13.748288394812558,False
1745.0999999995083,29.999999999997627,29.999999999997627,2.3732127374387346e-12,5.9188209888816345e-12,13.7482883948009,13.748288394806819,False
1745.5999999995079,30.000000000000533,30.000000000000533,-5.329070518200751e-13,9.237055564881302e-14,13.748288394800946,13.748288394801039,False
1746.0999999995074,30.000000000003396,30.000000000003396,-3.396394276933279e-12,-5.6559201766503975e-12,13.748288394800877,13.748288394795221,False
1746.599999999507,30.000000000006224,30.000000000006224,-6.224354365258478e-12,-1.1326051208015997e-11,13.748288394800696,13.74828839478937,False
1747.0999999995065,30.00000000000901,30.00000000000901,-9.00968188943807e-12,-1.6910917111090384e-11,13.748288394800399,13.748288394783488,False
1747.599999999506,30.00000000001176,30.00000000001176,-1.1759482276829658e-11,-2.2424728740588762e-11,13.748288394799992,13.748288394777568,False
1748.0999999995056,30.00000000001447,30.00000000001447,-1.447020281375444e-11,-2.7860380669153528e-11,13.74828839479948,13.74828839477162,False
1748.5999999995051,30.00000000001714,30.00000000001714,-1.7138290786533616e-11,-3.3217872896784684e-11,13.748288394798859,13.748288394765641,False
1749.0999999995047,30.00000000001977,30.00000000001977,-1.9770851622524788e-11,-3.849720542348223e-11,13.74828839479813,13.748288394759633,False
1749.5999999995042,30.000000000022364,30.000000000022364,-2.2364332608049153e-11,-4.369837824924616e-11,13.7482883947973,13.748288394753601,False
1750.0999999995038,30.00000000002492,30.00000000002492,-2.4918733743106714e-11,-4.8821391374076484e-11,13.748288394796363,13.748288394747542,False
1750.5999999995033,30.000000000027438,30.000000000027438,-2.743760774137627e-11,-5.3873350225330796e-11,13.748288394795328,13.748288394741454,False
1751.0999999995029,30.000000000029917,30.000000000029917,-2.991740188917902e-11,-5.88471493756515e-11,13.748288394794187,13.74828839473534,False
1751.5999999995024,30.000000000032358,30.000000000032358,-3.235811618651496e-11,-6.374278882503859e-11,13.748288394792953,13.74828839472921,False
1752.099999999502,30.000000000034763,30.000000000034763,-3.47633033470629e-11,-6.856737400084967e-11,13.748288394791619,13.748288394723051,False
1752.5999999995015,30.00000000003713,30.00000000003713,-3.7129410657144035e-11,-7.332090490308474e-11,13.74828839479019,13.74828839471687,False
1753.099999999501,30.00000000003946,30.00000000003946,-3.9459990830437164e-11,-7.79962761043862e-11,13.748288394788668,13.748288394710672,False
1753.5999999995006,30.000000000041755,30.000000000041755,-4.175504386694229e-11,-8.260059303211165e-11,13.748288394787053,13.748288394704453,False
1754.0999999995001,30.00000000004401,30.00000000004401,-4.4011017052980606e-11,-8.712675025890348e-11,13.748288394785346,13.74828839469822,False
1754.5999999994997,30.00000000004623,30.00000000004623,-4.623146310223092e-11,-9.158185321211931e-11,13.748288394783549,13.748288394691967,False
1755.0999999994992,30.000000000048416,30.000000000048416,-4.8416382014693227e-11,-9.596590189175913e-11,13.748288394781664,13.748288394685698,False
1755.5999999994988,30.000000000050562,30.000000000050562,-5.056222107668873e-11,-1.0027179087046534e-10,13.748288394779696,13.748288394679424,False
1756.0999999994983,30.000000000052673,30.000000000052673,-5.267253300189623e-11,-1.0450662557559554e-10,13.74828839477764,13.748288394673134,False
1756.5999999994979,30.000000000054747,30.000000000054747,-5.474731779031572e-11,-1.0867040600714972e-10,13.7482883947755,13.74828839466683,False
1757.0999999994974,30.000000000056787,30.000000000056787,-5.678657544194721e-11,-1.127631321651279e-10,13.748288394773276,13.748288394660513,False
1757.599999999497,30.00000000005879,30.00000000005879,-5.879030595679069e-11,-1.1678480404953007e-10,13.748288394770974,13.748288394654189,False
1758.0999999994965,30.00000000006076,30.00000000006076,-6.075850933484617e-11,-1.2073542166035622e-10,13.74828839476859,13.748288394647854,False
1758.599999999496,30.000000000062695,30.000000000062695,-6.269473828979244e-11,-1.2462209042496397e-10,13.748288394766128,13.748288394641506,False
1759.0999999994956,30.000000000064595,30.000000000064595,-6.459544010795071e-11,-1.284377049159957e-10,13.748288394763588,13.74828839463515,False
1759.5999999994951,30.00000000006646,30.00000000006646,-6.646061478932097e-11,-1.3218226513345144e-10,13.748288394760973,13.74828839462879,False
1760.0999999994947,30.00000000006829,30.00000000006829,-6.829026233390323e-11,-1.3585577107733116e-10,13.748288394758285,13.74828839462243,False
1760.5999999994942,30.000000000070088,30.000000000070088,-7.008793545537628e-11,-1.3946532817499246e-10,13.748288394755525,13.74828839461606,False
1761.0999999994938,30.000000000071854,30.000000000071854,-7.185363415374013e-11,-1.4300383099907776e-10,13.748288394752691,13.748288394609688,False
1761.5999999994933,30.000000000073584,30.000000000073584,-7.358380571531598e-11,-1.4647838497694465e-10,13.74828839474979,13.748288394603312,False
1762.0999999994929,30.000000000075282,30.000000000075282,-7.528200285378261e-11,-1.4988899010859313e-10,13.748288394746819,13.74828839459693,False
1762.5999999994924,30.000000000076945,30.000000000076945,-7.694467285546125e-11,-1.532285409666656e-10,13.748288394743781,13.748288394590553,False
1763.099999999492,30.000000000078575,30.000000000078575,-7.857536843403068e-11,-1.5650414297851967e-10,13.748288394740678,13.748288394584174,False
1763.5999999994915,30.000000000080174,30.000000000080174,-8.01740895894909e-11,-1.5971579614415532e-10,13.748288394737509,13.748288394577793,False
1764.099999999491,30.000000000081737,30.000000000081737,-8.173728360816312e-11,-1.6285639503621496e-10,13.748288394734278,13.748288394571421,False
1764.5999999994906,30.000000000083272,30.000000000083272,-8.327205591740494e-11,-1.659330450820562e-10,13.74828839473098,13.748288394565048,False
1765.0999999994901,30.00000000008477,30.00000000008477,-8.477130108985875e-11,-1.6894574628167902e-10,13.748288394727627,13.748288394558681,False
1765.5999999994897,30.00000000008624,30.00000000008624,-8.623857183920336e-11,-1.7189449863508344e-10,13.748288394724216,13.748288394552322,False
1766.0999999994892,30.000000000087677,30.000000000087677,-8.767742087911756e-11,-1.7478640756962704e-10,13.748288394720749,13.748288394545963,False
1766.5999999994888,30.000000000089084,30.000000000089084,-8.908429549592256e-11,-1.7761436765795224e-10,13.748288394717225,13.74828839453961,False
1767.0999999994883,30.00000000009046,30.00000000009046,-9.045919568961835e-11,-1.8037127347270143e-10,13.748288394713644,13.748288394533272,False
1767.5999999994879,30.000000000091802,30.000000000091802,-9.180212146020494e-11,-1.830713358685898e-10,13.748288394710006,13.748288394526934,False
1768.0999999994874,30.000000000093117,30.000000000093117,-9.311662552136113e-11,-1.8571455484561739e-10,13.74828839470631,13.748288394520596,False
1768.599999999487,30.000000000094403,30.000000000094403,-9.440270787308691e-11,-1.8829382497642655e-10,13.748288394702566,13.748288394514272,False
1769.0999999994865,30.000000000095657,30.000000000095657,-9.565681580170349e-11,-1.908162516883749e-10,13.748288394698768,13.748288394507952,False
1769.599999999486,30.000000000096883,30.000000000096883,-9.688250202088966e-11,-1.9328183498146245e-10,13.748288394694924,13.748288394501643,False
1770.0999999994856,30.00000000009808,30.00000000009808,-9.807976653064543e-11,-1.956834694283316e-10,13.748288394691029,13.748288394495345,False
1770.5999999994851,30.000000000099245,30.000000000099245,-9.924505661729199e-11,-1.9802826045633992e-10,13.748288394687085,13.748288394489057,False
1771.0999999994847,30.000000000100382,30.000000000100382,-1.0038192499450815e-10,-2.0031620806548744e-10,13.748288394683097,13.748288394482781,False
1771.5999999994842,30.00000000010149,30.00000000010149,-1.0149037166229391e-10,-2.0254020682841656e-10,13.748288394679065,13.748288394476525,False
1772.0999999994838,30.000000000102567,30.000000000102567,-1.0256684390697046e-10,-2.0470736217248486e-10,13.748288394674987,13.74828839447028,False
1772.5999999994833,30.000000000103615,30.000000000103615,-1.0361489444221661e-10,-2.0681767409769236e-10,13.748288394670867,13.74828839446405,False
1773.0999999994829,30.000000000104635,30.000000000104635,-1.0463452326803235e-10,-2.0886403717668145e-10,13.748288394666707,13.748288394457843,False
1773.5999999994824,30.00000000010563,30.00000000010563,-1.056292830980965e-10,-2.1086776769152493e-10,13.748288394662504,13.748288394451636,False
1774.099999999482,30.000000000106596,30.000000000106596,-1.0659562121873023e-10,-2.1280754936015e-10,13.748288394658264,13.748288394445456,False
1774.5999999994815,30.00000000010753,30.00000000010753,-1.0752998491625476e-10,-2.1469048760991427e-10,13.748288394653985,13.748288394439294,False
1775.099999999481,30.000000000108443,30.000000000108443,-1.0844303233170649e-10,-2.1652368786817533e-10,13.74828839464967,13.748288394433146,False
1775.5999999994806,30.000000000109324,30.000000000109324,-1.0932410532404901e-10,-2.1830004470757558e-10,13.748288394645318,13.748288394427018,False
1776.0999999994801,30.000000000110184,30.000000000110184,-1.1018386203431874e-10,-2.2002666355547262e-10,13.748288394640932,13.748288394420905,False
1776.5999999994797,30.00000000011101,30.00000000011101,-1.1101164432147925e-10,-2.2169643898450886e-10,13.74828839463651,13.748288394414814,False
1777.0999999994792,30.000000000111818,30.000000000111818,-1.1181811032656697e-10,-2.233164764220419e-10,13.748288394632057,13.74828839440874,False
1777.5999999994788,30.000000000112596,30.000000000112596,-1.1259615462222428e-10,-2.248867758680717e-10,13.74828839462757,13.748288394402683,False
1778.0999999994783,30.00000000011335,30.00000000011335,-1.1334932992212998e-10,-2.2640023189524072e-10,13.748288394623055,13.748288394396655,False
1778.5999999994779,30.000000000114074,30.000000000114074,-1.1407408351260528e-10,-2.2786394993090653e-10,13.74828839461851,13.748288394390647,False
1779.0999999994774,30.000000000114774,30.000000000114774,-1.1477396810732898e-10,-2.2927082454771153e-10,13.748288394613937,13.748288394384666,False
1779.599999999477,30.000000000115453,30.000000000115453,-1.1545253641997988e-10,-2.3063506660037092e-10,13.748288394609336,13.7482883943787,False
1780.0999999994765,30.000000000116103,30.000000000116103,-1.1610268302320037e-10,-2.319495706615271e-10,13.748288394604707,13.748288394372757,False
1780.599999999476,30.00000000011673,30.00000000011673,-1.1673151334434806e-10,-2.332143367311801e-10,13.748288394600054,13.74828839436684,False
1781.0999999994756,30.000000000117332,30.000000000117332,-1.1733192195606534e-10,-2.3442936480932985e-10,13.748288394595376,13.748288394360946,False
1781.5999999994751,30.00000000011791,30.00000000011791,-1.1791101428570983e-10,-2.355946548959764e-10,13.748288394590674,13.748288394355079,False
1782.0999999994747,30.00000000011847,30.00000000011847,-1.184687903332815e-10,-2.367173124184774e-10,13.748288394585948,13.748288394349231,False
1782.5999999994742,30.000000000118998,30.000000000118998,-1.1899814467142278e-10,-2.3779023194947513e-10,13.7482883945812,13.74828839434341,False
1783.0999999994738,30.000000000119506,30.000000000119506,-1.1950618272749125e-10,-2.3881341348896967e-10,13.748288394576432,13.748288394337619,False
1783.5999999994733,30.000000000119993,30.000000000119993,-1.1999290450148692e-10,-2.397939624643186e-10,13.748288394571643,13.74828839433185,False
1784.0999999994729,30.00000000012046,30.00000000012046,-1.2045830999340978e-10,-2.4073187887552194e-10,13.748288394566835,13.748288394326103,False
1784.5999999994724,30.0000000001209,30.0000000001209,-1.2089884648958105e-10,-2.4162716272257967e-10,13.74828839456201,13.748288394320383,False
1785.099999999472,30.000000000121318,30.000000000121318,-1.213180667036795e-10,-2.424727085781342e-10,13.748288394557166,13.748288394314693,False
1785.5999999994715,30.000000000121716,30.000000000121716,-1.2171597063570516e-10,-2.432756218695431e-10,13.748288394552308,13.748288394309032,False
1786.099999999471,30.000000000122093,30.000000000122093,-1.2209255828565801e-10,-2.440359025968064e-10,13.748288394547433,13.748288394303398,False
1786.5999999994706,30.000000000122444,30.000000000122444,-1.2244427693985926e-10,-2.447535507599241e-10,13.748288394542541,13.748288394297788,False
1787.0999999994701,30.000000000122775,30.000000000122775,-1.227746793119877e-10,-2.454214609315386e-10,13.748288394537639,13.748288394292217,False
1787.5999999994697,30.000000000123084,30.000000000123084,-1.2308376540204335e-10,-2.460467385390075e-10,13.748288394532722,13.748288394286675,False
1788.0999999994692,30.000000000123375,30.000000000123375,-1.23375087923705e-10,-2.466364890096884e-10,13.748288394527794,13.748288394281158,False
1788.5999999994688,30.000000000123645,30.000000000123645,-1.2364509416329383e-10,-2.4718360691622365e-10,13.748288394522856,13.748288394275672,False
1789.0999999994683,30.000000000123894,30.000000000123894,-1.2389378412080987e-10,-2.476880922586133e-10,13.748288394517907,13.748288394270219,False
1789.5999999994679,30.00000000012412,30.00000000012412,-1.241211577962531e-10,-2.48157050464215e-10,13.748288394512947,13.74828839426479,False
1790.0999999994674,30.00000000012433,30.00000000012433,-1.2433076790330233e-10,-2.4858337610567105e-10,13.748288394507979,13.748288394259395,False
1790.599999999467,30.00000000012452,30.00000000012452,-1.2451906172827876e-10,-2.489670691829815e-10,13.748288394503001,13.748288394254034,False
1791.0999999994665,30.00000000012469,30.00000000012469,-1.2468959198486118e-10,-2.4931523512350395e-10,13.74828839449802,13.748288394248705,False
1791.599999999466,30.00000000012484,30.00000000012484,-1.248388059593708e-10,-2.496207684998808e-10,13.748288394493029,13.748288394243408,False
1792.0999999994656,30.00000000012497,30.00000000012497,-1.2497025636548642e-10,-2.4989077473946963e-10,13.748288394488034,13.748288394238143,False
1792.5999999994651,30.000000000125084,30.000000000125084,-1.2508394320320804e-10,-2.5012525384227047e-10,13.748288394483032,13.748288394232906,False
1793.0999999994647,30.00000000012518,30.00000000012518,-1.2517986647253565e-10,-2.503242058082833e-10,13.74828839447803,13.748288394227705,False
1793.5999999994642,30.000000000125254,30.000000000125254,-1.2525447345979046e-10,-2.504805252101505e-10,13.748288394473018,13.748288394222538,False
1794.0999999994638,30.00000000012531,30.00000000012531,-1.2531131687865127e-10,-2.5060131747522973e-10,13.748288394468005,13.748288394217404,False
1794.5999999994633,30.00000000012535,30.00000000012535,-1.2535039672911807e-10,-2.5068658260352095e-10,13.74828839446299,13.748288394212304,False
1795.0999999994629,30.00000000012537,30.00000000012537,-1.2537171301119088e-10,-2.5073632059502415e-10,13.748288394457978,13.748288394207242,False
1795.5999999994624,30.00000000012538,30.00000000012538,-1.2537881843854848e-10,-2.5075763687709696e-10,13.748288394452963,13.748288394202206,False
1796.099999999462,30.000000000125368,30.000000000125368,-1.2536816029751208e-10,-2.5074342602238175e-10,13.74828839444795,13.748288394197207,False
1796.5999999994615,30.00000000012534,30.00000000012534,-1.2533973858808167e-10,-2.5069368803087855e-10,13.748288394442937,13.748288394192244,False
1797.099999999461,30.000000000125294,30.000000000125294,-1.2529355331025727e-10,-2.5060842290258734e-10,13.748288394437923,13.748288394187314,False
1797.5999999994606,30.000000000125233,30.000000000125233,-1.2523315717771766e-10,-2.504947360648657e-10,13.74828839443291,13.748288394182415,False
1798.0999999994601,30.000000000125155,30.000000000125155,-1.2515499747678405e-10,-2.503455220903561e-10,13.7482883944279,13.748288394177555,False
1798.5999999994597,30.000000000125063,30.000000000125063,-1.2506262692113523e-10,-2.5016788640641607e-10,13.748288394422898,13.74828839417273,False
1799.0999999994592,30.000000000124956,30.000000000124956,-1.2495604551077122e-10,-2.4995472358568804e-10,13.748288394417896,13.748288394167941,False
1799.5999999994588,30.00000000012483,30.00000000012483,-1.248317005320132e-10,-2.497131390555296e-10,13.748288394412901,13.748288394163188,False
1800.0999999994583,30.000000000124693,30.000000000124693,-1.2469314469853998e-10,-2.4944313281594077e-10,13.74828839440791,13.748288394158466,False
