time_s,tec_temperature_c,measured_temperature_c,error_c,p_pwm,i_pwm,applied_pwm,saturated
0.1,23.197703960524017,23.197703960524017,6.8022960394759835,13.623076923076916,0.0,13.623076923076916,False
0.6,23.243539487927713,23.243539487927713,6.756460512072287,13.53115526907758,0.0,13.53115526907758,False
1.0999999999999999,23.288753622689303,23.288753622689303,6.711246377310697,13.440479797737865,0.0,13.440479797737865,False
1.6000000000000003,23.333354789034217,23.333354789034217,6.6666452109657826,13.351033614548676,0.0,13.351033614548676,False
2.1000000000000005,23.377351296980596,23.377351296980596,6.622648703019404,13.262800054039893,0.0,13.262800054039893,False
2.600000000000001,23.420751343887577,23.420751343887577,6.579248656112423,13.175762676675348,0.0,13.175762676675348,False
3.1000000000000014,23.46356301598265,23.46356301598265,6.5364369840173495,13.089905265789767,0.0,13.089905265789767,False
3.600000000000002,23.505794289868227,23.505794289868227,6.494205710131773,13.005211824567397,0.0,13.005211824567397,False
4.100000000000001,23.54745303400787,23.54745303400787,6.452546965992131,12.921666573061415,0.0,12.921666573061415,False
4.6,23.588547010192297,23.588547010192297,6.411452989807703,12.839253945253901,0.0,12.839253945253901,False
5.099999999999998,23.629083874985575,23.629083874985575,6.370916125014425,12.757958586155553,0.0,12.757958586155553,False
5.599999999999996,23.669071181151658,23.669071181151658,6.330928818848342,12.677765348944803,0.0,12.677765348944803,False
6.099999999999994,23.70851637906162,23.70851637906162,6.291483620938379,12.598659292145676,0.0,12.598659292145676,False
6.5999999999999925,23.74742681808178,23.74742681808178,6.252573181918219,12.520625676843906,0.0,12.520625676843906,False
7.099999999999991,23.785809747943052,23.785809747943052,6.214190252056948,12.443649963940821,0.0,12.443649963940821,False
7.599999999999989,23.82367232009166,23.82367232009166,6.17632767990834,12.367717811444443,0.0,12.367717811444443,False
8.099999999999987,23.861021589021625,23.861021589021625,6.138978410978375,12.2928150717973,0.0,12.2928150717973,False
8.599999999999985,23.897864513589138,23.897864513589138,6.102135486410862,12.218927789240468,0.0,12.218927789240468,False
9.099999999999984,23.9342079583091,23.9342079583091,6.0657920416909015,12.146042197213376,0.0,12.146042197213376,False
9.599999999999982,23.970058694634126,23.970058694634126,6.029941305365874,12.074144715788847,0.0,12.074144715788847,False
10.09999999999998,24.005423402216206,24.005423402216206,5.994576597783794,12.003221949142869,0.0,12.003221949142869,False
10.599999999999978,24.04030867015121,24.04030867015121,5.959691329848791,11.933260683058755,0.0,11.933260683058755,False
11.099999999999977,24.074720998206597,24.074720998206597,5.9252790017934025,11.864247882465044,0.0,11.864247882465044,False
11.599999999999975,24.108666798032406,24.108666798032406,5.891333201967594,11.796170689006871,0.0,11.796170689006871,False
12.099999999999973,24.142152394355886,24.142152394355886,5.857847605644114,11.729016418650197,0.0,11.729016418650197,False
12.599999999999971,24.175184026159908,24.175184026159908,5.824815973840092,11.66277255931854,0.0,11.66277255931854,False
13.09999999999997,24.20776784784539,24.20776784784539,5.792232152154611,11.597426768561753,0.0,11.597426768561753,False
13.599999999999968,24.23990993037799,24.23990993037799,5.760090069622009,11.532966871256377,0.0,11.532966871256377,False
14.099999999999966,24.27161626241924,24.27161626241924,5.72838373758076,11.469380857337214,0.0,11.469380857337214,False
14.599999999999964,24.30289275144231,24.30289275144231,5.697107248557689,11.406656879559634,0.0,11.406656879559634,False
15.099999999999962,24.33374522483274,24.33374522483274,5.6662547751672605,11.344783251292192,0.0,11.344783251292192,False
15.59999999999996,24.364179430974122,24.364179430974122,5.635820569025878,11.28374844433921,0.0,11.28374844433921,False
16.09999999999996,24.394201040319178,24.394201040319178,5.605798959680822,11.223541086792864,0.0,11.223541086792864,False
16.599999999999966,24.42381564644625,24.42381564644625,5.576184353553749,11.164149960914386,0.0,11.164149960914386,False
17.099999999999973,24.453028767101493,24.453028767101493,5.546971232898507,11.105564001043973,0.0,11.105564001043973,False
17.59999999999998,24.48184584522692,24.48184584522692,5.518154154773079,11.04777229153909,0.0,11.04777229153909,False
18.099999999999987,24.51027224997455,24.51027224997455,5.489727750025452,10.990764064740638,0.0,10.990764064740638,False
18.599999999999994,24.53831327770674,24.53831327770674,5.461686722293258,10.934528698966787,0.0,10.934528698966787,False
19.1,24.56597415298304,24.56597415298304,5.434025847016962,10.879055716533912,0.0,10.879055716533912,False
19.60000000000001,24.59326002953357,24.59326002953357,5.406739970466429,10.824334781804481,0.0,10.824334781804481,False
20.100000000000016,24.620175991219316,24.620175991219316,5.379824008780684,10.770355699261252,0.0,10.770355699261252,False
20.600000000000023,24.6467270529793,24.6467270529793,5.353272947020699,10.717108411607711,0.0,10.717108411607711,False
21.10000000000003,24.672918161764983,24.672918161764983,5.327081838235017,10.664582997894193,0.0,10.664582997894193,False
21.600000000000037,24.698754197461948,24.698754197461948,5.301245802538052,10.612769671669447,0.0,10.612769671669447,False
22.100000000000044,24.724239973799143,24.724239973799143,5.275760026200857,10.561658779157213,0.0,10.561658779157213,False
22.60000000000005,24.749380239245742,24.749380239245742,5.250619760754258,10.511240797457553,0.0,10.511240797457553,False
23.10000000000006,24.774179677895873,24.774179677895873,5.225820322104127,10.4615063327726,0.0,10.4615063327726,False
23.600000000000065,24.798642910341375,24.798642910341375,5.201357089658625,10.412446118656263,0.0,10.412446118656263,False
24.100000000000072,24.82277449453268,24.82277449453268,5.1772255054673195,10.364051014287718,0.0,10.364051014287718,False
24.60000000000008,24.84657892662804,24.84657892662804,5.153421073371959,10.31631200276837,0.0,10.31631200276837,False
25.100000000000087,24.87006064183125,24.87006064183125,5.129939358168748,10.269220189441782,0.0,10.269220189441782,False
25.600000000000094,24.89322401521802,24.89322401521802,5.106775984781979,10.222766800236442,0.0,10.222766800236442,False
26.1000000000001,24.91607336255111,24.91607336255111,5.08392663744889,10.176943180031003,0.0,10.176943180031003,False
26.600000000000108,24.93861294108445,24.93861294108445,5.06138705891555,10.131740791041679,0.0,10.131740791041679,False
27.100000000000115,24.96084695035634,24.96084695035634,5.039153049643659,10.0871512112315,0.0,10.0871512112315,False
27.600000000000122,24.98277953297191,24.98277953297191,5.017220467028089,10.043166132741106,0.0,10.043166132741106,False
28.10000000000013,25.004414775374944,25.004414775374944,4.9955852246250565,9.999777360340879,0.0,9.999777360340879,False
28.600000000000136,25.02575670860929,25.02575670860929,4.97424329139071,9.956976809903963,0.0,9.956976809903963,False
29.100000000000144,25.04680930906988,25.04680930906988,4.953190690930121,9.914756506900126,0.0,9.914756506900126,False
29.60000000000015,25.067576499243632,25.067576499243632,4.932423500756368,9.873108584909893,0.0,9.873108584909893,False
30.100000000000158,25.088062148440287,25.088062148440287,4.911937851559713,9.832025284158895,0.0,9.832025284158895,False
30.600000000000165,25.108270073513303,25.108270073513303,4.891729926486697,9.79149895007211,0.0,9.79149895007211,False
31.100000000000172,25.128204039571035,25.128204039571035,4.871795960428965,9.751522031847635,0.0,9.751522031847635,False
31.60000000000018,25.147867760678228,25.147867760678228,4.852132239321772,9.712087081049859,0.0,9.712087081049859,False
32.100000000000186,25.167264900548012,25.167264900548012,4.8327350994519875,9.673186750221696,0.0,9.673186750221696,False
32.60000000000019,25.186399073224532,25.186399073224532,4.813600926775468,9.63481379151559,0.0,9.63481379151559,False
33.1000000000002,25.205273843756306,25.205273843756306,4.794726156243694,9.596961055343108,0.0,9.596961055343108,False
33.60000000000021,25.22389272886046,25.22389272886046,4.776107271139541,9.559621489042854,0.0,9.559621489042854,False
34.100000000000215,25.24225919757795,25.24225919757795,4.757740802422049,9.522788135566422,0.0,9.522788135566422,False
34.60000000000022,25.26037667191992,25.26037667191992,4.739623328080079,9.486454132182182,0.0,9.486454132182182,False
35.10000000000023,25.27824852750528,25.27824852750528,4.72175147249472,9.45061270919659,0.0,9.45061270919659,False
35.600000000000236,25.295878094189632,25.295878094189632,4.704121905810368,9.415257188692934,0.0,9.415257188692934,False
36.10000000000024,25.31326865668571,25.31326865668571,4.686731343314289,9.380380983287047,0.0,9.380380983287047,False
36.60000000000025,25.33042345517537,25.33042345517537,4.669576544824629,9.345977594899992,0.0,9.345977594899992,False
37.10000000000026,25.347345685913286,25.347345685913286,4.652654314086714,9.312040613547353,0.0,9.312040613547353,False
37.600000000000264,25.36403850182248,25.36403850182248,4.635961498177519,9.27856371614493,0.0,9.27856371614493,False
38.10000000000027,25.38050501308178,25.38050501308178,4.61949498691822,9.245540665330608,0.0,9.245540665330608,False
38.60000000000028,25.39674828770528,25.39674828770528,4.603251712294721,9.212965308302273,0.0,9.212965308302273,False
39.100000000000286,25.41277135211398,25.41277135211398,4.587228647886018,9.180831575671391,0.0,9.180831575671391,False
39.60000000000029,25.42857719169968,25.42857719169968,4.571422808300319,9.149133480332168,0.0,9.149133480332168,False
40.1000000000003,25.44416875138118,25.44416875138118,4.555831248618819,9.117865116346088,0.0,9.117865116346088,False
40.60000000000031,25.459548936153002,25.459548936153002,4.540451063846998,9.087020657841457,0.0,9.087020657841457,False
41.100000000000314,25.474720611626626,25.474720611626626,4.525279388373374,9.056594357927992,0.0,9.056594357927992,False
41.60000000000032,25.489686604564415,25.489686604564415,4.510313395435585,9.026580547626047,0.0,9.026580547626047,False
42.10000000000033,25.50444970340629,25.50444970340629,4.495550296593709,8.996973634810395,0.0,8.996973634810395,False
42.600000000000335,25.519012658789265,25.519012658789265,4.480987341210735,8.967768103168282,0.0,8.967768103168282,False
43.10000000000034,25.533378184059945,25.533378184059945,4.466621815940055,8.938958511171663,0.0,8.938958511171663,False
43.60000000000035,25.547548955780076,25.547548955780076,4.452451044219924,8.910539491063332,0.0,8.910539491063332,False
44.10000000000036,25.561527614225227,25.561527614225227,4.438472385774773,8.882505747856825,0.0,8.882505747856825,False
44.600000000000364,25.575316763876735,25.575316763876735,4.424683236123265,8.854852058349834,0.0,8.854852058349834,False
45.10000000000037,25.588918973906953,25.588918973906953,4.411081026093047,8.82757327015107,0.0,8.82757327015107,False
45.60000000000038,25.602336778657953,25.602336778657953,4.397663221342047,8.800664300720243,0.0,8.800664300720243,False
46.100000000000385,25.615572678113697,25.615572678113697,4.384427321886303,8.77412013642111,0.0,8.77412013642111,False
46.60000000000039,25.62862913836585,25.62862913836585,4.371370861634151,8.747935831587355,0.0,8.747935831587355,False
47.1000000000004,25.641508592073247,25.641508592073247,4.358491407926753,8.722106507601076,0.0,8.722106507601076,False
47.600000000000406,25.654213438915153,25.654213438915153,4.3457865610848465,8.696627351983857,0.0,8.696627351983857,False
48.10000000000041,25.666746046038355,25.666746046038355,4.333253953961645,8.671493617500076,0.0,8.671493617500076,False
48.60000000000042,25.679108748498212,25.679108748498212,4.320891251501788,8.646700621272437,0.0,8.646700621272437,False
49.10000000000043,25.69130384969372,25.69130384969372,4.308696150306279,8.622243743909436,0.0,8.622243743909436,False
49.600000000000435,25.703333621796666,25.703333621796666,4.296666378203334,8.598118428644739,0.0,8.598118428644739,False
50.10000000000044,25.715200306174992,25.715200306174992,4.284799693825008,8.574320180488094,0.0,8.574320180488094,False
50.60000000000045,25.726906113810394,25.726906113810394,4.273093886189606,8.55084456538789,0.0,8.55084456538789,False
51.100000000000456,25.73845322571027,25.73845322571027,4.26154677428973,8.527687209404974,0.0,8.527687209404974,False
51.60000000000046,25.749843793314078,25.749843793314078,4.250156206685922,8.504843797897749,0.0,8.504843797897749,False
52.10000000000047,25.761079938894202,25.761079938894202,4.238920061105798,8.482310074718228,0.0,8.482310074718228,False
52.60000000000048,25.772163755951354,25.772163755951354,4.227836244048646,8.460081841419061,0.0,8.460081841419061,False
53.100000000000485,25.783097309604635,25.783097309604635,4.216902690395365,8.438154956471315,0.0,8.438154956471315,False
53.60000000000049,25.793882636976317,25.793882636976317,4.206117363023683,8.416525334492768,0.0,8.416525334492768,False
54.1000000000005,25.80452174757138,25.80452174757138,4.195478252428622,8.39518894548678,0.0,8.39518894548678,False
54.600000000000506,25.815016623651935,25.815016623651935,4.184983376348065,8.374141814091388,0.0,8.374141814091388,False
55.10000000000051,25.825369220606543,25.825369220606543,4.174630779393457,8.353380018838664,0.0,8.353380018838664,False
55.60000000000052,25.835581467314547,25.835581467314547,4.164418532685453,8.332899691424053,0.0,8.332899691424053,False
56.10000000000053,25.84565526650546,25.84565526650546,4.15434473349454,8.312697015985627,0.0,8.312697015985627,False
56.600000000000534,25.855592495113466,25.855592495113466,4.144407504886534,8.29276822839315,0.0,8.29276822839315,False
57.10000000000054,25.865395004627143,25.865395004627143,4.134604995372857,8.273109615546716,0.0,8.273109615546716,False
57.60000000000055,25.87506462143442,25.87506462143442,4.124935378565581,8.25371751468495,0.0,8.25371751468495,False
58.100000000000556,25.884603147162867,25.884603147162867,4.115396852837133,8.234588312702577,0.0,8.234588312702577,False
58.60000000000056,25.894012359015374,25.894012359015374,4.105987640984626,8.2157184454772,0.0,8.2157184454772,False
59.10000000000057,25.903294010101284,25.903294010101284,4.096705989898716,8.19710439720528,0.0,8.19710439720528,False
59.60000000000058,25.91244982976301,25.91244982976301,4.087550170236991,8.17874269974704,0.0,8.17874269974704,False
60.100000000000584,25.921481523898258,25.921481523898258,4.078518476101742,8.160629931980317,0.0,8.160629931980317,False
60.60000000000059,25.93039077527787,25.93039077527787,4.069609224722129,8.14276271916313,0.0,8.14276271916313,False
61.1000000000006,25.939179243859346,25.939179243859346,4.060820756140654,8.1251377323049,0.0,8.1251377323049,False
61.600000000000605,25.94784856709612,25.94784856709612,4.05215143290388,8.107751687546198,0.0,8.107751687546198,False
62.10000000000061,25.956400360242668,25.956400360242668,4.043599639757332,8.090601345546915,0.0,8.090601345546915,False
62.60000000000062,25.964836216655442,25.964836216655442,4.035163783344558,8.073683510882695,0.0,8.073683510882695,False
63.10000000000063,25.973157708089744,25.973157708089744,4.026842291910256,8.056995031449588,0.0,8.056995031449588,False
63.600000000000634,25.981366384992576,25.981366384992576,4.018633615007424,8.040532797876736,0.0,8.040532797876736,False
64.10000000000063,25.98946377679152,25.98946377679152,4.010536223208479,8.024293742947052,0.0,8.024293742947052,False
64.6000000000006,25.9974513921797,25.9974513921797,4.002548607820302,8.008274841025731,0.0,8.008274841025731,False
65.10000000000058,26.005330719396852,26.005330719396852,3.994669280603148,7.992473107496544,0.0,7.992473107496544,False
65.60000000000055,26.01310322650666,26.01310322650666,3.9868967734933385,7.976885598205712,0.0,7.976885598205712,False
66.10000000000052,26.02077036167025,26.02077036167025,3.9792296383297483,7.961509408913372,0.0,7.961509408913372,False
66.60000000000049,26.028333553416005,26.028333553416005,3.9716664465839955,7.946341674752475,0.0,7.946341674752475,False
67.10000000000046,26.035794210905735,26.035794210905735,3.9642057890942652,7.931379569695004,0.0,7.931379569695004,False
67.60000000000043,26.043153724197236,26.043153724197236,3.9568462758027643,7.916620306025436,0.0,7.916620306025436,False
68.1000000000004,26.050413464503286,26.050413464503286,3.9495865354967137,7.902061133821299,0.0,7.902061133821299,False
68.60000000000038,26.057574784447112,26.057574784447112,3.9424252155528876,7.887699340440868,0.0,7.887699340440868,False
69.10000000000035,26.064639018314423,26.064639018314423,3.9353609816855766,7.8735322500177105,0.0,7.8735322500177105,False
69.60000000000032,26.071607482301996,26.071607482301996,3.928392517698004,7.859557222962152,0.0,7.859557222962152,False
70.10000000000029,26.078481474762913,26.078481474762913,3.9215185252370865,7.845771655469463,0.0,7.845771655469463,False
70.60000000000026,26.085262276448486,26.085262276448486,3.9147377235515144,7.832172979034709,0.0,7.832172979034709,False
71.10000000000024,26.091951150746862,26.091951150746862,3.908048849253138,7.818758659974186,0.0,7.818758659974186,False
71.60000000000021,26.098549343918425,26.098549343918425,3.9014506560815754,7.8055261989533875,0.0,7.8055261989533875,False
72.10000000000018,26.105058085327997,26.105058085327997,3.8949419146720032,7.792473130521287,0.0,7.792473130521287,False
72.60000000000015,26.111478587673894,26.111478587673894,3.8885214123261065,7.779597022651004,0.0,7.779597022651004,False
73.10000000000012,26.117812047213864,26.117812047213864,3.8821879527861363,7.766895476286663,0.0,7.766895476286663,False
73.6000000000001,26.124059643987984,26.124059643987984,3.8759403560120163,7.754366124896421,0.0,7.754366124896421,False
74.10000000000007,26.13022254203851,26.13022254203851,3.86977745796149,7.742006634031526,0.0,7.742006634031526,False
74.60000000000004,26.13630188962677,26.13630188962677,3.8636981103732317,7.729814700891367,0.0,7.729814700891367,False
75.10000000000001,26.142298819447106,26.142298819447106,3.857701180552894,7.717788053894417,0.0,7.717788053894417,False
75.59999999999998,26.14821444883792,26.14821444883792,3.851785551162081,7.70592445225499,0.0,7.70592445225499,False
76.09999999999995,26.154049879989827,26.154049879989827,3.8459501200101727,7.694221685565772,0.0,7.694221685565772,False
76.59999999999992,26.159806200151053,26.159806200151053,3.8401937998489473,7.682677573385952,0.0,7.682677573385952,False
77.0999999999999,26.165484481829978,26.165484481829978,3.834515518170022,7.671289964834969,0.0,7.671289964834969,False
77.59999999999987,26.17108578299499,26.17108578299499,3.8289142170050106,7.66005673819177,0.0,7.66005673819177,False
78.09999999999984,26.176611147271586,26.176611147271586,3.8233888527284137,7.648975800499478,0.0,7.648975800499478,False
78.59999999999981,26.182061604136816,26.182061604136816,3.817938395863184,7.638045087175485,0.0,7.638045087175485,False
79.09999999999978,26.1874381691111,26.1874381691111,3.8125618308888996,7.627262561626729,0.0,7.627262561626729,False
79.59999999999975,26.192741843947452,26.192741843947452,3.807258156052548,7.616626214870244,0.0,7.616626214870244,False
80.09999999999972,26.197973616818096,26.197973616818096,3.8020263831819037,7.606134065158891,0.0,7.606134065158891,False
80.5999999999997,26.20313446249861,26.20313446249861,3.7968655375013896,7.595784157612066,0.0,7.595784157612066,False
81.09999999999967,26.208225342549525,26.208225342549525,3.7917746574504747,7.585574563851516,0.0,7.585574563851516,False
81.59999999999964,26.213247205495477,26.213247205495477,3.7867527945045225,7.5755033816420365,0.0,7.5755033816420365,False
82.09999999999961,26.218200987001968,26.218200987001968,3.7817990129980323,7.565568734537024,0.0,7.565568734537024,False
82.59999999999958,26.223087610049657,26.223087610049657,3.7769123899503434,7.555768771528882,0.0,7.555768771528882,False
83.09999999999955,26.227907985106352,26.227907985106352,3.772092014893648,7.546101666704146,0.0,7.546101666704146,False
83.59999999999953,26.232663010296644,26.232663010296644,3.767336989703356,7.536565618903268,0.0,7.536565618903268,False
84.0999999999995,26.237353571569233,26.237353571569233,3.7626464284307666,7.527158851385046,0.0,7.527158851385046,False
84.59999999999947,26.241980542862017,26.241980542862017,3.7580194571379835,7.517879611495559,0.0,7.517879611495559,False
85.09999999999944,26.2465447862649,26.2465447862649,3.7534552137351014,7.508726170341646,0.0,7.508726170341646,False
85.59999999999941,26.251047152180426,26.251047152180426,3.7489528478195737,7.499696822468749,0.0,7.499696822468749,False
86.09999999999938,26.255488479482228,26.255488479482228,3.744511520517772,7.490789885543201,0.0,7.490789885543201,False
86.59999999999935,26.259869595671322,26.259869595671322,3.740130404328678,7.48200370003871,0.0,7.48200370003871,False
87.09999999999933,26.264191317030285,26.264191317030285,3.735808682969715,7.473336628927228,0.0,7.473336628927228,False
87.5999999999993,26.268454448775344,26.268454448775344,3.731545551224656,7.46478705737389,0.0,7.46478705737389,False
88.09999999999927,26.272659785206404,26.272659785206404,3.727340214793596,7.456353392436171,0.0,7.456353392436171,False
88.59999999999924,26.276808109855033,26.276808109855033,3.7231918901449674,7.448034062767071,0.0,7.448034062767071,False
89.09999999999921,26.280900195630462,26.280900195630462,3.719099804369538,7.4398275183223745,0.0,7.4398275183223745,False
89.59999999999918,26.284936804963586,26.284936804963586,3.7150631950364144,7.431732230071802,0.0,7.431732230071802,False
90.09999999999916,26.288918689949,26.288918689949,3.711081310051,7.423746689714193,0.0,7.423746689714193,False
90.59999999999913,26.292846592485173,26.292846592485173,3.707153407514827,7.415869409396393,0.0,7.415869409396393,False
91.0999999999991,26.29672124441264,26.29672124441264,3.703278755587359,7.408098921436093,0.0,7.408098921436093,False
91.59999999999907,26.300543367650356,26.300543367650356,3.6994566323496443,7.400433778048395,0.0,7.400433778048395,False
92.09999999999904,26.304313674330224,26.304313674330224,3.695686325669776,7.39287255107601,0.0,7.39287255107601,False
92.59999999999901,26.30803286692977,26.30803286692977,3.6919671330702286,7.385413831723191,0.0,7.385413831723191,False
93.09999999999899,26.311701638403022,26.311701638403022,3.6882983615969778,7.378056230293268,0.0,7.378056230293268,False
93.59999999999896,26.315320672309625,26.315320672309625,3.6846793276903753,7.370798375929674,0.0,7.370798375929674,False
94.09999999999893,26.318890642942204,26.318890642942204,3.681109357057796,7.363638916360564,0.0,7.363638916360564,False
94.5999999999989,26.322412215451987,26.322412215451987,3.677587784548013,7.356576517646857,0.0,7.356576517646857,False
95.09999999999887,26.325886045972748,26.325886045972748,3.674113954027252,7.3496098639336935,0.0,7.3496098639336935,False
95.59999999999884,26.32931278174304,26.32931278174304,3.6706872182569583,7.3427376572052765,0.0,7.3427376572052765,False
96.09999999999881,26.33269306122681,26.33269306122681,3.6673069387731907,7.335958617043019,0.0,7.335958617043019,False
96.59999999999879,26.336027514232335,26.336027514232335,3.6639724857676654,7.329271480386964,0.0,7.329271480386964,False
97.09999999999876,26.339316762029572,26.339316762029572,3.660683237970428,7.322675001300496,0.0,7.322675001300496,False
97.59999999999873,26.342561417465927,26.342561417465927,3.6574385825340734,7.316167950738148,0.0,7.316167950738148,False
98.0999999999987,26.345762085080423,26.345762085080423,3.6542379149195767,7.309749116316645,0.0,7.309749116316645,False
98.59999999999867,26.34891936121634,26.34891936121634,3.651080638783661,7.303417302089009,0.0,7.303417302089009,False
99.09999999999864,26.352033834132325,26.352033834132325,3.6479661658676754,7.297171328321717,0.0,7.297171328321717,False
99.59999999999862,26.35510608411201,26.35510608411201,3.644893915887991,7.291010031274887,0.0,7.291010031274887,False
100.09999999999859,26.358136683572102,26.358136683572102,3.641863316427898,7.284932262985507,0.0,7.284932262985507,False
100.59999999999856,26.361126197169057,26.361126197169057,3.6388738028309433,7.278936891053483,0.0,7.278936891053483,False
101.09999999999853,26.36407518190428,26.36407518190428,3.63592481809572,7.273022798430681,0.0,7.273022798430681,False
101.5999999999985,26.3669841872279,26.3669841872279,3.6330158127721006,7.267188883212803,0.0,7.267188883212803,False
102.09999999999847,26.369853755141143,26.369853755141143,3.6301462448588566,7.261434058434077,0.0,7.261434058434077,False
102.59999999999845,26.372684420297333,26.372684420297333,3.6273155797026675,7.255757251864722,0.0,7.255757251864722,False
103.09999999999842,26.37547671010147,26.37547671010147,3.62452328989853,7.2501574058112155,0.0,7.2501574058112155,False
103.59999999999839,26.37823114480854,26.37823114480854,3.6217688551914584,7.2446334769191765,0.0,7.2446334769191765,False
104.09999999999836,26.380948237620423,26.380948237620423,3.619051762379577,7.239184435978984,0.0,7.239184435978984,False
104.59999999999833,26.383628494781522,26.383628494781522,3.6163715052184777,7.233809267734017,0.0,7.233809267734017,False
105.0999999999983,26.386272415673066,26.386272415673066,3.6137275843269343,7.2285069706915195,0.0,7.2285069706915195,False
105.59999999999827,26.38888049290618,26.38888049290618,3.6111195070938216,7.223276556935957,0.0,7.223276556935957,False
106.09999999999825,26.391453212413644,26.391453212413644,3.6085467875863557,7.2181170519449935,0.0,7.2181170519449935,False
106.59999999999822,26.39399105354046,26.39399105354046,3.6060089464595393,7.213027494407896,0.0,7.213027494407896,False
107.09999999999819,26.396494489133133,26.396494489133133,3.603505510866867,7.2080069360464165,0.0,7.2080069360464165,False
107.59999999999816,26.398963985627784,26.398963985627784,3.601036014372216,7.203054441438148,0.0,7.203054441438148,False
108.09999999999813,26.401400003137066,26.401400003137066,3.5985999968629336,7.198169087842189,0.0,7.198169087842189,False
108.5999999999981,26.40380299553587,26.40380299553587,3.5961970044641305,7.193349965027252,0.0,7.193349965027252,False
109.09999999999808,26.406173410545904,26.406173410545904,3.593826589454096,7.188596175102063,0.0,7.188596175102063,False
109.59999999999805,26.408511689819107,26.408511689819107,3.5914883101808925,7.183906832348086,0.0,7.183906832348086,False
110.09999999999802,26.410818269019952,26.410818269019952,3.589181730980048,7.1792810630544395,0.0,7.1792810630544395,False
110.59999999999799,26.413093577906583,26.413093577906583,3.586906422093417,7.174718005355196,0.0,7.174718005355196,False
111.09999999999796,26.415338040410926,26.415338040410926,3.5846619595890736,7.170216809068705,0.0,7.170216809068705,False
111.59999999999793,26.417552074717655,26.417552074717655,3.582447925282345,7.165776635539267,0.0,7.165776635539267,False
112.0999999999979,26.41973609334211,26.41973609334211,3.5802639066578905,7.161396657480829,0.0,7.161396657480829,False
112.59999999999788,26.42189050320715,26.42189050320715,3.5781094967928517,7.157076058822874,0.0,7.157076058822874,False
113.09999999999785,26.42401570571898,26.42401570571898,3.575984294281021,7.152814034558368,0.0,7.152814034558368,False
113.59999999999782,26.426112096841955,26.426112096841955,3.5738879031580453,7.148609790593724,0.0,7.148609790593724,False
114.09999999999779,26.428180067172313,26.428180067172313,3.5718199328276867,7.14446254360093,0.0,7.14446254360093,False
114.59999999999776,26.430220002010984,26.430220002010984,3.5697799979890164,7.140371520871554,0.0,7.140371520871554,False
115.09999999999773,26.432232281435372,26.432232281435372,3.567767718564628,7.136335960172765,0.0,7.136335960172765,False
115.5999999999977,26.43421728037017,26.43421728037017,3.56578271962983,7.132355109605328,0.0,7.132355109605328,False
116.09999999999768,26.43617536865721,26.43617536865721,3.56382463134279,7.12842822746353,0.0,7.12842822746353,False
116.59999999999765,26.438106911124382,26.438106911124382,3.5618930888756175,7.124554582096948,0.0,7.124554582096948,False
117.09999999999762,26.44001226765359,26.44001226765359,3.5599877323464106,7.120733451774157,0.0,7.120733451774157,False
117.59999999999759,26.441891793247823,26.441891793247823,3.558108206752177,7.116964124548261,0.0,7.116964124548261,False
118.09999999999756,26.443745838097296,26.443745838097296,3.5562541619027037,7.1132458981242195,0.0,7.1132458981242195,False
118.59999999999754,26.44557474764468,26.44557474764468,3.554425252355319,7.109578079728017,0.0,7.109578079728017,False
119.09999999999751,26.447378862649487,26.447378862649487,3.5526211373505134,7.1059599859775915,0.0,7.1059599859775915,False
119.59999999999748,26.449158519251547,26.449158519251547,3.5508414807484527,7.102390942755477,0.0,7.102390942755477,False
120.09999999999745,26.45091404903363,26.45091404903363,3.5490859509663686,7.098870285083251,0.0,7.098870285083251,False
120.59999999999742,26.452645779083248,26.452645779083248,3.547354220916752,7.095397356997594,0.0,7.095397356997594,False
121.0999999999974,26.454354032053583,26.454354032053583,3.5456459679464167,7.091971511428078,0.0,7.091971511428078,False
121.59999999999737,26.456039126223597,26.456039126223597,3.5439608737764026,7.0885921100766325,0.0,7.0885921100766325,False
122.09999999999734,26.45770137555735,26.45770137555735,3.542298624442651,7.0852585232985845,0.0,7.0852585232985845,False
122.59999999999731,26.459341089762486,26.459341089762486,3.5406589102375143,7.081970129985365,0.0,7.081970129985365,False
123.09999999999728,26.460958574347938,26.460958574347938,3.539041425652062,7.078726317448776,0.0,7.078726317448776,False
123.59999999999725,26.46255413068085,26.46255413068085,3.53744586931915,7.075526481306852,0.0,7.075526481306852,False
124.09999999999722,26.464128056042735,26.464128056042735,3.5358719439572646,7.072370025371228,0.0,7.072370025371228,False
124.5999999999972,26.465680643684856,26.465680643684856,3.5343193563151445,7.069256361536063,0.0,7.069256361536063,False
125.09999999999717,26.467212182882857,26.467212182882857,3.5327878171171427,7.066184909668493,0.0,7.066184909668493,False
125.59999999999714,26.468722958990686,26.468722958990686,3.5312770410093144,7.063155097500491,0.0,7.063155097500491,False
126.09999999999711,26.470213253493732,26.470213253493732,3.529786746506268,7.0601663605223095,0.0,7.0601663605223095,False
126.59999999999708,26.471683344061287,26.471683344061287,3.5283166559387134,7.057218141877229,0.0,7.057218141877229,False
127.09999999999705,26.47313350459828,26.47313350459828,3.5268664954017197,7.054309892257869,0.0,7.054309892257869,False
127.59999999999702,26.474564005296315,26.474564005296315,3.5254359947036846,7.051441069803786,0.0,7.051441069803786,False
128.099999999997,26.47597511268399,26.47597511268399,3.52402488731601,7.048611140000567,0.0,7.048611140000567,False
128.59999999999698,26.477367089676584,26.477367089676584,3.5226329103234164,7.045819575580218,0.0,7.045819575580218,False
129.09999999999695,26.478740195625033,26.478740195625033,3.521259804374967,7.043065856422892,0.0,7.043065856422892,False
129.59999999999692,26.48009468636424,26.48009468636424,3.5199053136357605,7.04034946946004,0.0,7.04034946946004,False
130.0999999999969,26.481430814260758,26.481430814260758,3.518569185739242,7.037669908578785,0.0,7.037669908578785,False
130.59999999999687,26.482748828259812,26.482748828259812,3.517251171740188,7.035026674527607,0.0,7.035026674527607,False
131.09999999999684,26.484048973931664,26.484048973931664,3.515951026068336,7.032419274823354,0.0,7.032419274823354,False
131.5999999999968,26.48533149351738,26.48533149351738,3.5146685064826215,7.0298472236594804,0.0,7.0298472236594804,False
132.09999999999678,26.486596625973956,26.486596625973956,3.513403374026044,7.027310041815518,0.0,7.027310041815518,False
132.59999999999675,26.487844607018857,26.487844607018857,3.5121553929811427,7.024807256567804,0.0,7.024807256567804,False
133.09999999999673,26.489075669173925,26.489075669173925,3.510924330826075,7.022338401601374,0.0,7.022338401601374,False
133.5999999999967,26.490290041808688,26.490290041808688,3.509709958191312,7.019903016923109,0.0,7.019903016923109,False
134.09999999999667,26.491487951183124,26.491487951183124,3.5085120488168755,7.0175006487760285,0.0,7.0175006487760285,False
134.59999999999664,26.492669620489792,26.492669620489792,3.5073303795102078,7.015130849554723,0.0,7.015130849554723,False
135.0999999999966,26.49383526989543,26.49383526989543,3.506164730104569,7.012793177722003,0.0,7.012793177722003,False
135.59999999999658,26.49498511658198,26.49498511658198,3.5050148834180206,7.010487197726569,0.0,7.010487197726569,False
136.09999999999656,26.496119374787035,26.496119374787035,3.5038806252129646,7.008212479921909,0.0,7.008212479921909,False
136.59999999999653,26.49723825584378,26.49723825584378,3.5027617441562207,7.005968600486234,0.0,7.005968600486234,False
137.0999999999965,26.49834196822034,26.49834196822034,3.501658031779659,7.003755141343511,0.0,7.003755141343511,False
137.59999999999647,26.499430717558656,26.499430717558656,3.5005692824413437,7.001571690085562,0.0,7.001571690085562,False
138.09999999999644,26.500504706712757,26.500504706712757,3.499495293287243,6.99941783989523,0.0,6.99941783989523,False
138.5999999999964,26.50156413578659,26.50156413578659,3.498435864213409,6.997293189470589,0.0,6.997293189470589,False
139.09999999999638,26.502609202171293,26.502609202171293,3.4973907978287073,6.9951973429501635,0.0,6.9951973429501635,False
139.59999999999636,26.503640100581965,26.503640100581965,3.496359899418035,6.993129909839169,0.0,6.993129909839169,False
140.09999999999633,26.504657023093955,26.504657023093955,3.495342976906045,6.991090504936771,0.0,6.991090504936771,False
140.5999999999963,26.505660159178635,26.505660159178635,3.4943398408213646,6.989078748264305,0.0,6.989078748264305,False
141.09999999999627,26.506649695738727,26.506649695738727,3.4933503042612735,6.987094264994475,0.0,6.987094264994475,False
141.59999999999624,26.5076258171431,26.5076258171431,3.4923741828568993,6.985136685381526,0.0,6.985136685381526,False
142.09999999999621,26.50858870526114,26.50858870526114,3.4914112947388602,6.9832056446923545,0.0,6.9832056446923545,False
142.5999999999962,26.50953853949662,26.50953853949662,3.4904614605033792,6.981300783138529,0.0,6.981300783138529,False
143.09999999999616,26.510475496821144,26.510475496821144,3.489524503178856,6.97942174580929,0.0,6.97942174580929,False
143.59999999999613,26.511399751807097,26.511399751807097,3.4886002481929026,6.977568182605403,0.0,6.977568182605403,False
144.0999999999961,26.5123114766602,26.5123114766602,3.4876885233397985,6.975739748173936,0.0,6.975739748173936,False
144.59999999999607,26.51321084125157,26.51321084125157,3.4867891587484294,6.97393610184389,0.0,6.97393610184389,False
145.09999999999604,26.514098013149383,26.514098013149383,3.4859019868506174,6.972156907562777,0.0,6.972156907562777,False
145.59999999999602,26.514973157650093,26.514973157650093,3.4850268423499067,6.9704018338339395,0.0,6.9704018338339395,False
146.099999999996,26.515836437809224,26.515836437809224,3.4841635621907763,6.968670553654846,0.0,6.968670553654846,False
146.59999999999596,26.516688014471757,26.516688014471757,3.4833119855282426,6.966962744456147,0.0,6.966962744456147,False
147.09999999999593,26.517528046302104,26.517528046302104,3.482471953697896,6.9652780880415435,0.0,6.9652780880415435,False
147.5999999999959,26.518356689813647,26.518356689813647,3.481643310186353,6.963616270528547,0.0,6.963616270528547,False
148.09999999999587,26.51917409939792,26.51917409939792,3.480825900602081,6.961976982289983,0.0,6.961976982289983,False
148.59999999999584,26.51998042735338,26.51998042735338,3.4800195726466185,6.9603599178962625,0.0,6.9603599178962625,False
149.09999999999582,26.520775823913763,26.520775823913763,3.4792241760862375,6.958764776058537,0.0,6.958764776058537,False
149.5999999999958,26.521560437276083,26.521560437276083,3.478439562723917,6.957191259572532,0.0,6.957191259572532,False
150.09999999999576,26.522334413628254,26.522334413628254,3.477665586371746,6.955639075263157,0.0,6.955639075263157,False
150.59999999999573,26.523097897176314,26.523097897176314,3.4769021028236864,6.954107933929912,0.0,6.954107933929912,False
151.0999999999957,26.523851030171297,26.523851030171297,3.476148969828703,6.952597550292985,0.0,6.952597550292985,False
151.59999999999567,26.524593952935746,26.524593952935746,3.4754060470642543,6.951107642940109,0.0,6.951107642940109,False
152.09999999999565,26.52532680388984,26.52532680388984,3.4746731961101602,6.949637934274122,0.0,6.949637934274122,False
152.59999999999562,26.5260497195772,26.5260497195772,3.4739502804228017,6.948188150461256,0.0,6.948188150461256,False
153.0999999999956,26.52676283469032,26.52676283469032,3.47323716530968,6.946758021380099,0.0,6.946758021380099,False
153.59999999999556,26.527466282095677,26.527466282095677,3.472533717904323,6.9453472805712835,0.0,6.9453472805712835,False
154.09999999999553,26.528160192858465,26.528160192858465,3.471839807141535,6.943955665187836,0.0,6.943955665187836,False
154.5999999999955,26.52884469626703,26.52884469626703,3.4711553037329708,6.942582915946204,0.0,6.942582915946204,False
155.09999999999548,26.529519919856952,26.529519919856952,3.470480080143048,6.9412287770779315,0.0,6.9412287770779315,False
155.59999999999545,26.53018598943482,26.53018598943482,3.4698140105651802,6.939892996282019,0.0,6.939892996282019,False
156.09999999999542,26.530843029101646,26.530843029101646,3.4691569708983536,6.938575324677942,0.0,6.938575324677942,False
156.5999999999954,26.53149116127602,26.53149116127602,3.468508838723981,6.9372755167592075,0.0,6.9372755167592075,False
157.09999999999536,26.53213050671689,26.53213050671689,3.4678694932831107,6.935993330347692,0.0,6.935993330347692,False
157.59999999999533,26.53276118454608,26.53276118454608,3.4672388154539213,6.934728526548469,0.0,6.934728526548469,False
158.0999999999953,26.533383312270477,26.533383312270477,3.4666166877295232,6.933480869705299,0.0,6.933480869705299,False
158.59999999999528,26.533997005803922,26.533997005803922,3.466002994196078,6.932250127356767,0.0,6.932250127356767,False
159.09999999999525,26.534602379488817,26.534602379488817,3.465397620511183,6.931036070192917,0.0,6.931036070192917,False
159.59999999999522,26.535199546117425,26.535199546117425,3.4648004538825745,6.929838472012548,0.0,6.929838472012548,False
160.0999999999952,26.53578861695287,26.53578861695287,3.464211383047129,6.928657109681097,0.0,6.928657109681097,False
160.59999999999516,26.536369701749898,26.536369701749898,3.463630298250102,6.927491763089009,0.0,6.927491763089009,False
161.09999999999513,26.5369429087753,26.5369429087753,3.4630570912247016,6.926342215110758,0.0,6.926342215110758,False
161.5999999999951,26.53750834482809,26.53750834482809,3.4624916551719096,6.925208251564406,0.0,6.925208251564406,False
162.09999999999508,26.53806611525942,26.53806611525942,3.4619338847405814,6.924089661171678,0.0,6.924089661171678,False
162.59999999999505,26.538616323992176,26.538616323992176,3.4613836760078236,6.922986235518593,0.0,6.922986235518593,False
163.09999999999502,26.53915907354037,26.53915907354037,3.4608409264596283,6.9218977690166525,0.0,6.9218977690166525,False
163.599999999995,26.539694465028244,26.539694465028244,3.4603055349717557,6.920824058864504,0.0,6.920824058864504,False
164.09999999999496,26.540222598209073,26.540222598209073,3.4597774017909266,6.919764905010197,0.0,6.919764905010197,False
164.59999999999494,26.540743571483798,26.540743571483798,3.459256428516202,6.918720110113867,0.0,6.918720110113867,False
165.0999999999949,26.541257481919324,26.541257481919324,3.458742518080676,6.917689479510997,0.0,6.917689479510997,False
165.59999999999488,26.54176442526662,26.54176442526662,3.4582355747333793,6.916672821176135,0.0,6.916672821176135,False
166.09999999999485,26.54226449597857,26.54226449597857,3.4577355040214286,6.915669945687128,0.0,6.915669945687128,False
166.59999999999482,26.542757787227544,26.542757787227544,3.4572422127724565,6.914680666189817,0.0,6.914680666189817,False
167.0999999999948,26.543244390922784,26.543244390922784,3.4567556090772165,6.913704798363213,0.0,6.913704798363213,False
167.59999999999476,26.54372439772751,26.54372439772751,3.456275602272491,6.912742160385193,0.0,6.912742160385193,False
168.09999999999474,26.544197897075822,26.544197897075822,3.455802102924178,6.911792572898584,0.0,6.911792572898584,False
168.5999999999947,26.54466497718937,26.54466497718937,3.4553350228106297,6.910855858977762,0.0,6.910855858977762,False
169.09999999999468,26.545125725093776,26.545125725093776,3.4548742749062242,6.9099318440956665,0.0,6.9099318440956665,False
169.59999999999465,26.545580226634847,26.545580226634847,3.454419773365153,6.909020356091332,0.0,6.909020356091332,False
170.09999999999462,26.546028566494584,26.546028566494584,3.4539714335054157,6.9081212251377835,0.0,6.9081212251377835,False
170.5999999999946,26.546470828206967,26.546470828206967,3.4535291717930328,6.907234283710352,0.0,6.907234283710352,False
171.09999999999457,26.54690709417348,26.54690709417348,3.4530929058265194,6.9063593665555345,0.0,6.9063593665555345,False
171.59999999999454,26.547337445678505,26.547337445678505,3.4526625543214955,6.905496310660169,0.0,6.905496310660169,False
172.0999999999945,26.54776196290445,26.54776196290445,3.452238037095551,6.904644955221052,0.0,6.904644955221052,False
172.59999999999448,26.548180724946675,26.548180724946675,3.4518192750533245,6.90380514161501,0.0,6.90380514161501,False
173.09999999999445,26.54859380982827,26.54859380982827,3.4514061901717312,6.9029767133692985,0.0,6.9029767133692985,False
173.59999999999442,26.549001294514547,26.549001294514547,3.4509987054854534,6.9021595161324925,0.0,6.9021595161324925,False
174.0999999999944,26.549403254927405,26.549403254927405,3.4505967450725947,6.901353397645693,0.0,6.901353397645693,False
174.59999999999437,26.54979976595946,26.54979976595946,3.4502002340405404,6.900558207714212,0.0,6.900558207714212,False
175.09999999999434,26.55019090148802,26.55019090148802,3.449809098511981,6.899773798179524,0.0,6.899773798179524,False
175.5999999999943,26.55057673438883,26.55057673438883,3.44942326561117,6.899000022891684,0.0,6.899000022891684,False
176.09999999999428,26.55095733654966,26.55095733654966,3.4490426634503386,6.898236737682133,0.0,6.898236737682133,False
176.59999999999425,26.551332778883705,26.551332778883705,3.4486672211162954,6.897483800336772,0.0,6.897483800336772,False
177.09999999999422,26.551703131342766,26.551703131342766,3.448296868657234,6.896741070569533,0.0,6.896741070569533,False
177.5999999999942,26.552068462930336,26.552068462930336,3.447931537069664,6.896008409996178,0.0,6.896008409996178,False
178.09999999999417,26.55242884171441,26.55242884171441,3.447571158285591,6.895285682108565,0.0,6.895285682108565,False
178.59999999999414,26.552784334840183,26.552784334840183,3.447215665159817,6.894572752249182,0.0,6.894572752249182,False
179.0999999999941,26.553135008542572,26.553135008542572,3.446864991457428,6.89386948758608,0.0,6.89386948758608,False
179.59999999999408,26.553480928158535,26.553480928158535,3.4465190718414647,6.893175757088116,0.0,6.893175757088116,False
180.09999999999405,26.553822158139273,26.553822158139273,3.4461778418607274,6.892491431500517,0.0,6.892491431500517,False
180.59999999999403,26.554158762062208,26.554158762062208,3.445841237937792,6.89181638332083,0.0,6.89181638332083,False
181.099999999994,26.554490802642842,26.554490802642842,3.4455091973571577,6.891150486775167,0.0,6.891150486775167,False
181.59999999999397,26.554818341746447,26.554818341746447,3.445181658253553,6.890493617794746,0.0,6.890493617794746,False
182.09999999999394,26.555141440399588,26.555141440399588,3.444858559600412,6.889845653992779,0.0,6.889845653992779,False
182.5999999999939,26.555460158801484,26.555460158801484,3.444539841198516,6.889206474641696,0.0,6.889206474641696,False
183.09999999999388,26.555774556335248,26.555774556335248,3.4442254436647524,6.888575960650613,0.0,6.888575960650613,False
183.59999999999386,26.556084691578924,26.556084691578924,3.443915308421076,6.88795399454316,0.0,6.88795399454316,False
184.09999999999383,26.55639062231641,26.55639062231641,3.4436093776835897,6.887340460435624,0.0,6.887340460435624,False
184.5999999999938,26.55669240554824,26.55669240554824,3.4433075944517597,6.8867352440152985,0.0,6.8867352440152985,False
185.09999999999377,26.556990097502183,26.556990097502183,3.443009902497817,6.886138232519222,0.0,6.886138232519222,False
185.59999999999374,26.557283753643727,26.557283753643727,3.442716246356273,6.885549314713174,0.0,6.885549314713174,False
186.0999999999937,26.557573428686414,26.557573428686414,3.442426571313586,6.884968380870923,0.0,6.884968380870923,False
186.59999999999368,26.557859176602044,26.557859176602044,3.4421408233979562,6.884395322753797,0.0,6.884395322753797,False
187.09999999999366,26.5581410506307,26.5581410506307,3.4418589493693013,6.8838300335905345,0.0,6.8838300335905345,False
187.59999999999363,26.558419103290706,26.558419103290706,3.4415808967092936,6.8832724080573655,0.0,6.8832724080573655,False
188.0999999999936,26.558693386388395,26.558693386388395,3.441306613611605,6.8827223422583685,0.0,6.8827223422583685,False
188.59999999999357,26.55896395102775,26.55896395102775,3.4410360489722507,6.882179733706181,0.0,6.882179733706181,False
189.09999999999354,26.559230847619943,26.559230847619943,3.4407691523800565,6.881644481302843,0.0,6.881644481302843,False
189.5999999999935,26.559494125892726,26.559494125892726,3.4405058741072736,6.881116485320966,0.0,6.881116485320966,False
190.09999999999349,26.559753834899684,26.559753834899684,3.440246165100316,6.880595647385192,0.0,6.880595647385192,False
190.59999999999346,26.56001002302938,26.56001002302938,3.439989976970619,6.880081870453829,0.0,6.880081870453829,False
191.09999999999343,26.560262738014387,26.560262738014387,3.439737261985613,6.879575058800775,0.0,6.879575058800775,False
191.5999999999934,26.56051202694015,26.56051202694015,3.439487973059851,6.879075117997694,0.0,6.879075117997694,False
192.09999999999337,26.560757936253786,26.560757936253786,3.4392420637462138,6.878581954896411,0.0,6.878581954896411,False
192.59999999999334,26.56100051177273,26.56100051177273,3.438999488227271,6.878095477611566,0.0,6.878095477611566,False
193.09999999999332,26.56123979869326,26.56123979869326,3.4387602013067387,6.877615595503478,0.0,6.877615595503478,False
193.5999999999933,26.56147584159894,26.56147584159894,3.4385241584010586,6.877142219161286,0.0,6.877142219161286,False
194.09999999999326,26.561708684468904,26.561708684468904,3.438291315531096,6.876675260386264,0.0,6.876675260386264,False
194.59999999999323,26.56193837068606,26.56193837068606,3.438061629313939,6.876214632175397,0.0,6.876214632175397,False
195.0999999999932,26.56216494304518,26.56216494304518,3.437835056954821,6.875760248705184,0.0,6.875760248705184,False
195.59999999999317,26.562388443760863,26.562388443760863,3.437611556239137,6.8753120253156155,0.0,6.8753120253156155,False
196.09999999999314,26.562608914475405,26.562608914475405,3.4373910855245953,6.874869878494422,0.0,6.874869878494422,False
196.59999999999312,26.562826396266562,26.562826396266562,3.437173603733438,6.874433725861515,0.0,6.874433725861515,False
197.0999999999931,26.563040929655198,26.563040929655198,3.436959070344802,6.874003486153619,0.0,6.874003486153619,False
197.59999999999306,26.563252554612824,26.563252554612824,3.4367474453871765,6.873579079209172,0.0,6.873579079209172,False
198.09999999999303,26.563461310569064,26.563461310569064,3.436538689430936,6.873160425953351,0.0,6.873160425953351,False
198.599999999993,26.563667236418997,26.563667236418997,3.436332763581003,6.872747448383343,0.0,6.872747448383343,False
199.09999999999297,26.563870370530395,26.563870370530395,3.4361296294696047,6.872340069553843,0.0,6.872340069553843,False
199.59999999999295,26.564070750750886,26.564070750750886,3.4359292492491136,6.871938213562657,0.0,6.871938213562657,False
200.09999999999292,26.56426841441499,26.56426841441499,3.4357315855850104,6.87154180553663,0.0,6.87154180553663,False
200.5999999999929,26.56446339835109,26.56446339835109,3.4355366016489093,6.871150771617643,0.0,6.871150771617643,False
201.09999999999286,26.564655738888277,26.564655738888277,3.435344261111723,6.870765038948882,0.0,6.870765038948882,False
201.59999999999283,26.564845471863137,26.564845471863137,3.435154528136863,6.870384535661252,0.0,6.870384535661252,False
202.0999999999928,26.565032632626416,26.565032632626416,3.4349673673735843,6.870009190859989,0.0,6.870009190859989,False
202.59999999999278,26.565217256049603,26.565217256049603,3.4347827439503966,6.869638934611444,0.0,6.869638934611444,False
203.09999999999275,26.565399376531442,26.565399376531442,3.434600623468558,6.869273697930076,0.0,6.869273697930076,False
203.59999999999272,26.565579028004333,26.565579028004333,3.4344209719956673,6.868913412765551,0.0,6.868913412765551,False
204.0999999999927,26.565756243940648,26.565756243940648,3.4342437560593524,6.868558011990132,0.0,6.868558011990132,False
204.59999999999266,26.565931057358977,26.565931057358977,3.434068942641023,6.8682074293861035,0.0,6.8682074293861035,False
205.09999999999263,26.566103500830284,26.566103500830284,3.433896499169716,6.867861599633471,0.0,6.867861599633471,False
205.5999999999926,26.566273606483957,26.566273606483957,3.433726393516043,6.86752045829779,0.0,6.86752045829779,False
206.09999999999258,26.566441406013805,26.566441406013805,3.433558593986195,6.867183941818155,0.0,6.867183941818155,False
206.59999999999255,26.56660693068397,26.56660693068397,3.433393069316029,6.866851987495359,0.0,6.866851987495359,False
207.09999999999252,26.566770211334752,26.566770211334752,3.4332297886652476,6.866524533480188,0.0,6.866524533480188,False
207.5999999999925,26.566931278388335,26.566931278388335,3.433068721611665,6.866201518761933,0.0,6.866201518761933,False
208.09999999999246,26.56709016185448,26.56709016185448,3.4329098381455196,6.865882883157013,0.0,6.865882883157013,False
208.59999999999243,26.567246891336097,26.567246891336097,3.4327531086639027,6.86556856729775,0.0,6.86556856729775,False
209.0999999999924,26.567401496034773,26.567401496034773,3.4325985039652274,6.865258512621317,0.0,6.865258512621317,False
209.59999999999238,26.56755400475621,26.56755400475621,3.432445995243789,6.864952661358814,0.0,6.864952661358814,False
210.09999999999235,26.56770444591559,26.56770444591559,3.4322955540844085,6.864650956524528,0.0,6.864650956524528,False
210.59999999999232,26.567852847542873,26.567852847542873,3.4321471524571265,6.864353341905286,0.0,6.864353341905286,False
211.0999999999923,26.567999237288006,26.567999237288006,3.4320007627119935,6.864059762050019,0.0,6.864059762050019,False
211.59999999999226,26.568143642426094,26.568143642426094,3.4318563575739063,6.863770162259399,0.0,6.863770162259399,False
212.09999999999224,26.568286089862475,26.568286089862475,3.4317139101375247,6.863484488575651,0.0,6.863484488575651,False
212.5999999999922,26.56842660613772,26.56842660613772,3.43157339386228,6.863202687772514,0.0,6.863202687772514,False
213.09999999999218,26.56856521743261,26.56856521743261,3.43143478256739,6.8629247073453,0.0,6.8629247073453,False
213.59999999999215,26.568701949572976,26.568701949572976,3.4312980504270243,6.862650495501143,0.0,6.862650495501143,False
214.09999999999212,26.56883682803453,26.56883682803453,3.431163171965469,6.862380001149333,0.0,6.862380001149333,False
214.5999999999921,26.56896987794761,26.56896987794761,3.431030122052391,6.8621131738917995,0.0,6.8621131738917995,False
215.09999999999206,26.569101124101866,26.569101124101866,3.4308988758981336,6.861849964013707,0.0,6.861849964013707,False
215.59999999999204,26.569230590950873,26.569230590950873,3.4307694090491268,6.861590322474207,0.0,6.861590322474207,False
216.099999999992,26.56935830261669,26.56935830261669,3.4306416973833116,6.861334200897311,0.0,6.861334200897311,False
216.59999999999198,26.56948428289434,26.56948428289434,3.43051571710566,6.861081551562847,0.0,6.861081551562847,False
217.09999999999195,26.569608555256284,26.569608555256284,3.430391444743716,6.8608323273975955,0.0,6.8608323273975955,False
217.59999999999192,26.569731142856735,26.569731142856735,3.4302688571432647,6.860586481966514,0.0,6.860586481966514,False
218.0999999999919,26.569852068536026,26.569852068536026,3.4301479314639742,6.8603439694640755,0.0,6.8603439694640755,False
218.59999999999187,26.569971354824833,26.569971354824833,3.4300286451751667,6.86010474470573,0.0,6.86010474470573,False
219.09999999999184,26.570089023948388,26.570089023948388,3.4299109760516124,6.859868763119515,0.0,6.859868763119515,False
219.5999999999918,26.570205097830616,26.570205097830616,3.429794902169384,6.859635980737707,0.0,6.859635980737707,False
220.09999999999178,26.570319598098216,26.570319598098216,3.429680401901784,6.859406354188664,0.0,6.859406354188664,False
220.59999999999175,26.5704325460847,26.5704325460847,3.4295674539153005,6.859179840688732,0.0,6.859179840688732,False
221.09999999999172,26.570543962834353,26.570543962834353,3.4294560371656466,6.85895639803428,0.0,6.85895639803428,False
221.5999999999917,26.570653869106167,26.570653869106167,3.4293461308938333,6.858735984593828,0.0,6.858735984593828,False
222.09999999999167,26.5707622853777,26.5707622853777,3.4292377146222996,6.858518559300293,0.0,6.858518559300293,False
222.59999999999164,26.5708692318489,26.5708692318489,3.4291307681511007,6.858304081643361,0.0,6.858304081643361,False
223.0999999999916,26.57097472844586,26.57097472844586,3.4290252715541385,6.85809251166188,0.0,6.85809251166188,False
223.59999999999158,26.571078794824544,26.571078794824544,3.428921205175456,6.857883809936467,0.0,6.857883809936467,False
224.09999999999155,26.571181450374432,26.571181450374432,3.428818549625568,6.857677937582153,0.0,6.857677937582153,False
224.59999999999152,26.57128271422214,26.57128271422214,3.4287172857778607,6.857474856241126,0.0,6.857474856241126,False
225.0999999999915,26.571382605234984,26.571382605234984,3.4286173947650163,6.857274528075614,0.0,6.857274528075614,False
225.59999999999147,26.571481142024503,26.571481142024503,3.4285188579754973,6.857076915760764,0.0,6.857076915760764,False
226.09999999999144,26.571578342949913,26.571578342949913,3.4284216570500874,6.856881982477788,0.0,6.856881982477788,False
226.5999999999914,26.571674226121537,26.571674226121537,3.4283257738784627,6.8566896919070075,0.0,6.8566896919070075,False
227.09999999999138,26.571768809404173,26.571768809404173,3.4282311905958274,6.856500008221161,0.0,6.856500008221161,False
227.59999999999135,26.571862110420426,26.571862110420426,3.428137889579574,6.856312896078691,0.0,6.856312896078691,False
228.09999999999133,26.571954146553992,26.571954146553992,3.428045853446008,6.8561283206171595,0.0,6.8561283206171595,False
228.5999999999913,26.572044934952896,26.572044934952896,3.4279550650471045,6.855946247446759,0.0,6.855946247446759,False
229.09999999999127,26.572134492532694,26.572134492532694,3.427865507467306,6.855766642643907,0.0,6.855766642643907,False
229.59999999999124,26.572222835979602,26.572222835979602,3.427777164020398,6.855589472744924,0.0,6.855589472744924,False
230.0999999999912,26.572309981753634,26.572309981753634,3.4276900182463663,6.8554147047398,0.0,6.8554147047398,False
230.59999999999118,26.572395946091657,26.572395946091657,3.427604053908343,6.855242306066032,0.0,6.855242306066032,False
231.09999999999116,26.572480745010402,26.572480745010402,3.4275192549895976,6.8550722446025745,0.0,6.8550722446025745,False
231.59999999999113,26.572564394309474,26.572564394309474,3.427435605690526,6.8549044886638555,0.0,6.8549044886638555,False
232.0999999999911,26.57264690957427,26.57264690957427,3.427353090425729,6.854739006993846,0.0,6.854739006993846,False
232.59999999999107,26.572728306178913,26.572728306178913,3.427271693821087,6.85457576876027,0.0,6.85457576876027,False
233.09999999999104,26.572808599289075,26.572808599289075,3.4271914007109245,6.854414743548844,0.0,6.854414743548844,False
233.599999999991,26.572887803864848,26.572887803864848,3.427112196135152,6.854255901357604,0.0,6.854255901357604,False
234.09999999999098,26.5729659346635,26.5729659346635,3.4270340653364997,6.854099212591329,0.0,6.854099212591329,False
234.59999999999096,26.57304300624224,26.57304300624224,3.4269569937577593,6.853944648056014,0.0,6.853944648056014,False
235.09999999999093,26.573119032960918,26.573119032960918,3.4268809670390823,6.853792178953448,0.0,6.853792178953448,False
235.5999999999909,26.573194028984716,26.573194028984716,3.426805971015284,6.853641776875818,0.0,6.853641776875818,False
236.09999999999087,26.573268008286767,26.573268008286767,3.4267319917132326,6.853493413800457,0.0,6.853493413800457,False
236.59999999999084,26.57334098465078,26.57334098465078,3.4266590153492196,6.853347062084595,0.0,6.853347062084595,False
237.0999999999908,26.57341297167359,26.57341297167359,3.4265870283264093,6.853202694460222,0.0,6.853202694460222,False
237.59999999999079,26.573483982767712,26.573483982767712,3.426516017232288,6.853060284028977,0.0,6.853060284028977,False
238.09999999999076,26.573554031163816,26.573554031163816,3.426445968836184,6.852919804257176,0.0,6.852919804257176,False
238.59999999999073,26.57362312991321,26.57362312991321,3.4263768700867914,6.852781228970862,0.0,6.852781228970862,False
239.0999999999907,26.573691291890253,26.573691291890253,3.4263087081097474,6.852644532350908,0.0,6.852644532350908,False
239.59999999999067,26.573758529794787,26.573758529794787,3.4262414702052126,6.852509688928215,0.0,6.852509688928215,False
240.09999999999064,26.573824856154463,26.573824856154463,3.426175143845537,6.8523766735789735,0.0,6.8523766735789735,False
240.59999999999062,26.573890283327113,26.573890283327113,3.4261097166728867,6.8522454615199635,0.0,6.8522454615199635,False
241.0999999999906,26.573954823503012,26.573954823503012,3.426045176496988,6.852116028303982,0.0,6.852116028303982,False
241.59999999999056,26.574018488707186,26.574018488707186,3.4259815112928145,6.851988349815237,0.0,6.851988349815237,False
242.09999999999053,26.574081290801637,26.574081290801637,3.4259187091983634,6.851862402264864,0.0,6.851862402264864,False
242.5999999999905,26.57414324148755,26.57414324148755,3.425856758512449,6.851738162186514,0.0,6.851738162186514,False
243.09999999999047,26.57420435230748,26.57420435230748,3.425795647692521,6.8516156064319915,0.0,6.8516156064319915,False
243.59999999999044,26.574264634647488,26.574264634647488,3.425735365352512,6.851494712166897,0.0,6.851494712166897,False
244.09999999999042,26.574324099739297,26.574324099739297,3.4256759002607033,6.851375456866393,0.0,6.851375456866393,False
244.5999999999904,26.57438275866234,26.57438275866234,3.4256172413376618,6.851257818311041,0.0,6.851257818311041,False
245.09999999999036,26.574440622345854,26.574440622345854,3.425559377654146,6.851141774582594,0.0,6.851141774582594,False
245.59999999999033,26.57449770157091,26.57449770157091,3.425502298429091,6.851027304059983,0.0,6.851027304059983,False
246.0999999999903,26.574554006972416,26.574554006972416,3.4254459930275836,6.85091438541523,0.0,6.85091438541523,False
246.59999999999027,26.57460954904111,26.57460954904111,3.42539045095889,6.850802997609527,0.0,6.850802997609527,False
247.09999999999025,26.574664338125494,26.574664338125494,3.425335661874506,6.8506931198892715,0.0,6.8506931198892715,False
247.59999999999022,26.574718384433787,26.574718384433787,3.425281615566213,6.850584731782227,0.0,6.850584731782227,False
248.0999999999902,26.574771698035807,26.574771698035807,3.425228301964193,6.85047781309369,0.0,6.85047781309369,False
248.59999999999016,26.574824288864864,26.574824288864864,3.425175711135136,6.850372343902741,0.0,6.850372343902741,False
249.09999999999013,26.574876166719598,26.574876166719598,3.425123833280402,6.850268304558519,0.0,6.850268304558519,False
249.5999999999901,26.574927341265802,26.574927341265802,3.425072658734198,6.8501656756766,0.0,6.8501656756766,False
250.09999999999008,26.574977822038246,26.574977822038246,3.425022177961754,6.8500644381353055,0.0,6.8500644381353055,False
250.59999999999005,26.575027618442416,26.575027618442416,3.424972381557584,6.849964573072242,0.0,6.849964573072242,False
251.09999999999002,26.575076739756305,26.575076739756305,3.4249232602436948,6.849866061880704,0.0,6.849866061880704,False
251.59999999999,26.575125195132113,26.575125195132113,3.424874804867887,6.849768886206249,0.0,6.849768886206249,False
252.09999999998996,26.57517299359797,26.57517299359797,3.4248270064020296,6.849673027943261,0.0,6.849673027943261,False
252.59999999998993,26.575220144059617,26.575220144059617,3.4247798559403826,6.8495784692315596,0.0,6.8495784692315596,False
253.0999999999899,26.57526665530205,26.57526665530205,3.4247333446979518,6.84948519245313,0.0,6.84948519245313,False
253.59999999998988,26.57531253599116,26.57531253599116,3.4246874640088407,6.849393180228802,0.0,6.849393180228802,False
254.09999999998985,26.57535779467537,26.57535779467537,3.4246422053246306,6.849302415414996,0.0,6.849302415414996,False
254.59999999998982,26.575402439787204,26.575402439787204,3.4245975602127956,6.849212881100563,0.0,6.849212881100563,False
255.0999999999898,26.575446479644874,26.575446479644874,3.4245535203551256,6.849124560603599,0.0,6.849124560603599,False
255.59999999998976,26.575489922453816,26.575489922453816,3.4245100775461843,6.849037437468368,0.0,6.849037437468368,False
256.09999999998973,26.57553277630822,26.57553277630822,3.4244672236917815,6.848951495462245,0.0,6.848951495462245,False
256.59999999998985,26.57557504919254,26.57557504919254,3.4244249508074596,6.848866718572644,0.0,6.848866718572644,False
257.09999999998996,26.575616748983002,26.575616748983002,3.424383251016998,6.84878309100408,0.0,6.84878309100408,False
257.5999999999901,26.575657883449047,26.575657883449047,3.424342116550953,6.848700597175181,0.0,6.848700597175181,False
258.0999999999902,26.575698460254777,26.575698460254777,3.4243015397452226,6.848619221715836,0.0,6.848619221715836,False
258.5999999999903,26.575738486960407,26.575738486960407,3.4242615130395926,6.848538949464292,0.0,6.848538949464292,False
259.0999999999904,26.575777971023637,26.575777971023637,3.424222028976363,6.848459765464362,0.0,6.848459765464362,False
259.59999999999053,26.57581691980108,26.57581691980108,3.424183080198919,6.848381654962601,0.0,6.848381654962601,False
260.09999999999064,26.57585534054961,26.57585534054961,3.4241446594503913,6.8483046034055945,0.0,6.8483046034055945,False
260.59999999999076,26.575893240427718,26.575893240427718,3.4241067595722825,6.848228596437217,0.0,6.848228596437217,False
261.09999999999087,26.575930626496852,26.575930626496852,3.4240693735031478,6.84815361989596,0.0,6.84815361989596,False
261.599999999991,26.575967505722723,26.575967505722723,3.4240324942772773,6.848079659812321,0.0,6.848079659812321,False
262.0999999999911,26.576003884976604,26.576003884976604,3.423996115023396,6.848006702406188,0.0,6.848006702406188,False
262.5999999999912,26.576039771036633,26.576039771036633,3.4239602289633666,6.847934734084234,0.0,6.847934734084234,False
263.0999999999913,26.576075170589032,26.576075170589032,3.423924829410968,6.847863741437443,0.0,6.847863741437443,False
263.59999999999144,26.576110090229392,26.576110090229392,3.423889909770608,6.84779371123858,0.0,6.84779371123858,False
264.09999999999155,26.576144536463893,26.576144536463893,3.423855463536107,6.847724630439721,0.0,6.847724630439721,False
264.59999999999167,26.576178515710485,26.576178515710485,3.4238214842895154,6.847656486169861,0.0,6.847656486169861,False
265.0999999999918,26.576212034300138,26.576212034300138,3.423787965699862,6.847589265732459,0.0,6.847589265732459,False
265.5999999999919,26.57624509847798,26.57624509847798,3.4237549015220203,6.847522956603115,0.0,6.847522956603115,False
266.099999999992,26.576277714404483,26.576277714404483,3.4237222855955167,6.847457546427194,0.0,6.847457546427194,False
266.5999999999921,26.576309888156583,26.576309888156583,3.423690111843417,6.847393023017602,0.0,6.847393023017602,False
267.09999999999224,26.576341625728848,26.576341625728848,3.4236583742711524,6.847329374352434,0.0,6.847329374352434,False
267.59999999999235,26.57637293303457,26.57637293303457,3.4236270669654303,6.847266588572772,0.0,6.847266588572772,False
268.09999999999246,26.576403815906875,26.576403815906875,3.4235961840931246,6.8472046539804765,0.0,6.8472046539804765,False
268.5999999999926,26.576434280099814,26.576434280099814,3.4235657199001857,6.8471435590359775,0.0,6.8471435590359775,False
269.0999999999927,26.576464331289422,26.576464331289422,3.423535668710578,6.8470832923561815,0.0,6.8470832923561815,False
269.5999999999928,26.5764939750748,26.5764939750748,3.4235060249251994,6.847023842712268,0.0,6.847023842712268,False
270.0999999999929,26.576523216979123,26.576523216979123,3.4234767830208774,6.846965199027693,0.0,6.846965199027693,False
270.59999999999303,26.57655206245069,26.57655206245069,3.4234479375493088,6.846907350376064,0.0,6.846907350376064,False
271.09999999999314,26.57658051686395,26.57658051686395,3.423419483136051,6.846850285979109,0.0,6.846850285979109,False
271.59999999999326,26.576608585520486,26.576608585520486,3.4233914144795143,6.846793995204671,0.0,6.846793995204671,False
272.0999999999934,26.576636273650003,26.576636273650003,3.423363726349997,6.846738467564748,0.0,6.846738467564748,False
272.5999999999935,26.576663586411307,26.576663586411307,3.423336413588693,6.846683692713526,0.0,6.846683692713526,False
273.0999999999936,26.57669052889327,26.57669052889327,3.4233094711067302,6.84662966044543,0.0,6.84662966044543,False
273.5999999999937,26.57671710611577,26.57671710611577,3.423282893884231,6.84657636069327,0.0,6.84657636069327,False
274.0999999999938,26.576743323030634,26.576743323030634,3.423256676969366,6.846523783526308,0.0,6.846523783526308,False
274.59999999999394,26.576769184522554,26.576769184522554,3.423230815477446,6.846471919148456,0.0,6.846471919148456,False
275.09999999999405,26.57679469541,26.57679469541,3.423205304589999,6.846420757896432,0.0,6.846420757896432,False
275.59999999999417,26.57681986044613,26.57681986044613,3.423180139553871,6.846370290237942,0.0,6.846370290237942,False
276.0999999999943,26.576844684319646,26.576844684319646,3.4231553156803542,6.846320506769928,0.0,6.846320506769928,False
276.5999999999944,26.57686917165569,26.57686917165569,3.423130828344309,6.846271398216828,0.0,6.846271398216828,False
277.0999999999945,26.57689332701671,26.57689332701671,3.423106672983291,6.846222955428807,0.0,6.846222955428807,False
277.5999999999946,26.57691715490329,26.57691715490329,3.4230828450967117,6.846175169380089,0.0,6.846175169380089,False
278.09999999999474,26.576940659755007,26.576940659755007,3.4230593402449934,6.84612803116724,0.0,6.84612803116724,False
278.59999999999485,26.576963845951248,26.576963845951248,3.423036154048752,6.846081532007545,0.0,6.846081532007545,False
279.09999999999496,26.576986717812026,26.576986717812026,3.4230132821879735,6.846035663237359,0.0,6.846035663237359,False
279.5999999999951,26.57700927959879,26.57700927959879,3.4229907204012093,6.845990416310485,0.0,6.845990416310485,False
280.0999999999952,26.57703153551521,26.57703153551521,3.4229684644847893,6.845945782796605,0.0,6.845945782796605,False
280.5999999999953,26.577053489707982,26.577053489707982,3.422946510292018,6.845901754379653,0.0,6.845901754379653,False
281.0999999999954,26.57707514626757,26.57707514626757,3.422924853732429,6.84585832285633,0.0,6.84585832285633,False
281.59999999999553,26.577096509228994,26.577096509228994,3.422903490771006,6.845815480134547,0.0,6.845815480134547,False
282.09999999999565,26.57711758257257,26.57711758257257,3.422882417427431,6.845773218231905,0.0,6.845773218231905,False
282.59999999999576,26.577138370224638,26.577138370224638,3.422861629775362,6.8457315292742535,0.0,6.8457315292742535,False
283.0999999999959,26.577158876058327,26.577158876058327,3.422841123941673,6.84569040549416,0.0,6.84569040549416,False
283.599999999996,26.577179103894252,26.577179103894252,3.4228208961057476,6.845649839229509,0.0,6.845649839229509,False
284.0999999999961,26.577199057501232,26.577199057501232,3.4228009424987675,6.845609822922057,0.0,6.845609822922057,False
284.5999999999962,26.57721874059699,26.57721874059699,3.42278125940301,6.845570349116031,0.0,6.845570349116031,False
285.0999999999963,26.577238156848846,26.577238156848846,3.4227618431511537,6.845531410456736,0.0,6.845531410456736,False
285.59999999999644,26.57725730987441,26.57725730987441,3.4227426901255917,6.845492999689185,0.0,6.845492999689185,False
286.09999999999656,26.577276203242235,26.577276203242235,3.422723796757765,6.845455109656747,0.0,6.845455109656747,False
286.59999999999667,26.57729484047251,26.57729484047251,3.4227051595274887,6.845417733299797,0.0,6.845417733299797,False
287.0999999999968,26.577313225037692,26.577313225037692,3.422686774962308,6.845380863654455,0.0,6.845380863654455,False
287.5999999999969,26.57733136036317,26.57733136036317,3.4226686396368287,6.845344493851201,0.0,6.845344493851201,False
288.099999999997,26.577349249827883,26.577349249827883,3.4226507501721173,6.845308617113687,0.0,6.845308617113687,False
288.5999999999971,26.577366896764964,26.577366896764964,3.422633103235036,6.845273226757421,0.0,6.845273226757421,False
289.09999999999724,26.57738430446237,26.57738430446237,3.4226156955376297,6.845238316188507,0.0,6.845238316188507,False
289.59999999999735,26.577401476163466,26.577401476163466,3.422598523836534,6.845203878902495,0.0,6.845203878902495,False
290.09999999999746,26.577418415067662,26.577418415067662,3.422581584932338,6.845169908483072,0.0,6.845169908483072,False
290.5999999999976,26.57743512433099,26.57743512433099,3.4225648756690106,6.845136398600907,0.0,6.845136398600907,False
291.0999999999977,26.57745160706669,26.57745160706669,3.4225483929333116,6.845103343012511,0.0,6.845103343012511,False
291.5999999999978,26.5774678663458,26.5774678663458,3.422532133654201,6.8450707355590055,0.0,6.8450707355590055,False
292.0999999999979,26.57748390519772,26.57748390519772,3.4225160948022797,6.8450385701650305,0.0,6.8450385701650305,False
292.59999999999803,26.577499726610792,26.577499726610792,3.4225002733892076,6.845006840837577,0.0,6.845006840837577,False
293.09999999999815,26.577515333532823,26.577515333532823,3.4224846664671773,6.844975541664901,0.0,6.844975541664901,False
293.59999999999826,26.577530728871675,26.577530728871675,3.4224692711283247,6.84494466681538,0.0,6.84494466681538,False
294.0999999999984,26.577545915495786,26.577545915495786,3.4224540845042135,6.844914210536459,0.0,6.844914210536459,False
294.5999999999985,26.57756089623471,26.57756089623471,3.4224391037652886,6.844884167153566,0.0,6.844884167153566,False
295.0999999999986,26.577575673879625,26.577575673879625,3.4224243261203746,6.844854531069075,0.0,6.844854531069075,False
295.5999999999987,26.577590251183874,26.577590251183874,3.4224097488161256,6.84482529676125,0.0,6.84482529676125,False
296.09999999999883,26.57760463086349,26.57760463086349,3.4223953691365097,6.844796458783179,0.0,6.844796458783179,False
296.59999999999894,26.57761881559766,26.57761881559766,3.42238118440234,6.844768011761829,0.0,6.844768011761829,False
297.09999999999906,26.577632808029268,26.577632808029268,3.422367191970732,6.844739950396999,0.0,6.844739950396999,False
297.59999999999917,26.57764661076536,26.57764661076536,3.4223533892346403,6.844712269460331,0.0,6.844712269460331,False
298.0999999999993,26.577660226377635,26.577660226377635,3.4223397736223653,6.844684963794364,0.0,6.844684963794364,False
298.5999999999994,26.577673657402936,26.577673657402936,3.4223263425970636,6.8446580283115495,0.0,6.8446580283115495,False
299.0999999999995,26.57768690634371,26.57768690634371,3.422313093656289,6.844631457993309,0.0,6.844631457993309,False
299.5999999999996,26.57769997566848,26.57769997566848,3.42230002433152,6.844605247889106,0.0,6.844605247889106,False
300.09999999999974,26.577712867812302,26.577712867812302,3.422287132187698,6.8445793931155094,0.0,6.8445793931155094,False
300.59999999999985,26.577725585177216,26.577725585177216,3.422274414822784,6.844553888855309,0.0,6.844553888855309,False
301.09999999999997,26.577738130132712,26.577738130132712,3.422261869867288,6.844528730356572,0.0,6.844528730356572,False
301.6000000000001,26.577750505016134,26.577750505016134,3.422249494983866,6.84450391293182,0.0,6.84450391293182,False
302.1000000000002,26.57776271213315,26.57776271213315,3.4222372878668494,6.844479431957119,0.0,6.844479431957119,False
302.6000000000003,26.57777475375818,26.57777475375818,3.422225246241819,6.844455282871195,0.0,6.844455282871195,False
303.1000000000004,26.577786632134796,26.577786632134796,3.4222133678652042,6.844431461174636,0.0,6.844431461174636,False
303.60000000000053,26.577798349476154,26.577798349476154,3.4222016505238457,6.844407962429031,0.0,6.844407962429031,False
304.10000000000065,26.577809907965413,26.577809907965413,3.4221900920345867,6.844384782256128,0.0,6.844384782256128,False
304.60000000000076,26.577821309756132,26.577821309756132,3.422178690243868,6.844361916337029,0.0,6.844361916337029,False
305.1000000000009,26.57783255697268,26.57783255697268,3.4221674430273197,6.844339360411389,0.0,6.844339360411389,False
305.600000000001,26.577843651710616,26.577843651710616,3.422156348289384,6.84431711027662,0.0,6.84431711027662,False
306.1000000000011,26.577854596037092,26.577854596037092,3.422145403962908,6.84429516178713,0.0,6.84429516178713,False
306.6000000000012,26.577865391991235,26.577865391991235,3.422134608008765,6.844273510853505,0.0,6.844273510853505,False
307.10000000000133,26.577876041584535,26.577876041584535,3.4221239584154652,6.844252153441779,0.0,6.844252153441779,False
307.60000000000144,26.577886546801206,26.577886546801206,3.4221134531987936,6.844231085572666,0.0,6.844231085572666,False
308.10000000000156,26.577896909598564,26.577896909598564,3.4221030904014356,6.8442103033208355,0.0,6.8442103033208355,False
308.60000000000167,26.57790713190739,26.57790713190739,3.4220928680926086,6.844189802814171,0.0,6.844189802814171,False
309.1000000000018,26.57791721563229,26.57791721563229,3.42208278436771,6.84416958023305,0.0,6.84416958023305,False
309.6000000000019,26.577927162652042,26.577927162652042,3.422072837347958,6.844149631809643,0.0,6.844149631809643,False
310.100000000002,26.57793697481996,26.57793697481996,3.422063025180041,6.844129953827178,0.0,6.844129953827178,False
310.6000000000021,26.577946653964233,26.577946653964233,3.422053346035767,6.844110542619298,0.0,6.844110542619298,False
311.10000000000224,26.577956201888263,26.577956201888263,3.422043798111737,6.844091394569325,0.0,6.844091394569325,False
311.60000000000235,26.577965620371007,26.577965620371007,3.422034379628993,6.844072506109633,0.0,6.844072506109633,False
312.10000000000247,26.577974911167292,26.577974911167292,3.422025088832708,6.844053873720959,0.0,6.844053873720959,False
312.6000000000026,26.577984076008175,26.577984076008175,3.4220159239918253,6.8440354939317345,0.0,6.8440354939317345,False
313.1000000000027,26.57799311660123,26.57799311660123,3.422006883398769,6.844017363317477,0.0,6.844017363317477,False
313.6000000000028,26.578002034630888,26.578002034630888,3.421997965369112,6.843999478500109,0.0,6.843999478500109,False
314.1000000000029,26.578010831758743,26.578010831758743,3.4219891682412573,6.843981836147364,0.0,6.843981836147364,False
314.60000000000304,26.578019509623854,26.578019509623854,3.4219804903761464,6.84396443297215,0.0,6.84396443297215,False
315.10000000000315,26.578028069843075,26.578028069843075,3.421971930156925,6.843947265731934,0.0,6.843947265731934,False
315.60000000000326,26.578036514011334,26.578036514011334,3.421963485988666,6.843930331228137,0.0,6.843930331228137,False
316.1000000000034,26.578044843701925,26.578044843701925,3.4219551562980755,6.843913626305564,0.0,6.843913626305564,False
316.6000000000035,26.57805306046683,26.57805306046683,3.4219469395331714,6.843897147851763,0.0,6.843897147851763,False
317.1000000000036,26.578061165836978,26.578061165836978,3.421938834163022,6.843880892796513,0.0,6.843880892796513,False
317.6000000000037,26.578069161322553,26.578069161322553,3.421930838677447,6.843864858111189,0.0,6.843864858111189,False
318.10000000000383,26.578077048413263,26.578077048413263,3.421922951586737,6.84384904080823,0.0,6.84384904080823,False
318.60000000000394,26.578084828578618,26.578084828578618,3.4219151714213822,6.843833437940582,0.0,6.843833437940582,False
319.10000000000406,26.578092503268206,26.578092503268206,3.4219074967317944,6.843818046601136,0.0,6.843818046601136,False
319.6000000000042,26.578100073911962,26.578100073911962,3.421899926088038,6.843802863922214,0.0,6.843802863922214,False
320.1000000000043,26.57810754192043,26.57810754192043,3.4218924580795687,6.843787887075003,0.0,6.843787887075003,False
320.6000000000044,26.57811490868505,26.57811490868505,3.4218850913149517,6.843773113269037,0.0,6.843773113269037,False
321.1000000000045,26.57812217557837,26.57812217557837,3.4218778244216317,6.843758539751697,0.0,6.843758539751697,False
321.6000000000046,26.578129343954352,26.578129343954352,3.421870656045648,6.843744163807656,0.0,6.843744163807656,False
322.10000000000474,26.578136415148606,26.578136415148606,3.421863584851394,6.843729982758411,0.0,6.843729982758411,False
322.60000000000485,26.578143390478612,26.578143390478612,3.421856609521388,6.843715993961773,0.0,6.843715993961773,False
323.10000000000497,26.57815027124401,26.57815027124401,3.4218497287559906,6.843702194811378,0.0,6.843702194811378,False
323.6000000000051,26.578157058726813,26.578157058726813,3.421842941273187,6.843688582736185,0.0,6.843688582736185,False
324.1000000000052,26.578163754191653,26.578163754191653,3.421836245808347,6.843675155200003,0.0,6.843675155200003,False
324.6000000000053,26.57817035888602,26.57817035888602,3.4218296411139804,6.843661909701048,0.0,6.843661909701048,False
325.1000000000054,26.578176874040487,26.578176874040487,3.421823125959513,6.84364884377144,0.0,6.84364884377144,False
325.60000000000554,26.57818330086895,26.57818330086895,3.4218166991310497,6.843635954976747,0.0,6.843635954976747,False
326.10000000000565,26.57818964056884,26.57818964056884,3.4218103594311593,6.843623240915562,0.0,6.843623240915562,False
326.60000000000576,26.578195894321368,26.578195894321368,3.421804105678632,6.843610699219013,0.0,6.843610699219013,False
327.1000000000059,26.57820206329172,26.57820206329172,3.4217979367082805,6.843598327550346,0.0,6.843598327550346,False
327.600000000006,26.578208148629283,26.578208148629283,3.421791851370717,6.843586123604503,0.0,6.843586123604503,False
328.1000000000061,26.578214151467876,26.578214151467876,3.4217858485321244,6.843574085107662,0.0,6.843574085107662,False
328.6000000000062,26.57822007292593,26.57822007292593,3.42177992707407,6.843562209816824,0.0,6.843562209816824,False
329.10000000000633,26.578225914106728,26.578225914106728,3.421774085893272,6.843550495519409,0.0,6.843550495519409,False
329.60000000000645,26.57823167609859,26.57823167609859,3.4217683239014107,6.843538940032822,0.0,6.843538940032822,False
330.10000000000656,26.578237359975077,26.578237359975077,3.421762640024923,6.843527541204061,0.0,6.843527541204061,False
330.6000000000067,26.578242966795198,26.578242966795198,3.421757033204802,6.8435162969093355,0.0,6.8435162969093355,False
331.1000000000068,26.57824849760361,26.57824849760361,3.42175150239639,6.843505205053603,0.0,6.843505205053603,False
331.6000000000069,26.578253953430806,26.578253953430806,3.4217460465691936,6.843494263570257,0.0,6.843494263570257,False
332.100000000007,26.578259335293307,26.578259335293307,3.421740664706693,6.8434834704206935,0.0,6.8434834704206935,False
332.6000000000071,26.578264644193847,26.578264644193847,3.4217353558061525,6.843472823593956,0.0,6.843472823593956,False
333.10000000000724,26.57826988112158,26.57826988112158,3.4217301188784184,6.843462321106337,0.0,6.843462321106337,False
333.60000000000736,26.578275047052244,26.578275047052244,3.4217249529477556,6.843451961001023,0.0,6.843451961001023,False
334.10000000000747,26.578280142948337,26.578280142948337,3.421719857051663,6.843441741347753,0.0,6.843441741347753,False
334.6000000000076,26.57828516975932,26.57828516975932,3.4217148302406812,6.843431660242416,0.0,6.843431660242416,False
335.1000000000077,26.578290128421784,26.578290128421784,3.4217098715782157,6.843421715806713,0.0,6.843421715806713,False
335.6000000000078,26.578295019859617,26.578295019859617,3.421704980140383,6.843411906187811,0.0,6.843411906187811,False
336.1000000000079,26.578299844984187,26.578299844984187,3.421700155015813,6.843402229557988,0.0,6.843402229557988,False
336.60000000000804,26.578304604694498,26.578304604694498,3.421695395305502,6.8433926841143276,0.0,6.8433926841143276,False
337.10000000000815,26.578309299877375,26.578309299877375,3.4216907001226247,6.843383268078334,0.0,6.843383268078334,False
337.60000000000827,26.578313931407614,26.578313931407614,3.421686068592386,6.843373979695627,0.0,6.843373979695627,False
338.1000000000084,26.578318500148164,26.578318500148164,3.421681499851836,6.843364817235596,0.0,6.843364817235596,False
338.6000000000085,26.578323006950257,26.578323006950257,3.4216769930497435,6.843355778991111,0.0,6.843355778991111,False
339.1000000000086,26.578327452653596,26.578327452653596,3.421672547346404,6.843346863278185,0.0,6.843346863278185,False
339.6000000000087,26.5783318380865,26.5783318380865,3.4216681619135016,6.843338068435656,0.0,6.843338068435656,False
340.10000000000883,26.578336164066044,26.578336164066044,3.4216638359339555,6.843329392824884,0.0,6.843329392824884,False
340.60000000000895,26.578340431398246,26.578340431398246,3.421659568601754,6.843320834829456,0.0,6.843320834829456,False
341.10000000000906,26.578344640878193,26.578344640878193,3.4216553591218073,6.843312392854834,0.0,6.843312392854834,False
341.6000000000092,26.57834879329018,26.57834879329018,3.4216512067098215,6.843304065328141,0.0,6.843304065328141,False
342.1000000000093,26.57835288940788,26.57835288940788,3.4216471105921187,6.8432958506978,0.0,6.8432958506978,False
342.6000000000094,26.578356929994488,26.578356929994488,3.421643070005512,6.8432877474332585,0.0,6.8432877474332585,False
343.1000000000095,26.578360915802815,26.578360915802815,3.421639084197185,6.843279754024763,0.0,6.843279754024763,False
343.60000000000963,26.57836484757551,26.57836484757551,3.4216351524244892,6.843271868982967,0.0,6.843271868982967,False
344.10000000000974,26.578368726045134,26.578368726045134,3.4216312739548655,6.843264090838744,0.0,6.843264090838744,False
344.60000000000986,26.578372551934304,26.578372551934304,3.4216274480656956,6.8432564181429,0.0,6.8432564181429,False
345.10000000000997,26.578376325955865,26.578376325955865,3.4216236740441346,6.8432488494658585,0.0,6.8432488494658585,False
345.6000000000101,26.57838004881298,26.57838004881298,3.4216199511870187,6.843241383397434,0.0,6.843241383397434,False
346.1000000000102,26.578383721199295,26.578383721199295,3.4216162788007054,6.8432340185465605,0.0,6.8432340185465605,False
346.6000000000103,26.578387343799033,26.578387343799033,3.421612656200967,6.843226753541039,0.0,6.843226753541039,False
347.1000000000104,26.57839091728716,26.57839091728716,3.421609082712841,6.843219587027249,0.0,6.843219587027249,False
347.60000000001054,26.578394442329472,26.578394442329472,3.421605557670528,6.843212517669961,0.0,6.843212517669961,False
348.10000000001065,26.578397919582752,26.578397919582752,3.421602080417248,6.843205544152013,0.0,6.843205544152013,False
348.60000000001077,26.578401349694882,26.578401349694882,3.4215986503051177,6.843198665174107,0.0,6.843198665174107,False
349.1000000000109,26.578404733304954,26.578404733304954,3.4215952666950464,6.843191879454558,0.0,6.843191879454558,False
349.600000000011,26.57840807104339,26.57840807104339,3.421591928956609,6.843185185729077,0.0,6.843185185729077,False
350.1000000000111,26.57841136353208,26.57841136353208,3.42158863646792,6.84317858275049,0.0,6.84317858275049,False
350.6000000000112,26.578414611384474,26.578414611384474,3.421585388615526,6.843172069288535,0.0,6.843172069288535,False
351.10000000001133,26.578417815205704,26.578417815205704,3.421582184794296,6.843165644129641,0.0,6.843165644129641,False
351.60000000001145,26.5784209755927,26.5784209755927,3.4215790244073006,6.843159306076686,0.0,6.843159306076686,False
352.10000000001156,26.578424093134306,26.578424093134306,3.4215759068656943,6.843153053948754,0.0,6.843153053948754,False
352.6000000000117,26.57842716841137,26.57842716841137,3.4215728315886302,6.843146886580989,0.0,6.843146886580989,False
353.1000000000118,26.578430201996877,26.578430201996877,3.421569798003123,6.84314080282428,0.0,6.84314080282428,False
353.6000000000119,26.578433194456036,26.578433194456036,3.4215668055439643,6.843134801545119,0.0,6.843134801545119,False
354.100000000012,26.5784361463464,26.5784361463464,3.4215638536535984,6.843128881625354,0.0,6.843128881625354,False
354.60000000001213,26.578439058217967,26.578439058217967,3.421560941782033,6.843123041961981,0.0,6.843123041961981,False
355.10000000001224,26.578441930613263,26.578441930613263,3.4215580693867373,6.843117281466981,0.0,6.843117281466981,False
355.60000000001236,26.578444764067473,26.578444764067473,3.4215552359325265,6.843111599067051,0.0,6.843111599067051,False
356.10000000001247,26.57844755910852,26.57844755910852,3.4215524408914817,6.843105993703475,0.0,6.843105993703475,False
356.6000000000126,26.578450316257168,26.578450316257168,3.421549683742832,6.8431004643318545,0.0,6.8431004643318545,False
357.1000000000127,26.578453036027128,26.578453036027128,3.4215469639728724,6.8430950099219885,0.0,6.8430950099219885,False
357.6000000000128,26.578455718925145,26.578455718925145,3.421544281074855,6.843089629457587,0.0,6.843089629457587,False
358.1000000000129,26.578458365451088,26.578458365451088,3.4215416345489125,6.843084321936203,0.0,6.843084321936203,False
358.60000000001304,26.578460976098057,26.578460976098057,3.4215390239019428,6.843079086368924,0.0,6.843079086368924,False
359.10000000001315,26.578463551352463,26.578463551352463,3.4215364486475366,6.843073921780274,0.0,6.843073921780274,False
359.60000000001327,26.578466091694125,26.578466091694125,3.421533908305875,6.8430688272080005,0.0,6.8430688272080005,False
360.1000000000134,26.578468597596352,26.578468597596352,3.421531402403648,6.843063801702883,0.0,6.843063801702883,False
360.6000000000135,26.578471069526042,26.578471069526042,3.421528930473958,6.843058844328581,0.0,6.843058844328581,False
361.1000000000136,26.57847350794376,26.57847350794376,3.421526492056241,6.843053954161448,0.0,6.843053954161448,False
361.6000000000137,26.578475913303823,26.578475913303823,3.421524086696177,6.843049130290353,0.0,6.843049130290353,False
362.10000000001384,26.578478286054402,26.578478286054402,3.421521713945598,6.843044371816525,0.0,6.843044371816525,False
362.60000000001395,26.578480626637578,26.578480626637578,3.421519373362422,6.843039677853369,0.0,6.843039677853369,False
363.10000000001406,26.57848293548945,26.57848293548945,3.4215170645105495,6.843035047526307,0.0,6.843035047526307,False
363.6000000000142,26.578485213040196,26.578485213040196,3.421514786959804,6.843030479972633,0.0,6.843030479972633,False
364.1000000000143,26.578487459714164,26.578487459714164,3.4215125402858355,6.843025974341323,0.0,6.843025974341323,False
364.6000000000144,26.578489675929955,26.578489675929955,3.421510324070045,6.8430215297929,0.0,6.8430215297929,False
365.1000000000145,26.578491862100496,26.578491862100496,3.4215081378995045,6.843017145499246,0.0,6.843017145499246,False
365.60000000001463,26.578494018633098,26.578494018633098,3.421505981366902,6.843012820643509,0.0,6.843012820643509,False
366.10000000001475,26.57849614592957,26.57849614592957,3.42150385407043,6.843008554419875,0.0,6.843008554419875,False
366.60000000001486,26.578498244386267,26.578498244386267,3.4215017556137326,6.843004346033467,0.0,6.843004346033467,False
367.100000000015,26.57850031439417,26.57850031439417,3.4214996856058306,6.843000194700188,0.0,6.843000194700188,False
367.6000000000151,26.57850235633895,26.57850235633895,3.4214976436610485,6.842996099646584,0.0,6.842996099646584,False
368.1000000000152,26.578504370601074,26.578504370601074,3.421495629398926,6.842992060109651,0.0,6.842992060109651,False
368.6000000000153,26.578506357555828,26.578506357555828,3.4214936424441724,6.8429880753367485,0.0,6.8429880753367485,False
369.1000000000154,26.578508317573416,26.578508317573416,3.421491682426584,6.842984144585458,0.0,6.842984144585458,False
369.60000000001554,26.57851025101903,26.57851025101903,3.421489748980971,6.842980267123394,0.0,6.842980267123394,False
370.10000000001565,26.578512158252906,26.578512158252906,3.421487841747094,6.842976442228114,0.0,6.842976442228114,False
370.60000000001577,26.57851403963039,26.57851403963039,3.4214859603696084,6.842972669186977,0.0,6.842972669186977,False
371.1000000000159,26.57851589550203,26.57851589550203,3.4214841044979707,6.842968947296988,0.0,6.842968947296988,False
371.600000000016,26.578517726213597,26.578517726213597,3.4214822737864026,6.8429652758646995,0.0,6.8429652758646995,False
372.1000000000161,26.578519532106196,26.578519532106196,3.4214804678938044,6.842961654206043,0.0,6.842961654206043,False
372.6000000000162,26.578521313516294,26.578521313516294,3.421478686483706,6.842958081646245,0.0,6.842958081646245,False
373.10000000001634,26.578523070775795,26.578523070775795,3.4214769292242053,6.8429545575196755,0.0,6.8429545575196755,False
373.60000000001645,26.578524804212115,26.578524804212115,3.4214751957878846,6.842951081169723,0.0,6.842951081169723,False
374.10000000001656,26.578526514148226,26.578526514148226,3.4214734858517737,6.84294765194867,0.0,6.84294765194867,False
374.6000000000167,26.578528200902717,26.578528200902717,3.421471799097283,6.842944269217597,0.0,6.842944269217597,False
375.1000000000168,26.578529864789864,26.578529864789864,3.4214701352101358,6.842940932346238,0.0,6.842940932346238,False
375.6000000000169,26.57853150611968,26.57853150611968,3.421468493880319,6.842937640712869,0.0,6.842937640712869,False
376.100000000017,26.57853312519798,26.57853312519798,3.4214668748020216,6.842934393704198,0.0,6.842934393704198,False
376.60000000001713,26.578534722326417,26.578534722326417,3.421465277673583,6.842931190715248,0.0,6.842931190715248,False
377.10000000001725,26.578536297802565,26.578536297802565,3.4214637021974355,6.842928031149263,0.0,6.842928031149263,False
377.60000000001736,26.578537851919968,26.578537851919968,3.421462148080032,6.842924914417537,0.0,6.842924914417537,False
378.1000000000175,26.57853938496819,26.57853938496819,3.4214606150318083,6.842921839939372,0.0,6.842921839939372,False
378.6000000000176,26.578540897232863,26.578540897232863,3.4214591027671375,6.842918807141935,0.0,6.842918807141935,False
379.1000000000177,26.57854238899575,26.57854238899575,3.42145761100425,6.8429158154601595,0.0,6.8429158154601595,False
379.6000000000178,26.578543860534793,26.578543860534793,3.4214561394652065,6.842912864336647,0.0,6.842912864336647,False
380.1000000000179,26.57854531212417,26.57854531212417,3.42145468787583,6.842909953221536,0.0,6.842909953221536,False
380.60000000001804,26.57854674403434,26.57854674403434,3.421453255965659,6.842907081572427,0.0,6.842907081572427,False
381.10000000001816,26.578548156532094,26.578548156532094,3.4214518434679064,6.842904248854296,0.0,6.842904248854296,False
381.60000000001827,26.578549549880602,26.578549549880602,3.421450450119398,6.842901454539344,0.0,6.842901454539344,False
382.1000000000184,26.57855092433947,26.57855092433947,3.4214490756605294,6.84289869810695,0.0,6.84289869810695,False
382.6000000000185,26.57855228016479,26.57855228016479,3.4214477198352107,6.842895979043533,0.0,6.842895979043533,False
383.1000000000186,26.57855361760917,26.57855361760917,3.4214463823908297,6.842893296842483,0.0,6.842893296842483,False
383.6000000000187,26.578554936921808,26.578554936921808,3.421445063078192,6.842890651004055,0.0,6.842890651004055,False
384.10000000001884,26.578556238348508,26.578556238348508,3.421443761651492,6.8428880410352875,0.0,6.8428880410352875,False
384.60000000001895,26.578557522131764,26.578557522131764,3.4214424778682364,6.842885466449879,0.0,6.842885466449879,False
385.10000000001907,26.578558788510755,26.578558788510755,3.4214412114892454,6.842882926768148,0.0,6.842882926768148,False
385.6000000000192,26.578560037721434,26.578560037721434,3.4214399622785656,6.8428804215169095,0.0,6.8428804215169095,False
386.1000000000193,26.578561269996555,26.578561269996555,3.4214387300034446,6.842877950229379,0.0,6.842877950229379,False
386.6000000000194,26.57856248556571,26.57856248556571,3.4214375144342917,6.842875512445126,0.0,6.842875512445126,False
387.1000000000195,26.578563684655382,26.578563684655382,3.421436315344618,6.84287310770992,0.0,6.84287310770992,False
387.60000000001963,26.578564867488986,26.578564867488986,3.4214351325110144,6.842870735575744,0.0,6.842870735575744,False
388.10000000001975,26.578566034286904,26.578566034286904,3.4214339657130957,6.842868395600604,0.0,6.842868395600604,False
388.60000000001986,26.578567185266536,26.578567185266536,3.421432814733464,6.842866087348526,0.0,6.842866087348526,False
389.10000000002,26.578568320642322,26.578568320642322,3.421431679357678,6.842863810389446,0.0,6.842863810389446,False
389.6000000000201,26.57856944062581,26.57856944062581,3.4214305593741905,6.84286156429912,0.0,6.84286156429912,False
390.1000000000202,26.578570545425677,26.578570545425677,3.421429454574323,6.842859348659054,0.0,6.842859348659054,False
390.6000000000203,26.57857163524776,26.57857163524776,3.4214283647522414,6.842857163056443,0.0,6.842857163056443,False
391.10000000002043,26.578572710295113,26.578572710295113,3.421427289704887,6.842855007084069,0.0,6.842855007084069,False
391.60000000002054,26.578573770768042,26.578573770768042,3.421426229231958,6.842852880340224,0.0,6.842852880340224,False
392.10000000002066,26.578574816864133,26.578574816864133,3.4214251831358666,6.842850782428663,0.0,6.842850782428663,False
392.60000000002077,26.57857584877829,26.57857584877829,3.4214241512217107,6.8428487129585065,0.0,6.8428487129585065,False
393.1000000000209,26.578576866702775,26.578576866702775,3.4214231332972247,6.84284667154418,0.0,6.84284667154418,False
393.600000000021,26.57857787082725,26.57857787082725,3.4214221291727505,6.842844657805323,0.0,6.842844657805323,False
394.1000000000211,26.5785788613388,26.5785788613388,3.4214211386611986,6.842842671366739,0.0,6.842842671366739,False
394.6000000000212,26.578579838421973,26.578579838421973,3.421420161578027,6.842840711858329,0.0,6.842840711858329,False
395.10000000002134,26.578580802258827,26.578580802258827,3.421419197741173,6.842838778914988,0.0,6.842838778914988,False
395.60000000002145,26.57858175302893,26.57858175302893,3.4214182469710686,6.842836872176576,0.0,6.842836872176576,False
396.10000000002157,26.578582690909435,26.578582690909435,3.4214173090905646,6.8428349912878375,0.0,6.8428349912878375,False
396.6000000000217,26.57858361607509,26.57858361607509,3.4214163839249103,6.842833135898324,0.0,6.842833135898324,False
397.1000000000218,26.578584528698265,26.578584528698265,3.421415471301735,6.842831305662337,0.0,6.842831305662337,False
397.6000000000219,26.578585428948998,26.578585428948998,3.4214145710510024,6.842829500238878,0.0,6.842829500238878,False
398.100000000022,26.578586316995022,26.578586316995022,3.421413683004978,6.842827719291563,0.0,6.842827719291563,False
398.60000000002213,26.578587193001802,26.578587193001802,3.421412806998198,6.842825962488561,0.0,6.842825962488561,False
399.10000000002225,26.57858805713255,26.57858805713255,3.4214119428674508,6.842824229502554,0.0,6.842824229502554,False
399.60000000002236,26.578588909548273,26.578588909548273,3.421411090451727,6.84282252001065,0.0,6.84282252001065,False
400.1000000000225,26.578589750407787,26.578589750407787,3.4214102495922134,6.84282083369434,0.0,6.84282083369434,False
400.6000000000226,26.57859057986776,26.57859057986776,3.421409420132239,6.842819170239437,0.0,6.842819170239437,False
401.1000000000227,26.57859139808274,26.57859139808274,3.4214086019172605,6.84281752933601,0.0,6.84281752933601,False
401.6000000000228,26.578592205205172,26.578592205205172,3.4214077947948276,6.842815910678318,0.0,6.842815910678318,False
402.10000000002293,26.578593001385435,26.578593001385435,3.4214069986145645,6.842814313964787,0.0,6.842814313964787,False
402.60000000002304,26.57859378677188,26.57859378677188,3.4214062132281207,6.842812738897912,0.0,6.842812738897912,False
403.10000000002316,26.578594561510833,26.578594561510833,3.421405438489167,6.842811185184232,0.0,6.842811185184232,False
403.6000000000233,26.578595325746644,26.578595325746644,3.421404674253356,6.842809652534257,0.0,6.842809652534257,False
404.1000000000234,26.578596079621697,26.578596079621697,3.421403920378303,6.842808140662449,0.0,6.842808140662449,False
404.6000000000235,26.578596823276467,26.578596823276467,3.4214031767235333,6.842806649287084,0.0,6.842806649287084,False
405.1000000000236,26.5785975568495,26.5785975568495,3.4214024431505017,6.8428051781303125,0.0,6.8428051781303125,False
405.6000000000237,26.578598280477472,26.578598280477472,3.421401719522528,6.842803726918035,0.0,6.842803726918035,False
406.10000000002384,26.578598994295213,26.578598994295213,3.4214010057047872,6.842802295379855,0.0,6.842802295379855,False
406.60000000002395,26.578599698435724,26.578599698435724,3.421400301564276,6.842800883249048,0.0,6.842800883249048,False
407.10000000002407,26.578600393030197,26.578600393030197,3.4213996069698034,6.842799490262507,0.0,6.842799490262507,False
407.6000000000242,26.57860107820804,26.57860107820804,3.4213989217919583,6.842798116160701,0.0,6.842798116160701,False
408.1000000000243,26.578601754096926,26.578601754096926,3.421398245903074,6.842796760687605,0.0,6.842796760687605,False
408.6000000000244,26.578602420822783,26.578602420822783,3.421397579177217,6.842795423590665,0.0,6.842795423590665,False
409.1000000000245,26.578603078509833,26.578603078509833,3.4213969214901674,6.842794104620758,0.0,6.842794104620758,False
409.60000000002464,26.578603727280612,26.578603727280612,3.421396272719388,6.842792803532134,0.0,6.842792803532134,False
410.10000000002475,26.578604367256,26.578604367256,3.4213956327440016,6.842791520082386,0.0,6.842791520082386,False
410.60000000002486,26.578604998555235,26.578604998555235,3.4213950014447647,6.84279025403238,0.0,6.84279025403238,False
411.100000000025,26.578605621295942,26.578605621295942,3.4213943787040577,6.842789005146216,0.0,6.842789005146216,False
411.6000000000251,26.578606235594147,26.578606235594147,3.4213937644058525,6.842787773191219,0.0,6.842787773191219,False
412.1000000000252,26.57860684156431,26.57860684156431,3.4213931584356914,6.842786557937842,0.0,6.842786557937842,False
412.6000000000253,26.578607439319324,26.578607439319324,3.421392560680676,6.84278535915967,0.0,6.84278535915967,False
413.10000000002543,26.57860802897057,26.57860802897057,3.421391971029429,6.842784176633344,0.0,6.842784176633344,False
413.60000000002555,26.57860861062791,26.57860861062791,3.42139138937209,6.84278301013854,0.0,6.84278301013854,False
414.10000000002566,26.578609184399717,26.578609184399717,3.421390815600283,6.842781859457908,0.0,6.842781859457908,False
414.6000000000258,26.578609750392896,26.578609750392896,3.4213902496071036,6.842780724377064,0.0,6.842780724377064,False
415.1000000000259,26.5786103087129,26.5786103087129,3.4213896912871,6.842779604684523,0.0,6.842779604684523,False
415.600000000026,26.578610859463755,26.578610859463755,3.4213891405362453,6.8427785001716614,0.0,6.8427785001716614,False
416.1000000000261,26.57861140274807,26.57861140274807,3.42138859725193,6.842777410632699,0.0,6.842777410632699,False
416.6000000000262,26.57861193866708,26.57861193866708,3.4213880613329195,6.84277633586462,0.0,6.84277633586462,False
417.10000000002634,26.578612467320628,26.578612467320628,3.421387532679372,6.8427752756671865,0.0,6.8427752756671865,False
417.60000000002645,26.57861298880722,26.57861298880722,3.421387011192781,6.842774229842853,0.0,6.842774229842853,False
418.10000000002657,26.57861350322401,26.57861350322401,3.421386496775991,6.842773198196767,0.0,6.842773198196767,False
418.6000000000267,26.578614010666843,26.578614010666843,3.4213859893331566,6.842772180536727,0.0,6.842772180536727,False
419.1000000000268,26.578614511230274,26.578614511230274,3.421385488769726,6.842771176673111,0.0,6.842771176673111,False
419.6000000000269,26.578615005007563,26.578615005007563,3.4213849949924366,6.842770186418875,0.0,6.842770186418875,False
420.100000000027,26.578615492090712,26.578615492090712,3.4213845079092877,6.84276920958952,0.0,6.84276920958952,False
420.60000000002714,26.578615972570468,26.578615972570468,3.421384027429532,6.842768246003054,0.0,6.842768246003054,False
421.10000000002725,26.578616446536355,26.578616446536355,3.421383553463645,6.842767295479938,0.0,6.842767295479938,False
421.60000000002736,26.578616914076683,26.578616914076683,3.421383085923317,6.842766357843075,0.0,6.842766357843075,False
422.1000000000275,26.57861737527856,26.57861737527856,3.4213826247214385,6.8427654329177585,0.0,6.8427654329177585,False
422.6000000000276,26.57861783022792,26.57861783022792,3.4213821697720803,6.842764520531674,0.0,6.842764520531674,False
423.1000000000277,26.578618279009525,26.578618279009525,3.4213817209904747,6.842763620514809,0.0,6.842763620514809,False
423.6000000000278,26.578618721707,26.578618721707,3.4213812782930013,6.842762732699484,0.0,6.842762732699484,False
424.10000000002793,26.57861915840282,26.57861915840282,3.4213808415971805,6.842761856920269,0.0,6.842761856920269,False
424.60000000002805,26.57861958917835,26.57861958917835,3.4213804108216515,6.842760993014004,0.0,6.842760993014004,False
425.10000000002816,26.57862001411385,26.57862001411385,3.4213799858861513,6.842760140819728,0.0,6.842760140819728,False
425.6000000000283,26.578620433288496,26.578620433288496,3.4213795667115043,6.842759300178656,0.0,6.842759300178656,False
426.1000000000284,26.57862084678039,26.57862084678039,3.421379153219611,6.8427584709341644,0.0,6.8427584709341644,False
426.6000000000285,26.578621254666572,26.578621254666572,3.4213787453334277,6.842757652931738,0.0,6.842757652931738,False
427.1000000000286,26.578621657023035,26.578621657023035,3.421378342976965,6.842756846018986,0.0,6.842756846018986,False
427.60000000002873,26.578622053924747,26.578622053924747,3.4213779460752534,6.842756050045558,0.0,6.842756050045558,False
428.10000000002884,26.57862244544566,26.57862244544566,3.42137755455434,6.84275526486315,0.0,6.84275526486315,False
428.60000000002896,26.57862283165872,26.57862283165872,3.42137716834128,6.842754490325461,0.0,6.842754490325461,False
429.10000000002907,26.578623212635886,26.578623212635886,3.421376787364114,6.842753726288194,0.0,6.842753726288194,False
429.6000000000292,26.578623588448146,26.578623588448146,3.4213764115518543,6.842752972608977,0.0,6.842752972608977,False
430.1000000000293,26.578623959165512,26.578623959165512,3.421376040834488,6.8427522291474006,0.0,6.8427522291474006,False
430.6000000000294,26.57862432485706,26.57862432485706,3.42137567514294,6.8427514957649365,0.0,6.8427514957649365,False
431.1000000000295,26.578624685590924,26.578624685590924,3.421375314409076,6.842750772324948,0.0,6.842750772324948,False
431.60000000002964,26.578625041434318,26.578625041434318,3.421374958565682,6.842750058692637,0.0,6.842750058692637,False
432.10000000002975,26.57862539245354,26.57862539245354,3.4213746075464613,6.842749354735048,0.0,6.842749354735048,False
432.60000000002987,26.578625738713992,26.578625738713992,3.421374261286008,6.842748660321014,0.0,6.842748660321014,False
433.10000000003,26.578626080280184,26.578626080280184,3.421373919719816,6.84274797532116,0.0,6.84274797532116,False
433.6000000000301,26.57862641721576,26.57862641721576,3.4213735827842413,6.842747299607865,0.0,6.842747299607865,False
434.1000000000302,26.5786267495835,26.5786267495835,3.421373250416501,6.842746633055214,0.0,6.842746633055214,False
434.6000000000303,26.578627077445333,26.578627077445333,3.421372922554667,6.84274597553901,0.0,6.84274597553901,False
435.10000000003043,26.578627400862338,26.578627400862338,3.421372599137662,6.842745326936765,0.0,6.842745326936765,False
435.60000000003055,26.578627719894772,26.578627719894772,3.4213722801052278,6.842744687127627,0.0,6.842744687127627,False
436.10000000003066,26.57862803460208,26.57862803460208,3.4213719653979204,6.842744055992398,0.0,6.842744055992398,False
436.6000000000308,26.578628345042894,26.578628345042894,3.421371654957106,6.8427434334134745,0.0,6.8427434334134745,False
437.1000000000309,26.578628651275064,26.578628651275064,3.4213713487249358,6.842742819274854,0.0,6.842742819274854,False
437.600000000031,26.578628953355643,26.578628953355643,3.4213710466443565,6.842742213462117,0.0,6.842742213462117,False
438.1000000000311,26.57862925134091,26.57862925134091,3.42137074865909,6.842741615862387,0.0,6.842741615862387,False
438.60000000003123,26.57862954528639,26.57862954528639,3.4213704547136103,6.8427410263643225,0.0,6.8427410263643225,False
439.10000000003134,26.578629835246847,26.578629835246847,3.421370164753153,6.842740444858094,0.0,6.842740444858094,False
439.60000000003146,26.57863012127631,26.57863012127631,3.4213698787236915,6.842739871235345,0.0,6.842739871235345,False
440.10000000003157,26.57863040342807,26.57863040342807,3.4213695965719317,6.842739305389202,0.0,6.842739305389202,False
440.6000000000317,26.57863068175469,26.57863068175469,3.4213693182453113,6.8427387472142485,0.0,6.8427387472142485,False
441.1000000000318,26.57863095630804,26.57863095630804,3.4213690436919606,6.842738196606469,0.0,6.842738196606469,False
441.6000000000319,26.578631227139265,26.578631227139265,3.4213687728607347,6.842737653463281,0.0,6.842737653463281,False
442.100000000032,26.57863149429883,26.57863149429883,3.421368505701171,6.842737117683498,0.0,6.842737117683498,False
442.60000000003214,26.578631757836508,26.578631757836508,3.421368242163492,6.842736589167288,0.0,6.842736589167288,False
443.10000000003225,26.578632017801407,26.578632017801407,3.4213679821985927,6.842736067816169,0.0,6.842736067816169,False
443.60000000003237,26.57863227424196,26.57863227424196,3.4213677257580386,6.842735553533011,0.0,6.842735553533011,False
444.1000000000325,26.578632527205944,26.578632527205944,3.4213674727940564,6.842735046221996,0.0,6.842735046221996,False
444.6000000000326,26.578632776740495,26.578632776740495,3.421367223259505,6.842734545788602,0.0,6.842734545788602,False
445.1000000000327,26.578633022892102,26.578633022892102,3.4213669771078976,6.8427340521395905,0.0,6.8427340521395905,False
445.6000000000328,26.57863326570663,26.57863326570663,3.4213667342933682,6.842733565182975,0.0,6.842733565182975,False
446.10000000003294,26.578633505229323,26.578633505229323,3.421366494770677,6.8427330848280405,0.0,6.8427330848280405,False
446.60000000003305,26.578633741504802,26.578633741504802,3.4213662584951976,6.842732610985273,0.0,6.842732610985273,False
447.10000000003316,26.57863397457709,26.57863397457709,3.421366025422909,6.842732143566408,0.0,6.842732143566408,False
447.6000000000333,26.578634204489617,26.578634204489617,3.4213657955103827,6.842731682484342,0.0,6.842731682484342,False
448.1000000000334,26.578634431285217,26.578634431285217,3.4213655687147835,6.842731227653175,0.0,6.842731227653175,False
448.6000000000335,26.578634655006148,26.578634655006148,3.421365344993852,6.842730778988148,0.0,6.842730778988148,False
449.1000000000336,26.578634875694092,26.578634875694092,3.4213651243059076,6.84273033640568,0.0,6.84273033640568,False
449.60000000003373,26.57863509339017,26.57863509339017,3.4213649066098313,6.842729899823304,0.0,6.842729899823304,False
450.10000000003384,26.57863530813494,26.57863530813494,3.4213646918650618,6.8427294691596785,0.0,6.8427294691596785,False
450.60000000003396,26.578635519968408,26.578635519968408,3.421364480031592,6.842729044334568,0.0,6.842729044334568,False
451.1000000000341,26.57863572893005,26.57863572893005,3.421364271069951,6.842728625268819,0.0,6.842728625268819,False
451.6000000000342,26.5786359350588,26.5786359350588,3.4213640649412014,6.842728211884342,0.0,6.842728211884342,False
452.1000000000343,26.57863613839306,26.57863613839306,3.4213638616069417,6.842727804104122,0.0,6.842727804104122,False
452.6000000000344,26.578636338970714,26.578636338970714,3.421363661029286,6.84272740185218,0.0,6.84272740185218,False
453.1000000000345,26.578636536829137,26.578636536829137,3.421363463170863,6.842727005053568,0.0,6.842727005053568,False
453.60000000003464,26.57863673200519,26.57863673200519,3.42136326799481,6.842726613634369,0.0,6.842726613634369,False
454.10000000003475,26.578636924535243,26.578636924535243,3.4213630754647575,6.842726227521631,0.0,6.842726227521631,False
454.60000000003487,26.57863711445516,26.57863711445516,3.4213628855448412,6.8427258466434395,0.0,6.8427258466434395,False
455.100000000035,26.57863730180033,26.57863730180033,3.421362698199669,6.842725470928812,0.0,6.842725470928812,False
455.6000000000351,26.57863748660566,26.57863748660566,3.421362513394339,6.842725100307753,0.0,6.842725100307753,False
456.1000000000352,26.578637668905582,26.578637668905582,3.421362331094418,6.8427247347112115,0.0,6.8427247347112115,False
456.6000000000353,26.578637848734065,26.578637848734065,3.421362151265935,6.842724374071061,0.0,6.842724374071061,False
457.10000000003544,26.57863802612461,26.57863802612461,3.4213619738753884,6.842724018320112,0.0,6.842724018320112,False
457.60000000003555,26.578638201110273,26.578638201110273,3.421361798889727,6.842723667392079,0.0,6.842723667392079,False
458.10000000003566,26.578638373723656,26.578638373723656,3.4213616262763438,6.842723321221577,0.0,6.842723321221577,False
458.6000000000358,26.578638543996917,26.578638543996917,3.4213614560030834,6.84272297974411,0.0,6.84272297974411,False
459.1000000000359,26.57863871196178,26.57863871196178,3.42136128803822,6.842722642896057,0.0,6.842722642896057,False
459.600000000036,26.578638877649542,26.578638877649542,3.421361122350458,6.842722310614661,0.0,6.842722310614661,False
460.1000000000361,26.578639041091076,26.578639041091076,3.4213609589089238,6.842721982838,0.0,6.842721982838,False
460.60000000003623,26.578639202316833,26.578639202316833,3.4213607976831675,6.84272165950501,0.0,6.84272165950501,False
461.10000000003635,26.578639361356846,26.578639361356846,3.4213606386431543,6.84272134055545,0.0,6.84272134055545,False
461.60000000003646,26.578639518240752,26.578639518240752,3.4213604817592476,6.842721025929897,0.0,6.842721025929897,False
462.1000000000366,26.57863967299778,26.57863967299778,3.421360327002219,6.842720715569726,0.0,6.842720715569726,False
462.6000000000367,26.57863982565677,26.57863982565677,3.4213601743432314,6.842720409417112,0.0,6.842720409417112,False
463.1000000000368,26.57863997624616,26.57863997624616,3.4213600237538415,6.842720107415005,0.0,6.842720107415005,False
463.6000000000369,26.578640124794003,26.578640124794003,3.4213598752059973,6.842719809507152,0.0,6.842719809507152,False
464.100000000037,26.578640271327988,26.578640271327988,3.4213597286720123,6.842719515638031,0.0,6.842719515638031,False
464.60000000003714,26.57864041587541,26.57864041587541,3.421359584124591,6.842719225752894,0.0,6.842719225752894,False
465.10000000003726,26.578640558463196,26.578640558463196,3.4213594415368043,6.8427189397977415,0.0,6.8427189397977415,False
465.60000000003737,26.578640699117923,26.578640699117923,3.4213593008820773,6.842718657719281,0.0,6.842718657719281,False
466.1000000000375,26.57864083786579,26.57864083786579,3.421359162134209,6.842718379464962,0.0,6.842718379464962,False
466.6000000000376,26.578640974732657,26.578640974732657,3.4213590252673427,6.842718104982929,0.0,6.842718104982929,False
467.1000000000377,26.578641109744016,26.578641109744016,3.421358890255984,6.842717834222057,0.0,6.842717834222057,False
467.6000000000378,26.578641242925023,26.578641242925023,3.4213587570749766,6.842717567131892,0.0,6.842717567131892,False
468.10000000003794,26.578641374300496,26.578641374300496,3.4213586256995043,6.842717303662674,0.0,6.842717303662674,False
468.60000000003805,26.578641503894907,26.578641503894907,3.4213584961050927,6.842717043765312,0.0,6.842717043765312,False
469.10000000003816,26.578641631732406,26.578641631732406,3.421358368267594,6.842716787391375,0.0,6.842716787391375,False
469.6000000000383,26.578641757836813,26.578641757836813,3.421358242163187,6.842716534493107,0.0,6.842716534493107,False
470.1000000000384,26.578641882231622,26.578641882231622,3.421358117768378,6.8427162850233785,0.0,6.8427162850233785,False
470.6000000000385,26.578642004940008,26.578642004940008,3.421357995059992,6.842716038935713,0.0,6.842716038935713,False
471.1000000000386,26.578642125984835,26.578642125984835,3.4213578740151647,6.842715796184265,0.0,6.842715796184265,False
471.60000000003873,26.578642245388654,26.578642245388654,3.4213577546113463,6.842715556723803,0.0,6.842715556723803,False
472.10000000003885,26.578642363173714,26.578642363173714,3.4213576368262864,6.842715320509711,0.0,6.842715320509711,False
472.60000000003896,26.578642479361967,26.578642479361967,3.4213575206380327,6.8427150874979645,0.0,6.8427150874979645,False
473.1000000000391,26.57864259397505,26.57864259397505,3.421357406024949,6.842714857645163,0.0,6.842714857645163,False
473.6000000000392,26.578642707034323,26.578642707034323,3.421357292965677,6.842714630908482,0.0,6.842714630908482,False
474.1000000000393,26.57864281856085,26.57864281856085,3.4213571814391486,6.842714407245673,0.0,6.842714407245673,False
474.6000000000394,26.578642928575412,26.578642928575412,3.4213570714245876,6.842714186615062,0.0,6.842714186615062,False
475.10000000003953,26.578643037098505,26.578643037098505,3.421356962901495,6.842713968975538,0.0,6.842713968975538,False
475.60000000003964,26.57864314415035,26.57864314415035,3.4213568558496483,6.842713754286557,0.0,6.842713754286557,False
476.10000000003976,26.578643249750897,26.578643249750897,3.421356750249103,6.842713542508115,0.0,6.842713542508115,False
476.60000000003987,26.578643353919816,26.578643353919816,3.4213566460801843,6.842713333600749,0.0,6.842713333600749,False
477.10000000004,26.578643456676513,26.578643456676513,3.421356543323487,6.842713127525542,0.0,6.842713127525542,False
477.6000000000401,26.578643558040138,26.578643558040138,3.421356441959862,6.842712924244104,0.0,6.842712924244104,False
478.1000000000402,26.578643658029574,26.578643658029574,3.4213563419704265,6.842712723718556,0.0,6.842712723718556,False
478.6000000000403,26.578643756663453,26.578643756663453,3.4213562433365468,6.84271252591153,0.0,6.84271252591153,False
479.10000000004044,26.578643853960145,26.578643853960145,3.421356146039855,6.842712330786185,0.0,6.842712330786185,False
479.60000000004055,26.57864394993779,26.57864394993779,3.4213560500622116,6.842712138306155,0.0,6.842712138306155,False
480.10000000004067,26.578644044614265,26.578644044614265,3.421355955385735,6.842711948435571,0.0,6.842711948435571,False
480.6000000000408,26.57864413800721,26.57864413800721,3.42135586199279,6.842711761139071,0.0,6.842711761139071,False
481.1000000000409,26.578644230134028,26.578644230134028,3.421355769865972,6.842711576381745,0.0,6.842711576381745,False
481.600000000041,26.57864432101188,26.57864432101188,3.421355678988121,6.842711394129182,0.0,6.842711394129182,False
482.1000000000411,26.5786444106577,26.5786444106577,3.4213555893423013,6.842711214347418,0.0,6.842711214347418,False
482.60000000004123,26.578644499088192,26.578644499088192,3.421355500911808,6.84271103700295,0.0,6.84271103700295,False
483.10000000004135,26.57864458631983,26.57864458631983,3.421355413680171,6.842710862062745,0.0,6.842710862062745,False
483.60000000004146,26.578644672368867,26.578644672368867,3.421355327631133,6.842710689494211,0.0,6.842710689494211,False
484.1000000000416,26.57864475725134,26.57864475725134,3.4213552427486604,6.842710519265182,0.0,6.842710519265182,False
484.6000000000417,26.57864484098306,26.57864484098306,3.42135515901694,6.842710351343953,0.0,6.842710351343953,False
485.1000000000418,26.578644923579628,26.578644923579628,3.4213550764203724,6.842710185699232,0.0,6.842710185699232,False
485.6000000000419,26.578645005056433,26.578645005056433,3.4213549949435667,6.842710022300153,0.0,6.842710022300153,False
486.10000000004203,26.578645085428654,26.578645085428654,3.4213549145713458,6.84270986111629,0.0,6.84270986111629,False
486.60000000004214,26.57864516471127,26.57864516471127,3.4213548352887315,6.842709702117595,0.0,6.842709702117595,False
487.10000000004226,26.57864524291905,26.57864524291905,3.4213547570809517,6.842709545274445,0.0,6.842709545274445,False
487.60000000004237,26.578645320066567,26.578645320066567,3.421354679933433,6.842709390557616,0.0,6.842709390557616,False
488.1000000000425,26.578645396168195,26.578645396168195,3.421354603831805,6.842709237938287,0.0,6.842709237938287,False
488.6000000000426,26.57864547123811,26.57864547123811,3.4213545287618885,6.842709087388016,0.0,6.842709087388016,False
489.1000000000427,26.578645545290307,26.578645545290307,3.421354454709693,6.842708938878758,0.0,6.842708938878758,False
489.6000000000428,26.578645618338573,26.578645618338573,3.421354381661427,6.842708792382844,0.0,6.842708792382844,False
490.10000000004294,26.578645690396524,26.578645690396524,3.421354309603476,6.842708647872975,0.0,6.842708647872975,False
490.60000000004305,26.578645761477585,26.578645761477585,3.421354238522415,6.8427085053222285,0.0,6.8427085053222285,False
491.10000000004317,26.578645831595,26.578645831595,3.4213541684049993,6.842708364704038,0.0,6.842708364704038,False
491.6000000000433,26.57864590076183,26.57864590076183,3.421354099238169,6.842708225992219,0.0,6.842708225992219,False
492.1000000000434,26.578645968990966,26.578645968990966,3.4213540310090345,6.842708089160915,0.0,6.842708089160915,False
492.6000000000435,26.57864603629512,26.57864603629512,3.421353963704881,6.8427079541846325,0.0,6.8427079541846325,False
493.1000000000436,26.578646102686825,26.578646102686825,3.4213538973131747,6.842707821038232,0.0,6.842707821038232,False
493.60000000004374,26.578646168178466,26.578646168178466,3.421353831821534,6.842707689696887,0.0,6.842707689696887,False
494.10000000004385,26.578646232782237,26.578646232782237,3.421353767217763,6.842707560136134,0.0,6.842707560136134,False
494.60000000004396,26.578646296510172,26.578646296510172,3.421353703489828,6.842707432331842,0.0,6.842707432331842,False
495.1000000000441,26.578646359374147,26.578646359374147,3.4213536406258527,6.842707306260188,0.0,6.842707306260188,False
495.6000000000442,26.578646421385876,26.578646421385876,3.4213535786141236,6.842707181897694,0.0,6.842707181897694,False
496.1000000000443,26.578646482556906,26.578646482556906,3.4213535174430945,6.8427070592211905,0.0,6.8427070592211905,False
496.6000000000444,26.578646542898642,26.578646542898642,3.4213534571013575,6.8427069382078045,0.0,6.8427069382078045,False
497.10000000004453,26.578646602422324,26.578646602422324,3.4213533975776755,6.842706818835005,0.0,6.842706818835005,False
497.60000000004464,26.578646661139047,26.578646661139047,3.4213533388609534,6.842706701080537,0.0,6.842706701080537,False
498.10000000004476,26.578646719059744,26.578646719059744,3.421353280940256,6.8427065849224675,0.0,6.8427065849224675,False
498.6000000000449,26.578646776195207,26.578646776195207,3.4213532238047932,6.842706470339159,0.0,6.842706470339159,False
499.100000000045,26.578646832556085,26.578646832556085,3.4213531674439146,6.842706357309261,0.0,6.842706357309261,False
499.6000000000451,26.57864688815288,26.57864688815288,3.4213531118471217,6.842706245811705,0.0,6.842706245811705,False
500.1000000000452,26.57864694299594,26.57864694299594,3.4213530570040582,6.842706135825729,0.0,6.842706135825729,False
500.6000000000453,26.5786469970955,26.5786469970955,3.4213530029044996,6.842706027330834,0.0,6.842706027330834,False
501.10000000004544,26.578647050461633,26.578647050461633,3.4213529495383668,6.842705920306798,0.0,6.842705920306798,False
501.60000000004555,26.578647103104277,26.578647103104277,3.4213528968957228,6.842705814733691,0.0,6.842705814733691,False
502.10000000004567,26.57864715503325,26.57864715503325,3.4213528449667514,6.8427057105918365,0.0,6.8427057105918365,False
502.6000000000458,26.578647206258218,26.578647206258218,3.4213527937417822,6.842705607861831,0.0,6.842705607861831,False
503.1000000000459,26.57864725678873,26.57864725678873,3.421352743211269,6.842705506524538,0.0,6.842705506524538,False
503.600000000046,26.578647306634203,26.578647306634203,3.4213526933657974,6.842705406561073,0.0,6.842705406561073,False
504.1000000000461,26.578647355803913,26.578647355803913,3.4213526441960873,6.842705307952819,0.0,6.842705307952819,False
504.60000000004624,26.578647404307034,26.578647404307034,3.421352595692966,6.842705210681395,0.0,6.842705210681395,False
505.10000000004635,26.5786474521526,26.5786474521526,3.4213525478473983,6.842705114728673,0.0,6.842705114728673,False
505.60000000004646,26.578647499349522,26.578647499349522,3.421352500650478,6.842705020076785,0.0,6.842705020076785,False
506.1000000000466,26.57864754590659,26.57864754590659,3.421352454093409,6.842704926708109,0.0,6.842704926708109,False
506.6000000000467,26.578647591832482,26.578647591832482,3.421352408167518,6.842704834605229,0.0,6.842704834605229,False
507.1000000000468,26.57864763713576,26.57864763713576,3.4213523628642406,6.842704743750986,0.0,6.842704743750986,False
507.6000000000469,26.578647681824858,26.578647681824858,3.421352318175142,6.842704654128461,0.0,6.842704654128461,False
508.10000000004703,26.578647725908105,26.578647725908105,3.4213522740918947,6.842704565720943,0.0,6.842704565720943,False
508.60000000004715,26.57864776939372,26.57864776939372,3.4213522306062814,6.842704478511969,0.0,6.842704478511969,False
509.10000000004726,26.5786478122898,26.5786478122898,3.4213521877102018,6.842704392485281,0.0,6.842704392485281,False
509.6000000000474,26.578647854604334,26.578647854604334,3.421352145395666,6.842704307624857,0.0,6.842704307624857,False
510.1000000000475,26.578647896345213,26.578647896345213,3.4213521036547867,6.842704223914886,0.0,6.842704223914886,False
510.6000000000476,26.57864793752021,26.57864793752021,3.421352062479791,6.84270414133978,0.0,6.84270414133978,False
511.1000000000477,26.578647978136996,26.578647978136996,3.4213520218630045,6.8427040598841415,0.0,6.8427040598841415,False
511.6000000000478,26.57864801820314,26.57864801820314,3.4213519817968603,6.842703979532793,0.0,6.842703979532793,False
512.1000000000479,26.57864805772611,26.57864805772611,3.4213519422738905,6.84270390027077,0.0,6.84270390027077,False
512.600000000048,26.578648096713263,26.578648096713263,3.4213519032867374,6.842703822083308,0.0,6.842703822083308,False
513.1000000000481,26.578648135171868,26.578648135171868,3.4213518648281322,6.842703744955827,0.0,6.842703744955827,False
513.6000000000482,26.578648173109087,26.578648173109087,3.4213518268909127,6.842703668873973,0.0,6.842703668873973,False
514.1000000000483,26.578648210531995,26.578648210531995,3.4213517894680052,6.842703593823558,0.0,6.842703593823558,False
514.6000000000485,26.578648247447553,26.578648247447553,3.4213517525524466,6.842703519790604,0.0,6.842703519790604,False
515.1000000000486,26.578648283862652,26.578648283862652,3.421351716137348,6.842703446761313,0.0,6.842703446761313,False
515.6000000000487,26.57864831978407,26.57864831978407,3.421351680215931,6.842703374722085,0.0,6.842703374722085,False
516.1000000000488,26.578648355218498,26.578648355218498,3.4213516447815024,6.842703303659498,0.0,6.842703303659498,False
516.6000000000489,26.578648390172543,26.578648390172543,3.4213516098274575,6.8427032335603,0.0,6.8427032335603,False
517.100000000049,26.57864842465272,26.57864842465272,3.4213515753472805,6.842703164411432,0.0,6.842703164411432,False
517.6000000000491,26.578648458665445,26.578648458665445,3.4213515413345554,6.842703096200019,0.0,6.842703096200019,False
518.1000000000492,26.578648492217063,26.578648492217063,3.421351507782937,6.842703028913348,0.0,6.842703028913348,False
518.6000000000494,26.578648525313817,26.578648525313817,3.4213514746861833,6.842702962538887,0.0,6.842702962538887,False
519.1000000000495,26.578648557961877,26.578648557961877,3.421351442038123,6.842702897064264,0.0,6.842702897064264,False
519.6000000000496,26.57864859016733,26.57864859016733,3.4213514098326705,6.842702832477286,0.0,6.842702832477286,False
520.1000000000497,26.57864862193618,26.57864862193618,3.4213513780638216,6.842702768765896,0.0,6.842702768765896,False
520.6000000000498,26.578648653274332,26.578648653274332,3.421351346725668,6.842702705918249,0.0,6.842702705918249,False
521.1000000000499,26.57864868418763,26.57864868418763,3.4213513158123696,6.842702643922635,0.0,6.842702643922635,False
521.60000000005,26.57864871468184,26.57864871468184,3.42135128531816,6.842702582767494,0.0,6.842702582767494,False
522.1000000000502,26.57864874476264,26.57864874476264,3.4213512552373615,6.842702522441435,0.0,6.842702522441435,False
522.6000000000503,26.578648774435635,26.578648774435635,3.421351225564365,6.842702462933211,0.0,6.842702462933211,False
523.1000000000504,26.57864880370635,26.57864880370635,3.4213511962936494,6.842702404231744,0.0,6.842702404231744,False
523.6000000000505,26.578648832580246,26.578648832580246,3.421351167419754,6.842702346326092,0.0,6.842702346326092,False
524.1000000000506,26.578648861062696,26.578648861062696,3.421351138937304,6.842702289205469,0.0,6.842702289205469,False
524.6000000000507,26.57864888915901,26.57864888915901,3.421351110840991,6.8427022328592315,0.0,6.8427022328592315,False
525.1000000000508,26.578648916874418,26.578648916874418,3.4213510831255824,6.842702177276884,0.0,6.842702177276884,False
525.600000000051,26.578648944214088,26.578648944214088,3.4213510557859124,6.842702122448067,0.0,6.842702122448067,False
526.1000000000511,26.578648971183114,26.578648971183114,3.4213510288168862,6.842702068362563,0.0,6.842702068362563,False
526.6000000000512,26.578648997786527,26.578648997786527,3.4213510022134734,6.842702015010289,0.0,6.842702015010289,False
527.1000000000513,26.57864902402927,26.57864902402927,3.4213509759707286,6.8427019623813194,0.0,6.8427019623813194,False
527.6000000000514,26.578649049916244,26.578649049916244,3.421350950083756,6.842701910465841,0.0,6.842701910465841,False
528.1000000000515,26.57864907545227,26.57864907545227,3.421350924547731,6.842701859254177,0.0,6.842701859254177,False
528.6000000000516,26.5786491006421,26.5786491006421,3.4213508993579005,6.842701808736798,0.0,6.842701808736798,False
529.1000000000518,26.578649125490433,26.578649125490433,3.4213508745095673,6.842701758904276,0.0,6.842701758904276,False
529.6000000000519,26.578649150001898,26.578649150001898,3.4213508499981025,6.842701709747331,0.0,6.842701709747331,False
530.100000000052,26.578649174181063,26.578649174181063,3.421350825818937,6.842701661256804,0.0,6.842701661256804,False
530.6000000000521,26.578649198032423,26.578649198032423,3.421350801967577,6.842701613423678,0.0,6.842701613423678,False
531.1000000000522,26.578649221560433,26.578649221560433,3.4213507784395674,6.842701566239022,0.0,6.842701566239022,False
531.6000000000523,26.578649244769473,26.578649244769473,3.4213507552305273,6.842701519694053,0.0,6.842701519694053,False
532.1000000000524,26.57864926766387,26.57864926766387,3.42135073233613,6.842701473780089,0.0,6.842701473780089,False
532.6000000000525,26.57864929024789,26.57864929024789,3.4213507097521116,6.842701428488574,0.0,6.842701428488574,False
533.1000000000527,26.578649312525734,26.578649312525734,3.4213506874742663,6.842701383811082,0.0,6.842701383811082,False
533.6000000000528,26.578649334501563,26.578649334501563,3.421350665498437,6.842701339739278,0.0,6.842701339739278,False
534.1000000000529,26.578649356179458,26.578649356179458,3.421350643820542,6.842701296264963,0.0,6.842701296264963,False
534.600000000053,26.57864937756347,26.57864937756347,3.421350622436531,6.842701253380028,0.0,6.842701253380028,False
535.1000000000531,26.578649398657575,26.578649398657575,3.421350601342425,6.842701211076488,0.0,6.842701211076488,False
535.6000000000532,26.57864941946571,26.57864941946571,3.421350580534291,6.842701169346455,0.0,6.842701169346455,False
536.1000000000533,26.578649439991747,26.578649439991747,3.4213505600082534,6.842701128182156,0.0,6.842701128182156,False
536.6000000000535,26.57864946023951,26.57864946023951,3.421350539760489,6.842701087575925,0.0,6.842701087575925,False
537.1000000000536,26.578649480212775,26.578649480212775,3.421350519787225,6.842701047520194,0.0,6.842701047520194,False
537.6000000000537,26.578649499915265,26.578649499915265,3.421350500084735,6.842701008007495,0.0,6.842701008007495,False
538.1000000000538,26.578649519350652,26.578649519350652,3.421350480649348,6.84270096903046,0.0,6.84270096903046,False
538.6000000000539,26.578649538522548,26.578649538522548,3.421350461477452,6.842700930581849,0.0,6.842700930581849,False
539.100000000054,26.57864955743453,26.57864955743453,3.421350442565469,6.842700892654484,0.0,6.842700892654484,False
539.6000000000541,26.578649576090125,26.578649576090125,3.4213504239098746,6.842700855241297,0.0,6.842700855241297,False
540.1000000000543,26.578649594492806,26.578649594492806,3.4213504055071944,6.842700818335324,0.0,6.842700818335324,False
540.6000000000544,26.578649612645997,26.578649612645997,3.4213503873540034,6.842700781929693,0.0,6.842700781929693,False
541.1000000000545,26.578649630553087,26.578649630553087,3.4213503694469125,6.842700746017606,0.0,6.842700746017606,False
541.6000000000546,26.578649648217414,26.578649648217414,3.4213503517825856,6.842700710592375,0.0,6.842700710592375,False
542.1000000000547,26.57864966564226,26.57864966564226,3.42135033435774,6.842700675647414,0.0,6.842700675647414,False
542.6000000000548,26.57864968283088,26.57864968283088,3.4213503171691215,6.842700641176201,0.0,6.842700641176201,False
543.1000000000549,26.578649699786475,26.578649699786475,3.4213503002135255,6.842700607172311,0.0,6.842700607172311,False
543.600000000055,26.578649716512206,26.578649716512206,3.4213502834877936,6.842700573629401,0.0,6.842700573629401,False
544.1000000000552,26.578649733011186,26.578649733011186,3.4213502669888136,6.842700540541237,0.0,6.842700540541237,False
544.6000000000553,26.578649749286484,26.578649749286484,3.421350250713516,6.842700507901654,0.0,6.842700507901654,False
545.1000000000554,26.57864976534114,26.57864976534114,3.42135023465886,6.842700475704568,0.0,6.842700475704568,False
545.6000000000555,26.57864978117814,26.57864978117814,3.4213502188218605,6.842700443943983,0.0,6.842700443943983,False
546.1000000000556,26.57864979680044,26.57864979680044,3.421350203199559,6.842700412613965,0.0,6.842700412613965,False
546.6000000000557,26.57864981221095,26.57864981221095,3.4213501877890486,6.842700381708688,0.0,6.842700381708688,False
547.1000000000558,26.578649827412537,26.578649827412537,3.421350172587463,6.842700351222405,0.0,6.842700351222405,False
547.600000000056,26.578649842408037,26.578649842408037,3.421350157591963,6.842700321149422,0.0,6.842700321149422,False
548.1000000000561,26.578649857200244,26.578649857200244,3.4213501427997564,6.842700291484135,0.0,6.842700291484135,False
548.6000000000562,26.57864987179191,26.57864987179191,3.42135012820809,6.8427002622210225,0.0,6.8427002622210225,False
549.1000000000563,26.57864988618576,26.57864988618576,3.4213501138142384,6.84270023335462,0.0,6.84270023335462,False
549.6000000000564,26.578649900384466,26.578649900384466,3.421350099615534,6.842700204879584,0.0,6.842700204879584,False
550.1000000000565,26.578649914390688,26.578649914390688,3.421350085609312,6.842700176790565,0.0,6.842700176790565,False
550.6000000000566,26.578649928207025,26.578649928207025,3.4213500717929755,6.842700149082354,0.0,6.842700149082354,False
551.1000000000568,26.578649941836055,26.578649941836055,3.421350058163945,6.842700121749779,0.0,6.842700121749779,False
551.6000000000569,26.578649955280316,26.578649955280316,3.4213500447196843,6.842700094787752,0.0,6.842700094787752,False
552.100000000057,26.578649968542308,26.578649968542308,3.421350031457692,6.842700068191256,0.0,6.842700068191256,False
552.6000000000571,26.57864998162451,26.57864998162451,3.4213500183754917,6.842700041955332,0.0,6.842700041955332,False
553.1000000000572,26.578649994529354,26.578649994529354,3.4213500054706465,6.842700016075085,0.0,6.842700016075085,False
553.6000000000573,26.578650007259245,26.578650007259245,3.4213499927407547,6.842699990545704,0.0,6.842699990545704,False
554.1000000000574,26.578650019816564,26.578650019816564,3.421349980183436,6.842699965362414,0.0,6.842699965362414,False
554.6000000000575,26.578650032203637,26.578650032203637,3.4213499677963632,6.842699940520539,0.0,6.842699940520539,False
555.1000000000577,26.578650044422783,26.578650044422783,3.4213499555772167,6.842699916015441,0.0,6.842699916015441,False
555.6000000000578,26.57865005647627,26.57865005647627,3.4213499435237296,6.842699891842564,0.0,6.842699891842564,False
556.1000000000579,26.57865006836635,26.57865006836635,3.4213499316336495,6.842699867997396,0.0,6.842699867997396,False
556.600000000058,26.57865008009524,26.57865008009524,3.4213499199047597,6.84269984447549,0.0,6.84269984447549,False
557.1000000000581,26.578650091665118,26.578650091665118,3.421349908334882,6.8426998212724826,0.0,6.8426998212724826,False
557.6000000000582,26.578650103078143,26.578650103078143,3.421349896921857,6.842699798384032,0.0,6.842699798384032,False
558.1000000000583,26.57865011433644,26.57865011433644,3.4213498856635596,6.842699775805883,0.0,6.842699775805883,False
558.6000000000585,26.578650125442113,26.578650125442113,3.4213498745578867,6.842699753533822,0.0,6.842699753533822,False
559.1000000000586,26.578650136397222,26.578650136397222,3.421349863602778,6.842699731563705,0.0,6.842699731563705,False
559.6000000000587,26.578650147203813,26.578650147203813,3.4213498527961868,6.842699709891441,0.0,6.842699709891441,False
560.1000000000588,26.5786501578639,26.5786501578639,3.421349842136099,6.84269968851298,0.0,6.84269968851298,False
560.6000000000589,26.57865016837947,26.57865016837947,3.4213498316205317,6.842699667424355,0.0,6.842699667424355,False
561.100000000059,26.578650178752472,26.578650178752472,3.421349821247528,6.842699646621632,0.0,6.842699646621632,False
561.6000000000591,26.578650188984852,26.578650188984852,3.4213498110151477,6.842699626100931,0.0,6.842699626100931,False
562.1000000000593,26.57865019907851,26.57865019907851,3.42134980092149,6.842699605858428,0.0,6.842699605858428,False
562.6000000000594,26.57865020903533,26.57865020903533,3.421349790964669,6.842699585890351,0.0,6.842699585890351,False
563.1000000000595,26.578650218857167,26.578650218857167,3.4213497811428333,6.842699566192977,0.0,6.842699566192977,False
563.6000000000596,26.578650228545843,26.578650228545843,3.4213497714541568,6.842699546762653,0.0,6.842699546762653,False
564.1000000000597,26.578650238103176,26.578650238103176,3.421349761896824,6.842699527595734,0.0,6.842699527595734,False
564.6000000000598,26.57865024753094,26.57865024753094,3.421349752469059,6.842699508688661,0.0,6.842699508688661,False
565.1000000000599,26.57865025683089,26.57865025683089,3.4213497431691096,6.842699490037916,0.0,6.842699490037916,False
565.60000000006,26.57865026600476,26.57865026600476,3.421349733995239,6.842699471640017,0.0,6.842699471640017,False
566.1000000000602,26.57865027505426,26.57865027505426,3.4213497249457383,6.842699453491541,0.0,6.842699453491541,False
566.6000000000603,26.578650283981077,26.578650283981077,3.4213497160189235,6.842699435589104,0.0,6.842699435589104,False
567.1000000000604,26.578650292786875,26.578650292786875,3.4213497072131247,6.84269941792936,0.0,6.84269941792936,False
567.6000000000605,26.57865030147329,26.57865030147329,3.4213496985267113,6.842699400509041,0.0,6.842699400509041,False
568.1000000000606,26.578650310041944,26.578650310041944,3.421349689958056,6.842699383324884,0.0,6.842699383324884,False
568.6000000000607,26.57865031849443,26.57865031849443,3.4213496815055713,6.842699366373701,0.0,6.842699366373701,False
569.1000000000608,26.578650326832328,26.578650326832328,3.421349673167672,6.842699349652321,0.0,6.842699349652321,False
569.600000000061,26.57865033505719,26.57865033505719,3.4213496649428095,6.842699333157626,0.0,6.842699333157626,False
570.1000000000611,26.57865034317055,26.57865034317055,3.421349656829449,6.842699316886545,0.0,6.842699316886545,False
570.6000000000612,26.57865035117392,26.57865035117392,3.42134964882608,6.842699300836053,0.0,6.842699300836053,False
571.1000000000613,26.57865035906878,26.57865035906878,3.4213496409312185,6.842699285003164,0.0,6.842699285003164,False
571.6000000000614,26.57865036685661,26.57865036685661,3.4213496331433895,6.842699269384923,0.0,6.842699269384923,False
572.1000000000615,26.57865037453886,26.57865037453886,3.42134962546114,6.842699253978424,0.0,6.842699253978424,False
572.6000000000616,26.57865038211696,26.57865038211696,3.4213496178830383,6.842699238780789,0.0,6.842699238780789,False
573.1000000000618,26.57865038959233,26.57865038959233,3.4213496104076704,6.842699223789182,0.0,6.842699223789182,False
573.6000000000619,26.578650396966353,26.578650396966353,3.421349603033647,6.84269920900082,0.0,6.84269920900082,False
574.100000000062,26.578650404240406,26.578650404240406,3.421349595759594,6.842699194412944,0.0,6.842699194412944,False
574.6000000000621,26.578650411415847,26.578650411415847,3.421349588584153,6.842699180022834,0.0,6.842699180022834,False
575.1000000000622,26.578650418494007,26.578650418494007,3.421349581505993,6.84269916582781,0.0,6.84269916582781,False
575.6000000000623,26.578650425476212,26.578650425476212,3.421349574523788,6.842699151825229,0.0,6.842699151825229,False
576.1000000000624,26.57865043236375,26.57865043236375,3.4213495676362484,6.842699138012492,0.0,6.842699138012492,False
576.6000000000626,26.578650439157922,26.578650439157922,3.421349560842078,6.8426991243870035,0.0,6.8426991243870035,False
577.1000000000627,26.57865044585998,26.57865044585998,3.4213495541400185,6.842699110946242,0.0,6.842699110946242,False
577.6000000000628,26.57865045247118,26.57865045247118,3.42134954752882,6.842699097687699,0.0,6.842699097687699,False
578.1000000000629,26.57865045899275,26.57865045899275,3.421349541007249,6.842699084608903,0.0,6.842699084608903,False
578.600000000063,26.578650465425913,26.578650465425913,3.4213495345740874,6.842699071707408,0.0,6.842699071707408,False
579.1000000000631,26.578650471771855,26.578650471771855,3.421349528228145,6.842699058980827,0.0,6.842699058980827,False
579.6000000000632,26.578650478031772,26.578650478031772,3.421349521968228,6.842699046426766,0.0,6.842699046426766,False
580.1000000000633,26.578650484206822,26.578650484206822,3.421349515793178,6.842699034042909,0.0,6.842699034042909,False
580.6000000000635,26.578650490298152,26.578650490298152,3.421349509701848,6.842699021826945,0.0,6.842699021826945,False
581.1000000000636,26.578650496306903,26.578650496306903,3.421349503693097,6.842699009776588,0.0,6.842699009776588,False
581.6000000000637,26.578650502234197,26.578650502234197,3.421349497765803,6.842698997889599,0.0,6.842698997889599,False
582.1000000000638,26.578650508081136,26.578650508081136,3.421349491918864,6.842698986163754,0.0,6.842698986163754,False
582.6000000000639,26.578650513848803,26.578650513848803,3.421349486151197,6.842698974596885,0.0,6.842698974596885,False
583.100000000064,26.578650519538282,26.578650519538282,3.4213494804617177,6.84269896318682,0.0,6.84269896318682,False
583.6000000000641,26.578650525150625,26.578650525150625,3.421349474849375,6.842698951931446,0.0,6.842698951931446,False
584.1000000000643,26.578650530686883,26.578650530686883,3.4213494693131175,6.842698940828662,0.0,6.842698940828662,False
584.6000000000644,26.578650536148086,26.578650536148086,3.4213494638519144,6.8426989298763985,0.0,6.8426989298763985,False
585.1000000000645,26.57865054153525,26.57865054153525,3.42134945846475,6.8426989190726175,0.0,6.8426989190726175,False
585.6000000000646,26.578650546849385,26.578650546849385,3.421349453150615,6.842698908415294,0.0,6.842698908415294,False
586.1000000000647,26.578650552091474,26.578650552091474,3.4213494479085256,6.8426988979024514,0.0,6.8426988979024514,False
586.6000000000648,26.578650557262492,26.578650557262492,3.421349442737508,6.842698887532144,0.0,6.842698887532144,False
587.1000000000649,26.578650562363407,26.578650562363407,3.421349437636593,6.842698877302425,0.0,6.842698877302425,False
587.600000000065,26.578650567395172,26.578650567395172,3.4213494326048277,6.842698867211389,0.0,6.842698867211389,False
588.1000000000652,26.578650572358722,26.578650572358722,3.421349427641278,6.842698857257147,0.0,6.842698857257147,False
588.6000000000653,26.57865057725498,26.57865057725498,3.4213494227450205,6.842698847437866,0.0,6.842698847437866,False
589.1000000000654,26.57865058208486,26.57865058208486,3.4213494179151382,6.842698837751698,0.0,6.842698837751698,False
589.6000000000655,26.57865058684926,26.57865058684926,3.4213494131507396,6.842698828196845,0.0,6.842698828196845,False
590.1000000000656,26.578650591549067,26.578650591549067,3.421349408450933,6.842698818771538,0.0,6.842698818771538,False
590.6000000000657,26.57865059618516,26.57865059618516,3.4213494038148404,6.842698809474008,0.0,6.842698809474008,False
591.1000000000658,26.578650600758404,26.578650600758404,3.4213493992415955,6.842698800302514,0.0,6.842698800302514,False
591.600000000066,26.578650605269647,26.578650605269647,3.4213493947303526,6.842698791255366,0.0,6.842698791255366,False
592.1000000000661,26.578650609719734,26.578650609719734,3.421349390280266,6.842698782330864,0.0,6.842698782330864,False
592.6000000000662,26.57865061410949,26.57865061410949,3.4213493858905117,6.842698773527353,0.0,6.842698773527353,False
593.1000000000663,26.578650618439735,26.578650618439735,3.4213493815602654,6.842698764843185,0.0,6.842698764843185,False
593.6000000000664,26.578650622711272,26.578650622711272,3.4213493772887276,6.842698756276754,0.0,6.842698756276754,False
594.1000000000665,26.5786506269249,26.5786506269249,3.421349373075099,6.842698747826461,0.0,6.842698747826461,False
594.6000000000666,26.57865063108141,26.57865063108141,3.421349368918591,6.8426987394907215,0.0,6.8426987394907215,False
595.1000000000668,26.57865063518156,26.57865063518156,3.4213493648184397,6.842698731268001,0.0,6.842698731268001,False
595.6000000000669,26.578650639226126,26.578650639226126,3.421349360773874,6.842698723156751,0.0,6.842698723156751,False
596.100000000067,26.57865064321586,26.57865064321586,3.421349356784141,6.842698715155478,0.0,6.842698715155478,False
596.6000000000671,26.57865064715151,26.57865064715151,3.421349352848491,6.842698707262656,0.0,6.842698707262656,False
597.1000000000672,26.578650651033797,26.578650651033797,3.421349348966203,6.8426986994768555,0.0,6.8426986994768555,False
597.6000000000673,26.578650654863452,26.578650654863452,3.421349345136548,6.842698691796606,0.0,6.842698691796606,False
598.1000000000674,26.578650658641195,26.578650658641195,3.4213493413588054,6.842698684220466,0.0,6.842698684220466,False
598.6000000000676,26.57865066236772,26.57865066236772,3.4213493376322788,6.842698676747041,0.0,6.842698676747041,False
599.1000000000677,26.578650666043725,26.578650666043725,3.4213493339562753,6.842698669374933,0.0,6.842698669374933,False
599.6000000000678,26.578650669669894,26.578650669669894,3.4213493303301057,6.8426986621027694,0.0,6.8426986621027694,False
600.1000000000679,26.578650673246905,26.578650673246905,3.421349326753095,6.842698654929194,0.0,6.842698654929194,False
600.600000000068,26.57865067677542,26.57865067677542,3.421349323224579,6.84269864785287,0.0,6.84269864785287,False
601.1000000000681,26.578650680256096,26.578650680256096,3.4213493197439035,6.842698640872484,0.0,6.842698640872484,False
601.6000000000682,26.578650683689588,26.578650683689588,3.421349316310412,6.8426986339867355,0.0,6.8426986339867355,False
602.1000000000683,26.578650687076532,26.578650687076532,3.421349312923468,6.8426986271943235,0.0,6.8426986271943235,False
602.6000000000685,26.57865069041756,26.57865069041756,3.421349309582439,6.842698620494005,0.0,6.842698620494005,False
603.1000000000686,26.578650693713296,26.578650693713296,3.4213493062867038,6.842698613884515,0.0,6.842698613884515,False
603.6000000000687,26.578650696964353,26.578650696964353,3.4213493030356474,6.842698607364625,0.0,6.842698607364625,False
604.1000000000688,26.578650700171327,26.578650700171327,3.421349299828673,6.84269860093314,0.0,6.84269860093314,False
604.6000000000689,26.578650703334826,26.578650703334826,3.4213492966651735,6.842698594588846,0.0,6.842698594588846,False
605.100000000069,26.57865070645544,26.57865070645544,3.4213492935445586,6.842698588330556,0.0,6.842698588330556,False
605.6000000000691,26.57865070953375,26.57865070953375,3.4213492904662495,6.842698582157105,0.0,6.842698582157105,False
606.1000000000693,26.57865071257033,26.57865071257033,3.4213492874296705,6.842698576067349,0.0,6.842698576067349,False
606.6000000000694,26.578650715565733,26.578650715565733,3.4213492844342674,6.842698570060165,0.0,6.842698570060165,False
607.1000000000695,26.57865071852053,26.57865071852053,3.4213492814794684,6.842698564134409,0.0,6.842698564134409,False
607.6000000000696,26.578650721435274,26.578650721435274,3.421349278564726,6.842698558288994,0.0,6.842698558288994,False
608.1000000000697,26.5786507243105,26.5786507243105,3.4213492756895008,6.842698552522819,0.0,6.842698552522819,False
608.6000000000698,26.578650727146744,26.578650727146744,3.4213492728532557,6.842698546834825,0.0,6.842698546834825,False
609.1000000000699,26.57865072994454,26.57865072994454,3.4213492700554617,6.842698541223939,0.0,6.842698541223939,False
609.60000000007,26.5786507327044,26.5786507327044,3.4213492672956,6.842698535689124,0.0,6.842698535689124,False
610.1000000000702,26.578650735426848,26.578650735426848,3.421349264573152,6.842698530229349,0.0,6.842698530229349,False
610.6000000000703,26.578650738112387,26.578650738112387,3.421349261887613,6.842698524843584,0.0,6.842698524843584,False
611.1000000000704,26.57865074076152,26.57865074076152,3.421349259238479,6.842698519530835,0.0,6.842698519530835,False
611.6000000000705,26.578650743374737,26.578650743374737,3.4213492566252626,6.842698514290113,0.0,6.842698514290113,False
612.1000000000706,26.57865074595253,26.57865074595253,3.4213492540474704,6.842698509120439,0.0,6.842698509120439,False
612.6000000000707,26.578650748495374,26.578650748495374,3.421349251504626,6.842698504020845,0.0,6.842698504020845,False
613.1000000000708,26.57865075100375,26.57865075100375,3.4213492489962505,6.84269849899038,0.0,6.84269849899038,False
613.600000000071,26.578650753478115,26.578650753478115,3.421349246521885,6.84269849402812,0.0,6.84269849402812,False
614.1000000000711,26.578650755918936,26.578650755918936,3.421349244081064,6.842698489133134,0.0,6.842698489133134,False
614.6000000000712,26.578650758326667,26.578650758326667,3.421349241673333,6.842698484304506,0.0,6.842698484304506,False
615.1000000000713,26.57865076070176,26.57865076070176,3.421349239298241,6.84269847954134,0.0,6.84269847954134,False
615.6000000000714,26.57865076304465,26.57865076304465,3.4213492369553506,6.842698474842749,0.0,6.842698474842749,False
616.1000000000715,26.578650765355775,26.578650765355775,3.421349234644225,6.842698470207857,0.0,6.842698470207857,False
616.6000000000716,26.57865076763557,26.57865076763557,3.421349232364431,6.842698465635806,0.0,6.842698465635806,False
617.1000000000718,26.578650769884455,26.578650769884455,3.4213492301155455,6.842698461125742,0.0,6.842698461125742,False
617.6000000000719,26.578650772102854,26.578650772102854,3.421349227897146,6.842698456676814,0.0,6.842698456676814,False
618.100000000072,26.57865077429118,26.57865077429118,3.42134922570882,6.842698452288197,0.0,6.842698452288197,False
618.6000000000721,26.578650776449837,26.578650776449837,3.4213492235501626,6.84269844795908,0.0,6.84269844795908,False
619.1000000000722,26.57865077857923,26.57865077857923,3.421349221420769,6.842698443688654,0.0,6.842698443688654,False
619.6000000000723,26.578650780679755,26.578650780679755,3.421349219320245,6.842698439476116,0.0,6.842698439476116,False
620.1000000000724,26.578650782751804,26.578650782751804,3.4213492172481956,6.842698435320692,0.0,6.842698435320692,False
620.6000000000726,26.578650784795762,26.578650784795762,3.4213492152042377,6.842698431221599,0.0,6.842698431221599,False
621.1000000000727,26.57865078681201,26.57865078681201,3.421349213187991,6.842698427178085,0.0,6.842698427178085,False
621.6000000000728,26.57865078880092,26.57865078880092,3.421349211199079,6.842698423189383,0.0,6.842698423189383,False
622.1000000000729,26.57865079076287,26.57865079076287,3.4213492092371283,6.842698419254759,0.0,6.842698419254759,False
622.600000000073,26.578650792698227,26.578650792698227,3.4213492073017733,6.842698415373469,0.0,6.842698415373469,False
623.1000000000731,26.57865079460734,26.57865079460734,3.4213492053926586,6.842698411544802,0.0,6.842698411544802,False
623.6000000000732,26.578650796490574,26.578650796490574,3.4213492035094255,6.842698407768033,0.0,6.842698407768033,False
624.1000000000734,26.57865079834827,26.57865079834827,3.4213492016517293,6.842698404042487,0.0,6.842698404042487,False
624.6000000000735,26.578650800180785,26.578650800180785,3.4213491998192147,6.842698400367439,0.0,6.842698400367439,False
625.1000000000736,26.578650801988456,26.578650801988456,3.4213491980115442,6.842698396742215,0.0,6.842698396742215,False
625.6000000000737,26.578650803771623,26.578650803771623,3.421349196228377,6.842698393166131,0.0,6.842698393166131,False
626.1000000000738,26.578650805530614,26.578650805530614,3.4213491944693857,6.842698389638528,0.0,6.842698389638528,False
626.6000000000739,26.578650807265756,26.578650807265756,3.421349192734244,6.842698386158759,0.0,6.842698386158759,False
627.100000000074,26.578650808977372,26.578650808977372,3.421349191022628,6.842698382726169,0.0,6.842698382726169,False
627.6000000000741,26.578650810665792,26.578650810665792,3.421349189334208,6.842698379340099,0.0,6.842698379340099,False
628.1000000000743,26.578650812331315,26.578650812331315,3.4213491876686852,6.842698375999952,0.0,6.842698375999952,False
628.6000000000744,26.57865081397426,26.57865081397426,3.42134918602574,6.8426983727050725,0.0,6.8426983727050725,False
629.1000000000745,26.578650815594933,26.578650815594933,3.4213491844050665,6.842698369454865,0.0,6.842698369454865,False
629.6000000000746,26.578650817193633,26.578650817193633,3.4213491828063667,6.842698366248726,0.0,6.842698366248726,False
630.1000000000747,26.57865081877066,26.57865081877066,3.4213491812293384,6.8426983630860505,0.0,6.8426983630860505,False
630.6000000000748,26.578650820326313,26.578650820326313,3.421349179673687,6.842698359966242,0.0,6.842698359966242,False
631.1000000000749,26.57865082186087,26.57865082186087,3.421349178139131,6.842698356888739,0.0,6.842698356888739,False
631.600000000075,26.578650823374623,26.578650823374623,3.4213491766253767,6.842698353852953,0.0,6.842698353852953,False
632.1000000000752,26.578650824867857,26.578650824867857,3.4213491751321428,6.842698350858321,0.0,6.842698350858321,False
632.6000000000753,26.578650826340844,26.578650826340844,3.4213491736591557,6.842698347904296,0.0,6.842698347904296,False
633.1000000000754,26.578650827793865,26.578650827793865,3.421349172206135,6.8426983449903105,0.0,6.8426983449903105,False
633.6000000000755,26.578650829227186,26.578650829227186,3.421349170772814,6.842698342115831,0.0,6.842698342115831,False
634.1000000000756,26.578650830641074,26.578650830641074,3.421349169358926,6.842698339280325,0.0,6.842698339280325,False
634.6000000000757,26.578650832035795,26.578650832035795,3.4213491679642054,6.842698336483259,0.0,6.842698336483259,False
635.1000000000759,26.57865083341161,26.57865083341161,3.4213491665883886,6.842698333724101,0.0,6.842698333724101,False
635.600000000076,26.578650834768776,26.578650834768776,3.4213491652312236,6.842698331002353,0.0,6.842698331002353,False
636.1000000000761,26.578650836107542,26.578650836107542,3.421349163892458,6.842698328317503,0.0,6.842698328317503,False
636.6000000000762,26.578650837428157,26.578650837428157,3.4213491625718433,6.842698325669055,0.0,6.842698325669055,False
637.1000000000763,26.578650838730866,26.578650838730866,3.4213491612691342,6.84269832305651,0.0,6.84269832305651,False
637.6000000000764,26.57865084001591,26.57865084001591,3.4213491599840893,6.842698320479393,0.0,6.842698320479393,False
638.1000000000765,26.57865084128354,26.57865084128354,3.4213491587164597,6.842698317937206,0.0,6.842698317937206,False
638.6000000000766,26.578650842533982,26.578650842533982,3.421349157466018,6.842698315429487,0.0,6.842698315429487,False
639.1000000000768,26.578650843767473,26.578650843767473,3.4213491562325267,6.842698312955761,0.0,6.842698312955761,False
639.6000000000769,26.57865084498424,26.57865084498424,3.4213491550157613,6.842698310515573,0.0,6.842698310515573,False
640.100000000077,26.578650846184512,26.578650846184512,3.4213491538154877,6.842698308108467,0.0,6.842698308108467,False
640.6000000000771,26.578650847368515,26.578650847368515,3.4213491526314854,6.84269830573399,0.0,6.84269830573399,False
641.1000000000772,26.578650848536462,26.578650848536462,3.421349151463538,6.842698303391707,0.0,6.842698303391707,False
641.6000000000773,26.57865084968858,26.57865084968858,3.4213491503114213,6.842698301081178,0.0,6.842698301081178,False
642.1000000000774,26.57865085082507,26.57865085082507,3.4213491491749295,6.842698298801977,0.0,6.842698298801977,False
642.6000000000776,26.578650851946158,26.578650851946158,3.4213491480538423,6.842698296553671,0.0,6.842698296553671,False
643.1000000000777,26.57865085305205,26.57865085305205,3.42134914694795,6.842698294335847,0.0,6.842698294335847,False
643.6000000000778,26.578650854142946,26.578650854142946,3.4213491458570537,6.842698292148086,0.0,6.842698292148086,False
644.1000000000779,26.578650855219056,26.578650855219056,3.421349144780944,6.842698289989983,0.0,6.842698289989983,False
644.600000000078,26.578650856280575,26.578650856280575,3.421349143719425,6.84269828786114,0.0,6.84269828786114,False
645.1000000000781,26.578650857327705,26.578650857327705,3.4213491426722946,6.842698285761159,0.0,6.842698285761159,False
645.6000000000782,26.578650858360636,26.578650858360636,3.4213491416393644,6.84269828368965,0.0,6.84269828368965,False
646.1000000000784,26.578650859379565,26.578650859379565,3.4213491406204355,6.842698281646221,0.0,6.842698281646221,False
646.6000000000785,26.578650860384673,26.578650860384673,3.4213491396153266,6.842698279630504,0.0,6.842698279630504,False
647.1000000000786,26.578650861376158,26.578650861376158,3.4213491386238424,6.842698277642114,0.0,6.842698277642114,False
647.6000000000787,26.578650862354205,26.578650862354205,3.4213491376457945,6.842698275680675,0.0,6.842698275680675,False
648.1000000000788,26.57865086331899,26.57865086331899,3.421349136681009,6.842698273745825,0.0,6.842698273745825,False
648.6000000000789,26.578650864270696,26.578650864270696,3.4213491357293044,6.8426982718372145,0.0,6.8426982718372145,False
649.100000000079,26.578650865209504,26.578650865209504,3.4213491347904963,6.842698269954468,0.0,6.842698269954468,False
649.6000000000791,26.578650866135582,26.578650866135582,3.4213491338644175,6.842698268097244,0.0,6.842698268097244,False
650.1000000000793,26.578650867049102,26.578650867049102,3.4213491329508976,6.842698266265209,0.0,6.842698266265209,False
650.6000000000794,26.57865086795024,26.57865086795024,3.421349132049759,6.842698264458008,0.0,6.842698264458008,False
651.1000000000795,26.57865086883916,26.57865086883916,3.4213491311608415,6.842698262675313,0.0,6.842698262675313,False
651.6000000000796,26.578650869716025,26.578650869716025,3.421349130283975,6.842698260916784,0.0,6.842698260916784,False
652.1000000000797,26.578650870581008,26.578650870581008,3.421349129418992,6.842698259182093,0.0,6.842698259182093,False
652.6000000000798,26.578650871434267,26.578650871434267,3.4213491285657334,6.842698257470907,0.0,6.842698257470907,False
653.10000000008,26.57865087227595,26.57865087227595,3.4213491277240493,6.842698255782935,0.0,6.842698255782935,False
653.6000000000801,26.57865087310623,26.57865087310623,3.4213491268937695,6.842698254117842,0.0,6.842698254117842,False
654.1000000000802,26.57865087392525,26.57865087392525,3.4213491260747517,6.842698252475323,0.0,6.842698252475323,False
654.6000000000803,26.578650874733164,26.578650874733164,3.421349125266836,6.842698250855079,0.0,6.842698250855079,False
655.1000000000804,26.578650875530123,26.578650875530123,3.4213491244698773,6.842698249256799,0.0,6.842698249256799,False
655.6000000000805,26.57865087631629,26.57865087631629,3.4213491236837115,6.842698247680175,0.0,6.842698247680175,False
656.1000000000806,26.578650877091796,26.578650877091796,3.421349122908204,6.842698246124918,0.0,6.842698246124918,False
656.6000000000807,26.57865087785678,26.57865087785678,3.4213491221432193,6.842698244590764,0.0,6.842698244590764,False
657.1000000000809,26.5786508786114,26.5786508786114,3.4213491213886016,6.8426982430774075,0.0,6.8426982430774075,False
657.600000000081,26.578650879355788,26.578650879355788,3.421349120644212,6.842698241584557,0.0,6.842698241584557,False
658.1000000000811,26.578650880090084,26.578650880090084,3.421349119909916,6.84269824011195,0.0,6.84269824011195,False
658.6000000000812,26.578650880814422,26.578650880814422,3.421349119185578,6.84269823865931,0.0,6.84269823865931,False
659.1000000000813,26.578650881528947,26.578650881528947,3.4213491184710527,6.842698237226358,0.0,6.842698237226358,False
659.6000000000814,26.57865088223378,26.57865088223378,3.421349117766219,6.842698235812833,0.0,6.842698235812833,False
660.1000000000815,26.578650882929058,26.578650882929058,3.4213491170709425,6.842698234418478,0.0,6.842698234418478,False
660.6000000000816,26.578650883614912,26.578650883614912,3.4213491163850875,6.8426982330430235,0.0,6.8426982330430235,False
661.1000000000818,26.578650884291466,26.578650884291466,3.4213491157085336,6.842698231686214,0.0,6.842698231686214,False
661.6000000000819,26.57865088495885,26.57865088495885,3.4213491150411492,6.842698230347793,0.0,6.842698230347793,False
662.100000000082,26.57865088561719,26.57865088561719,3.42134911438281,6.842698229027519,0.0,6.842698229027519,False
662.6000000000821,26.578650886266598,26.578650886266598,3.4213491137334024,6.842698227725151,0.0,6.842698227725151,False
663.1000000000822,26.5786508869072,26.5786508869072,3.4213491130927984,6.84269822644044,0.0,6.84269822644044,False
663.6000000000823,26.578650887539123,26.578650887539123,3.4213491124608773,6.8426982251731445,0.0,6.8426982251731445,False
664.1000000000824,26.578650888162475,26.578650888162475,3.421349111837525,6.84269822392303,0.0,6.84269822392303,False
664.6000000000826,26.578650888777375,26.578650888777375,3.421349111222625,6.842698222689869,0.0,6.842698222689869,False
665.1000000000827,26.57865088938394,26.57865088938394,3.4213491106160596,6.842698221473427,0.0,6.842698221473427,False
665.6000000000828,26.57865088998229,26.57865088998229,3.4213491100177116,6.842698220273455,0.0,6.842698220273455,False
666.1000000000829,26.578650890572522,26.578650890572522,3.421349109427478,6.842698219089762,0.0,6.842698219089762,False
666.600000000083,26.57865089115475,26.57865089115475,3.4213491088452486,6.84269821792212,0.0,6.84269821792212,False
667.1000000000831,26.578650891729087,26.578650891729087,3.4213491082709133,6.842698216770309,0.0,6.842698216770309,False
667.6000000000832,26.578650892295638,26.578650892295638,3.421349107704362,6.842698215634108,0.0,6.842698215634108,False
668.1000000000834,26.578650892854508,26.578650892854508,3.421349107145492,6.842698214513312,0.0,6.842698214513312,False
668.6000000000835,26.578650893405804,26.578650893405804,3.421349106594196,6.842698213407708,0.0,6.842698213407708,False
669.1000000000836,26.578650893949625,26.578650893949625,3.421349106050375,6.842698212317089,0.0,6.842698212317089,False
669.6000000000837,26.578650894486074,26.578650894486074,3.421349105513926,6.842698211241263,0.0,6.842698211241263,False
670.1000000000838,26.578650895015247,26.578650895015247,3.4213491049847526,6.842698210180018,0.0,6.842698210180018,False
670.6000000000839,26.57865089553725,26.57865089553725,3.421349104462749,6.842698209133161,0.0,6.842698209133161,False
671.100000000084,26.578650896052174,26.578650896052174,3.4213491039478257,6.842698208100501,0.0,6.842698208100501,False
671.6000000000842,26.578650896560116,26.578650896560116,3.4213491034398835,6.842698207081838,0.0,6.842698207081838,False
672.1000000000843,26.578650897061173,26.578650897061173,3.4213491029388265,6.842698206076982,0.0,6.842698206076982,False
672.6000000000844,26.578650897555438,26.578650897555438,3.4213491024445624,6.842698205085753,0.0,6.842698205085753,False
673.1000000000845,26.578650898042998,26.578650898042998,3.421349101957002,6.842698204107968,0.0,6.842698204107968,False
673.6000000000846,26.57865089852395,26.57865089852395,3.42134910147605,6.842698203143435,0.0,6.842698203143435,False
674.1000000000847,26.578650898998383,26.578650898998383,3.421349101001617,6.8426982021919756,0.0,6.8426982021919756,False
674.6000000000848,26.578650899466382,26.578650899466382,3.421349100533618,6.8426982012534125,0.0,6.8426982012534125,False
675.100000000085,26.57865089992804,26.57865089992804,3.4213491000719607,6.842698200327575,0.0,6.842698200327575,False
675.6000000000851,26.578650900383437,26.578650900383437,3.421349099616563,6.8426981994142935,0.0,6.8426981994142935,False
676.1000000000852,26.57865090083266,26.57865090083266,3.4213490991673403,6.842698198513389,0.0,6.842698198513389,False
676.6000000000853,26.578650901275793,26.578650901275793,3.421349098724207,6.842698197624699,0.0,6.842698197624699,False
677.1000000000854,26.578650901712923,26.578650901712923,3.4213490982870773,6.842698196748053,0.0,6.842698196748053,False
677.6000000000855,26.578650902144123,26.578650902144123,3.4213490978558774,6.842698195883294,0.0,6.842698195883294,False
678.1000000000856,26.57865090256948,26.57865090256948,3.4213490974305216,6.842698195030259,0.0,6.842698195030259,False
678.6000000000857,26.578650902989065,26.578650902989065,3.4213490970109355,6.842698194188792,0.0,6.842698194188792,False
679.1000000000859,26.578650903402963,26.578650903402963,3.4213490965970372,6.8426981933587285,0.0,6.8426981933587285,False
679.600000000086,26.578650903811248,26.578650903811248,3.4213490961887523,6.8426981925399275,0.0,6.8426981925399275,False
680.1000000000861,26.578650904214,26.578650904214,3.421349095785999,6.842698191732218,0.0,6.842698191732218,False
680.6000000000862,26.578650904611294,26.578650904611294,3.421349095388706,6.842698190935465,0.0,6.842698190935465,False
681.1000000000863,26.5786509050032,26.5786509050032,3.421349094996799,6.842698190149505,0.0,6.842698190149505,False
681.6000000000864,26.578650905389797,26.578650905389797,3.4213490946102034,6.842698189374204,0.0,6.842698189374204,False
682.1000000000865,26.578650905771152,26.578650905771152,3.421349094228848,6.842698188609404,0.0,6.842698188609404,False
682.6000000000867,26.578650906147335,26.578650906147335,3.4213490938526654,6.842698187854985,0.0,6.842698187854985,False
683.1000000000868,26.578650906518416,26.578650906518416,3.4213490934815844,6.842698187110791,0.0,6.842698187110791,False
683.6000000000869,26.578650906884473,26.578650906884473,3.421349093115527,6.84269818637668,0.0,6.84269818637668,False
684.100000000087,26.578650907245564,26.578650907245564,3.4213490927544363,6.842698185652523,0.0,6.842698185652523,False
684.6000000000871,26.578650907601762,26.578650907601762,3.4213490923982377,6.842698184938179,0.0,6.842698184938179,False
685.1000000000872,26.578650907953126,26.578650907953126,3.4213490920468743,6.842698184233527,0.0,6.842698184233527,False
685.6000000000873,26.578650908299732,26.578650908299732,3.421349091700268,6.842698183538424,0.0,6.842698183538424,False
686.1000000000874,26.578650908641634,26.578650908641634,3.4213490913583655,6.842698182852743,0.0,6.842698182852743,False
686.6000000000876,26.5786509089789,26.5786509089789,3.4213490910210993,6.84269818217637,0.0,6.84269818217637,False
687.1000000000877,26.578650909311595,26.578650909311595,3.4213490906884054,6.842698181509164,0.0,6.842698181509164,False
687.6000000000878,26.57865090963978,26.57865090963978,3.42134909036022,6.842698180850995,0.0,6.842698180850995,False
688.1000000000879,26.578650909963514,26.578650909963514,3.421349090036486,6.842698180201758,0.0,6.842698180201758,False
688.600000000088,26.57865091028286,26.57865091028286,3.4213490897171397,6.842698179561324,0.0,6.842698179561324,False
689.1000000000881,26.578650910597876,26.578650910597876,3.421349089402124,6.842698178929567,0.0,6.842698178929567,False
689.6000000000882,26.57865091090862,26.57865091090862,3.421349089091379,6.842698178306378,0.0,6.842698178306378,False
690.1000000000884,26.578650911215153,26.578650911215153,3.4213490887848472,6.842698177691638,0.0,6.842698177691638,False
690.6000000000885,26.57865091151753,26.57865091151753,3.4213490884824687,6.842698177085232,0.0,6.842698177085232,False
691.1000000000886,26.578650911815807,26.578650911815807,3.4213490881841935,6.842698176487048,0.0,6.842698176487048,False
691.6000000000887,26.578650912110046,26.578650912110046,3.421349087889954,6.842698175896963,0.0,6.842698175896963,False
692.1000000000888,26.578650912400292,26.578650912400292,3.421349087599708,6.8426981753148794,0.0,6.8426981753148794,False
692.6000000000889,26.578650912686605,26.578650912686605,3.421349087313395,6.84269817474069,0.0,6.84269817474069,False
693.100000000089,26.578650912969035,26.578650912969035,3.421349087030965,6.842698174174288,0.0,6.842698174174288,False
693.6000000000892,26.57865091324764,26.57865091324764,3.421349086752361,6.8426981736155525,0.0,6.8426981736155525,False
694.1000000000893,26.578650913522463,26.578650913522463,3.4213490864775373,6.842698173064406,0.0,6.842698173064406,False
694.6000000000894,26.57865091379356,26.57865091379356,3.4213490862064404,6.842698172520727,0.0,6.842698172520727,False
695.1000000000895,26.57865091406098,26.57865091406098,3.4213490859390205,6.8426981719844235,0.0,6.8426981719844235,False
695.6000000000896,26.578650914324776,26.578650914324776,3.4213490856752244,6.842698171455389,0.0,6.842698171455389,False
696.1000000000897,26.578650914584994,26.578650914584994,3.421349085415006,6.842698170933531,0.0,6.842698170933531,False
696.6000000000898,26.57865091484169,26.57865091484169,3.4213490851583117,6.842698170418743,0.0,6.842698170418743,False
697.10000000009,26.578650915094904,26.578650915094904,3.4213490849050956,6.842698169910925,0.0,6.842698169910925,False
697.6000000000901,26.578650915344685,26.578650915344685,3.421349084655315,6.842698169409999,0.0,6.842698169409999,False
698.1000000000902,26.578650915591084,26.578650915591084,3.4213490844089165,6.842698168915852,0.0,6.842698168915852,False
698.6000000000903,26.578650915834135,26.578650915834135,3.4213490841658647,6.84269816842842,0.0,6.84269816842842,False
699.1000000000904,26.578650916073894,26.578650916073894,3.4213490839261063,6.842698167947596,0.0,6.842698167947596,False
699.6000000000905,26.578650916310405,26.578650916310405,3.421349083689595,6.84269816747328,0.0,6.84269816747328,False
700.1000000000906,26.57865091654371,26.57865091654371,3.4213490834562883,6.842698167005388,0.0,6.842698167005388,False
700.6000000000907,26.57865091677385,26.57865091677385,3.4213490832261506,6.842698166543855,0.0,6.842698166543855,False
701.1000000000909,26.578650917000868,26.578650917000868,3.421349082999132,6.842698166088574,0.0,6.842698166088574,False
701.600000000091,26.57865091722481,26.57865091722481,3.4213490827751905,6.842698165639469,0.0,6.842698165639469,False
702.1000000000911,26.578650917445717,26.578650917445717,3.4213490825542827,6.842698165196445,0.0,6.842698165196445,False
702.6000000000912,26.578650917663627,26.578650917663627,3.4213490823363735,6.842698164759433,0.0,6.842698164759433,False
703.1000000000913,26.578650917878583,26.578650917878583,3.4213490821214165,6.842698164328347,0.0,6.842698164328347,False
703.6000000000914,26.578650918090624,26.578650918090624,3.4213490819093764,6.842698163903108,0.0,6.842698163903108,False
704.1000000000915,26.57865091829979,26.57865091829979,3.4213490817002103,6.842698163483632,0.0,6.842698163483632,False
704.6000000000917,26.57865091850612,26.57865091850612,3.4213490814938794,6.842698163069841,0.0,6.842698163069841,False
705.1000000000918,26.578650918709656,26.578650918709656,3.4213490812903444,6.842698162661655,0.0,6.842698162661655,False
705.6000000000919,26.57865091891043,26.57865091891043,3.42134908108957,6.842698162259012,0.0,6.842698162259012,False
706.100000000092,26.578650919108483,26.578650919108483,3.421349080891517,6.842698161861826,0.0,6.842698161861826,False
706.6000000000921,26.578650919303847,26.578650919303847,3.421349080696153,6.842698161470025,0.0,6.842698161470025,False
707.1000000000922,26.578650919496564,26.578650919496564,3.421349080503436,6.84269816108354,0.0,6.84269816108354,False
707.6000000000923,26.578650919686673,26.578650919686673,3.421349080313327,6.842698160702284,0.0,6.842698160702284,False
708.1000000000925,26.578650919874203,26.578650919874203,3.421349080125797,6.842698160326194,0.0,6.842698160326194,False
708.6000000000926,26.57865092005919,26.57865092005919,3.4213490799408106,6.842698159955212,0.0,6.842698159955212,False
709.1000000000927,26.578650920241675,26.578650920241675,3.4213490797583255,6.842698159589247,0.0,6.842698159589247,False
709.6000000000928,26.57865092042168,26.57865092042168,3.42134907957832,6.842698159228249,0.0,6.842698159228249,False
710.1000000000929,26.578650920599248,26.578650920599248,3.421349079400752,6.842698158872146,0.0,6.842698158872146,False
710.600000000093,26.578650920774404,26.578650920774404,3.421349079225596,6.842698158520875,0.0,6.842698158520875,False
711.1000000000931,26.578650920947187,26.578650920947187,3.4213490790528134,6.842698158174365,0.0,6.842698158174365,False
711.6000000000932,26.578650921117628,26.578650921117628,3.421349078882372,6.842698157832551,0.0,6.842698157832551,False
712.1000000000934,26.57865092128576,26.57865092128576,3.4213490787142398,6.842698157495363,0.0,6.842698157495363,False
712.6000000000935,26.57865092145161,26.57865092145161,3.4213490785483884,6.842698157162758,0.0,6.842698157162758,False
713.1000000000936,26.578650921615214,26.578650921615214,3.421349078384786,6.842698156834658,0.0,6.842698156834658,False
713.6000000000937,26.5786509217766,26.5786509217766,3.4213490782234004,6.842698156511005,0.0,6.842698156511005,False
714.1000000000938,26.578650921935793,26.578650921935793,3.421349078064207,6.842698156191744,0.0,6.842698156191744,False
714.6000000000939,26.57865092209283,26.57865092209283,3.42134907790717,6.8426981558768105,0.0,6.8426981558768105,False
715.100000000094,26.57865092224774,26.57865092224774,3.421349077752261,6.842698155566147,0.0,6.842698155566147,False
715.6000000000942,26.578650922400545,26.578650922400545,3.421349077599455,6.842698155259697,0.0,6.842698155259697,False
716.1000000000943,26.578650922551283,26.578650922551283,3.421349077448717,6.842698154957397,0.0,6.842698154957397,False
716.6000000000944,26.57865092269998,26.57865092269998,3.4213490773000217,6.842698154659196,0.0,6.842698154659196,False
717.1000000000945,26.578650922846656,26.578650922846656,3.4213490771533444,6.8426981543650385,0.0,6.8426981543650385,False
717.6000000000946,26.578650922991347,26.578650922991347,3.421349077008653,6.842698154074867,0.0,6.842698154074867,False
718.1000000000947,26.578650923134077,26.578650923134077,3.4213490768659227,6.842698153788625,0.0,6.842698153788625,False
718.6000000000948,26.57865092327487,26.57865092327487,3.4213490767251287,6.842698153506269,0.0,6.842698153506269,False
719.100000000095,26.578650923413754,26.578650923413754,3.421349076586246,6.842698153227744,0.0,6.842698153227744,False
719.6000000000951,26.578650923550754,26.578650923550754,3.4213490764492462,6.842698152952991,0.0,6.842698152952991,False
720.1000000000952,26.5786509236859,26.5786509236859,3.421349076314101,6.842698152681962,0.0,6.842698152681962,False
720.6000000000953,26.57865092381921,26.57865092381921,3.421349076180789,6.842698152414613,0.0,6.842698152414613,False
721.1000000000954,26.57865092395072,26.57865092395072,3.4213490760492817,6.842698152150881,0.0,6.842698152150881,False
721.6000000000955,26.578650924080446,26.578650924080446,3.4213490759195544,6.8426981518907155,0.0,6.8426981518907155,False
722.1000000000956,26.578650924208407,26.578650924208407,3.4213490757915928,6.842698151634089,0.0,6.842698151634089,False
722.6000000000957,26.578650924334635,26.578650924334635,3.421349075665365,6.842698151380944,0.0,6.842698151380944,False
723.1000000000959,26.578650924459154,26.578650924459154,3.4213490755408458,6.8426981511312235,0.0,6.8426981511312235,False
723.600000000096,26.578650924581986,26.578650924581986,3.4213490754180143,6.8426981508848925,0.0,6.8426981508848925,False
724.1000000000961,26.57865092470315,26.57865092470315,3.421349075296849,6.842698150641901,0.0,6.842698150641901,False
724.6000000000962,26.57865092482267,26.57865092482267,3.4213490751773286,6.842698150402207,0.0,6.842698150402207,False
725.1000000000963,26.578650924940572,26.578650924940572,3.421349075059428,6.842698150165759,0.0,6.842698150165759,False
725.6000000000964,26.578650925056873,26.578650925056873,3.4213490749431266,6.842698149932524,0.0,6.842698149932524,False
726.1000000000965,26.578650925171598,26.578650925171598,3.4213490748284023,6.842698149702443,0.0,6.842698149702443,False
726.6000000000967,26.57865092528477,26.57865092528477,3.4213490747152306,6.842698149475481,0.0,6.842698149475481,False
727.1000000000968,26.578650925396406,26.578650925396406,3.4213490746035937,6.842698149251596,0.0,6.842698149251596,False
727.6000000000969,26.578650925506526,26.578650925506526,3.421349074493474,6.84269814903076,0.0,6.84269814903076,False
728.100000000097,26.578650925615158,26.578650925615158,3.4213490743848425,6.8426981488129,0.0,6.8426981488129,False
728.6000000000971,26.578650925722314,26.578650925722314,3.4213490742776855,6.842698148598004,0.0,6.842698148598004,False
729.1000000000972,26.57865092582802,26.57865092582802,3.4213490741719816,6.842698148386013,0.0,6.842698148386013,False
729.6000000000973,26.57865092593229,26.57865092593229,3.4213490740677095,6.8426981481769005,0.0,6.8426981481769005,False
730.1000000000975,26.57865092603515,26.57865092603515,3.4213490739648513,6.842698147970623,0.0,6.842698147970623,False
730.6000000000976,26.57865092613661,26.57865092613661,3.4213490738633894,6.842698147767145,0.0,6.842698147767145,False
731.1000000000977,26.578650926236698,26.578650926236698,3.4213490737633023,6.8426981475664235,0.0,6.8426981475664235,False
731.6000000000978,26.578650926335428,26.578650926335428,3.4213490736645724,6.842698147368424,0.0,6.842698147368424,False
732.1000000000979,26.578650926432825,26.578650926432825,3.4213490735671748,6.842698147173095,0.0,6.842698147173095,False
732.600000000098,26.578650926528898,26.578650926528898,3.4213490734711023,6.842698146980425,0.0,6.842698146980425,False
733.1000000000981,26.578650926623666,26.578650926623666,3.4213490733763336,6.842698146790369,0.0,6.842698146790369,False
733.6000000000982,26.57865092671715,26.57865092671715,3.421349073282851,6.842698146602892,0.0,6.842698146602892,False
734.1000000000984,26.578650926809367,26.578650926809367,3.4213490731906333,6.842698146417952,0.0,6.842698146417952,False
734.6000000000985,26.578650926900334,26.578650926900334,3.421349073099666,6.84269814623552,0.0,6.84269814623552,False
735.1000000000986,26.57865092699007,26.57865092699007,3.4213490730099316,6.842698146055561,0.0,6.842698146055561,False
735.6000000000987,26.578650927078584,26.578650927078584,3.4213490729214158,6.842698145878046,0.0,6.842698145878046,False
736.1000000000988,26.5786509271659,26.5786509271659,3.4213490728341007,6.84269814570294,0.0,6.84269814570294,False
736.6000000000989,26.57865092725203,26.57865092725203,3.4213490727479687,6.8426981455302,0.0,6.8426981455302,False
737.100000000099,26.578650927336994,26.578650927336994,3.4213490726630056,6.842698145359812,0.0,6.842698145359812,False
737.6000000000992,26.578650927420806,26.578650927420806,3.4213490725791935,6.842698145191733,0.0,6.842698145191733,False
738.1000000000993,26.578650927503485,26.578650927503485,3.4213490724965148,6.8426981450259206,0.0,6.8426981450259206,False
738.6000000000994,26.57865092758504,26.57865092758504,3.4213490724149587,6.842698144862361,0.0,6.842698144862361,False
739.1000000000995,26.578650927665493,26.578650927665493,3.4213490723345075,6.842698144701018,0.0,6.842698144701018,False
739.6000000000996,26.578650927744853,26.578650927744853,3.421349072255147,6.842698144541863,0.0,6.842698144541863,False
740.1000000000997,26.578650927823137,26.578650927823137,3.421349072176863,6.842698144384869,0.0,6.842698144384869,False
740.6000000000998,26.57865092790036,26.57865092790036,3.421349072099641,6.842698144230006,0.0,6.842698144230006,False
741.1000000001,26.578650927976536,26.578650927976536,3.421349072023464,6.842698144077232,0.0,6.842698144077232,False
741.6000000001001,26.57865092805168,26.57865092805168,3.4213490719483204,6.842698143926533,0.0,6.842698143926533,False
742.1000000001002,26.578650928125803,26.578650928125803,3.4213490718741966,6.842698143777881,0.0,6.842698143777881,False
742.6000000001003,26.578650928198925,26.578650928198925,3.4213490718010746,6.842698143631239,0.0,6.842698143631239,False
743.1000000001004,26.578650928271053,26.578650928271053,3.4213490717289474,6.842698143486587,0.0,6.842698143486587,False
743.6000000001005,26.5786509283422,26.5786509283422,3.4213490716578008,6.84269814334391,0.0,6.84269814334391,False
744.1000000001006,26.578650928412387,26.578650928412387,3.4213490715876134,6.842698143203151,0.0,6.842698143203151,False
744.6000000001007,26.578650928481622,26.578650928481622,3.421349071518378,6.842698143064297,0.0,6.842698143064297,False
745.1000000001009,26.57865092854992,26.57865092854992,3.4213490714500807,6.842698142927333,0.0,6.842698142927333,False
745.600000000101,26.57865092861729,26.57865092861729,3.4213490713827106,6.842698142792223,0.0,6.842698142792223,False
746.1000000001011,26.578650928683746,26.578650928683746,3.4213490713162535,6.842698142658946,0.0,6.842698142658946,False
746.6000000001012,26.5786509287493,26.5786509287493,3.421349071250699,6.842698142527475,0.0,6.842698142527475,False
747.1000000001013,26.578650928813964,26.578650928813964,3.421349071186036,6.842698142397801,0.0,6.842698142397801,False
747.6000000001014,26.578650928877757,26.578650928877757,3.4213490711222434,6.842698142269867,0.0,6.842698142269867,False
748.1000000001015,26.578650928940682,26.578650928940682,3.4213490710593177,6.842698142143668,0.0,6.842698142143668,False
748.6000000001017,26.57865092900275,26.57865092900275,3.4213490709972483,6.842698142019188,0.0,6.842698142019188,False
749.1000000001018,26.578650929063983,26.578650929063983,3.4213490709360173,6.842698141896392,0.0,6.842698141896392,False
749.6000000001019,26.578650929124386,26.578650929124386,3.421349070875614,6.842698141775259,0.0,6.842698141775259,False
750.100000000102,26.57865092918397,26.57865092918397,3.4213490708160315,6.842698141655767,0.0,6.842698141655767,False
750.6000000001021,26.578650929242748,26.578650929242748,3.421349070757252,6.842698141537888,0.0,6.842698141537888,False
751.1000000001022,26.57865092930073,26.57865092930073,3.4213490706992715,6.842698141421607,0.0,6.842698141421607,False
751.6000000001023,26.57865092935792,26.57865092935792,3.42134907064208,6.8426981413069115,0.0,6.8426981413069115,False
752.1000000001025,26.578650929414337,26.578650929414337,3.421349070585663,6.842698141193772,0.0,6.842698141193772,False
752.6000000001026,26.578650929469987,26.578650929469987,3.421349070530013,6.842698141082167,0.0,6.842698141082167,False
753.1000000001027,26.578650929524883,26.578650929524883,3.4213490704751166,6.842698140972075,0.0,6.842698140972075,False
753.6000000001028,26.578650929579037,26.578650929579037,3.4213490704209626,6.842698140863469,0.0,6.842698140863469,False
754.1000000001029,26.578650929632456,26.578650929632456,3.421349070367544,6.84269814075634,0.0,6.84269814075634,False
754.600000000103,26.57865092968515,26.57865092968515,3.42134907031485,6.842698140650661,0.0,6.842698140650661,False
755.1000000001031,26.578650929737126,26.578650929737126,3.421349070262874,6.842698140546425,0.0,6.842698140546425,False
755.6000000001033,26.578650929788402,26.578650929788402,3.4213490702115976,6.842698140443595,0.0,6.842698140443595,False
756.1000000001034,26.578650929838982,26.578650929838982,3.4213490701610176,6.842698140342158,0.0,6.842698140342158,False
756.6000000001035,26.578650929888873,26.578650929888873,3.421349070111127,6.842698140242099,0.0,6.842698140242099,False
757.1000000001036,26.578650929938092,26.578650929938092,3.4213490700619076,6.842698140143398,0.0,6.842698140143398,False
757.6000000001037,26.578650929986644,26.578650929986644,3.421349070013356,6.842698140046025,0.0,6.842698140046025,False
758.1000000001038,26.578650930034534,26.578650930034534,3.4213490699654656,6.842698139949981,0.0,6.842698139949981,False
758.6000000001039,26.57865093008178,26.57865093008178,3.4213490699182216,6.842698139855237,0.0,6.842698139855237,False
759.100000000104,26.57865093012838,26.57865093012838,3.4213490698716207,6.842698139761779,0.0,6.842698139761779,False
759.6000000001042,26.57865093017435,26.57865093017435,3.4213490698256486,6.8426981396695865,0.0,6.8426981396695865,False
760.1000000001043,26.578650930219702,26.578650930219702,3.421349069780298,6.842698139578637,0.0,6.842698139578637,False
760.6000000001044,26.578650930264434,26.578650930264434,3.421349069735566,6.842698139488931,0.0,6.842698139488931,False
761.1000000001045,26.578650930308562,26.578650930308562,3.4213490696914377,6.842698139400433,0.0,6.842698139400433,False
761.6000000001046,26.57865093035209,26.57865093035209,3.42134906964791,6.842698139313136,0.0,6.842698139313136,False
762.1000000001047,26.57865093039503,26.57865093039503,3.4213490696049718,6.842698139227025,0.0,6.842698139227025,False
762.6000000001048,26.57865093043738,26.57865093043738,3.42134906956262,6.842698139142087,0.0,6.842698139142087,False
763.100000000105,26.578650930479164,26.578650930479164,3.4213490695208364,6.842698139058292,0.0,6.842698139058292,False
763.6000000001051,26.578650930520382,26.578650930520382,3.421349069479618,6.842698138975635,0.0,6.842698138975635,False
764.1000000001052,26.57865093056104,26.57865093056104,3.4213490694389606,6.842698138894093,0.0,6.842698138894093,False
764.6000000001053,26.578650930601146,26.578650930601146,3.421349069398854,6.84269813881366,0.0,6.84269813881366,False
765.1000000001054,26.578650930640705,26.578650930640705,3.4213490693592945,6.8426981387343275,0.0,6.8426981387343275,False
765.6000000001055,26.578650930679732,26.578650930679732,3.421349069320268,6.842698138656061,0.0,6.842698138656061,False
766.1000000001056,26.578650930718226,26.578650930718226,3.4213490692817743,6.842698138578861,0.0,6.842698138578861,False
766.6000000001058,26.5786509307562,26.5786509307562,3.4213490692437993,6.842698138502705,0.0,6.842698138502705,False
767.1000000001059,26.57865093079366,26.57865093079366,3.4213490692063395,6.842698138427579,0.0,6.842698138427579,False
767.600000000106,26.578650930830616,26.578650930830616,3.421349069169384,6.8426981383534695,0.0,6.8426981383534695,False
768.1000000001061,26.578650930867067,26.578650930867067,3.4213490691329334,6.842698138280369,0.0,6.842698138280369,False
768.6000000001062,26.578650930903024,26.578650930903024,3.4213490690969763,6.842698138208256,0.0,6.842698138208256,False
769.1000000001063,26.578650930938494,26.578650930938494,3.421349069061506,6.8426981381371235,0.0,6.8426981381371235,False
769.6000000001064,26.57865093097348,26.57865093097348,3.421349069026519,6.842698138066957,0.0,6.842698138066957,False
770.1000000001065,26.578650931007996,26.578650931007996,3.4213490689920043,6.842698137997736,0.0,6.842698137997736,False
770.6000000001067,26.57865093104204,26.57865093104204,3.4213490689579587,6.84269813792946,0.0,6.84269813792946,False
771.1000000001068,26.578650931075625,26.578650931075625,3.421349068924375,6.842698137862108,0.0,6.842698137862108,False
771.6000000001069,26.578650931108754,26.578650931108754,3.421349068891246,6.842698137795672,0.0,6.842698137795672,False
772.100000000107,26.57865093114144,26.57865093114144,3.421349068858561,6.842698137730125,0.0,6.842698137730125,False
772.6000000001071,26.57865093117368,26.57865093117368,3.42134906882632,6.842698137665465,0.0,6.842698137665465,False
773.1000000001072,26.578650931205477,26.578650931205477,3.421349068794523,6.842698137601694,0.0,6.842698137601694,False
773.6000000001073,26.578650931236847,26.578650931236847,3.4213490687631527,6.8426981375387825,0.0,6.8426981375387825,False
774.1000000001075,26.578650931267788,26.578650931267788,3.421349068732212,6.842698137476731,0.0,6.842698137476731,False
774.6000000001076,26.578650931298313,26.578650931298313,3.421349068701687,6.842698137415518,0.0,6.842698137415518,False
775.1000000001077,26.578650931328422,26.578650931328422,3.421349068671578,6.842698137355136,0.0,6.842698137355136,False
775.6000000001078,26.578650931358126,26.578650931358126,3.4213490686418737,6.842698137295564,0.0,6.842698137295564,False
776.1000000001079,26.578650931387422,26.578650931387422,3.421349068612578,6.842698137236809,0.0,6.842698137236809,False
776.600000000108,26.578650931416323,26.578650931416323,3.4213490685836767,6.84269813717885,0.0,6.84269813717885,False
777.1000000001081,26.578650931444834,26.578650931444834,3.421349068555166,6.842698137121673,0.0,6.842698137121673,False
777.6000000001083,26.57865093147296,26.57865093147296,3.4213490685270393,6.84269813706527,0.0,6.84269813706527,False
778.1000000001084,26.578650931500704,26.578650931500704,3.421349068499296,6.842698137009627,0.0,6.842698137009627,False
778.6000000001085,26.57865093152807,26.57865093152807,3.4213490684719297,6.842698136954745,0.0,6.842698136954745,False
779.1000000001086,26.578650931555067,26.578650931555067,3.4213490684449326,6.8426981369006015,0.0,6.8426981369006015,False
779.6000000001087,26.578650931581695,26.578650931581695,3.421349068418305,6.842698136847204,0.0,6.842698136847204,False
780.1000000001088,26.578650931607967,26.578650931607967,3.4213490683920327,6.842698136794517,0.0,6.842698136794517,False
780.6000000001089,26.578650931633884,26.578650931633884,3.4213490683661156,6.842698136742541,0.0,6.842698136742541,False
781.100000000109,26.578650931659446,26.578650931659446,3.421349068340554,6.842698136691276,0.0,6.842698136691276,False
781.6000000001092,26.57865093168466,26.57865093168466,3.4213490683153402,6.842698136640713,0.0,6.842698136640713,False
782.1000000001093,26.578650931709532,26.578650931709532,3.4213490682904677,6.842698136590833,0.0,6.842698136590833,False
782.6000000001094,26.578650931734067,26.578650931734067,3.4213490682659327,6.842698136541628,0.0,6.842698136541628,False
783.1000000001095,26.57865093175827,26.57865093175827,3.4213490682417316,6.842698136493091,0.0,6.842698136493091,False
783.6000000001096,26.578650931782143,26.578650931782143,3.4213490682178573,6.842698136445215,0.0,6.842698136445215,False
784.1000000001097,26.578650931805694,26.578650931805694,3.4213490681943064,6.842698136397985,0.0,6.842698136397985,False
784.6000000001098,26.578650931828925,26.578650931828925,3.421349068171075,6.842698136351395,0.0,6.842698136351395,False
785.10000000011,26.578650931851843,26.578650931851843,3.4213490681481566,6.84269813630543,0.0,6.84269813630543,False
785.6000000001101,26.578650931874453,26.578650931874453,3.421349068125547,6.84269813626009,0.0,6.84269813626009,False
786.1000000001102,26.578650931896753,26.578650931896753,3.421349068103247,6.842698136215368,0.0,6.842698136215368,False
786.6000000001103,26.57865093191875,26.57865093191875,3.4213490680812484,6.842698136171251,0.0,6.842698136171251,False
787.1000000001104,26.57865093194045,26.57865093194045,3.4213490680595484,6.84269813612773,0.0,6.84269813612773,False
787.6000000001105,26.578650931961857,26.578650931961857,3.4213490680381433,6.842698136084799,0.0,6.842698136084799,False
788.1000000001106,26.57865093198297,26.57865093198297,3.4213490680170295,6.842698136042458,0.0,6.842698136042458,False
788.6000000001108,26.5786509320038,26.5786509320038,3.4213490679962,6.842698136000685,0.0,6.842698136000685,False
789.1000000001109,26.578650932024345,26.578650932024345,3.4213490679756546,6.8426981359594805,0.0,6.8426981359594805,False
789.600000000111,26.578650932044614,26.578650932044614,3.4213490679553864,6.8426981359188375,0.0,6.8426981359188375,False
790.1000000001111,26.578650932064605,26.578650932064605,3.4213490679353953,6.8426981358787415,0.0,6.8426981358787415,False
790.6000000001112,26.578650932084322,26.578650932084322,3.4213490679156777,6.8426981358392,0.0,6.8426981358392,False
791.1000000001113,26.578650932103773,26.578650932103773,3.4213490678962266,6.842698135800191,0.0,6.842698135800191,False
791.6000000001114,26.578650932122958,26.578650932122958,3.421349067877042,6.842698135761715,0.0,6.842698135761715,False
792.1000000001115,26.578650932141894,26.578650932141894,3.421349067858106,6.842698135723744,0.0,6.842698135723744,False
792.6000000001117,26.578650932160567,26.578650932160567,3.421349067839433,6.842698135686298,0.0,6.842698135686298,False
793.1000000001118,26.578650932178988,26.578650932178988,3.421349067821012,6.84269813564935,0.0,6.84269813564935,False
793.6000000001119,26.57865093219716,26.57865093219716,3.42134906780284,6.842698135612906,0.0,6.842698135612906,False
794.100000000112,26.578650932215087,26.578650932215087,3.421349067784913,6.84269813557696,0.0,6.84269813557696,False
794.6000000001121,26.57865093223277,26.57865093223277,3.421349067767231,6.842698135541497,0.0,6.842698135541497,False
795.1000000001122,26.578650932250213,26.578650932250213,3.4213490677497873,6.842698135506517,0.0,6.842698135506517,False
795.6000000001123,26.57865093226742,26.57865093226742,3.4213490677325815,6.842698135472006,0.0,6.842698135472006,False
796.1000000001125,26.57865093228439,26.57865093228439,3.42134906771561,6.842698135437971,0.0,6.842698135437971,False
796.6000000001126,26.57865093230113,26.57865093230113,3.42134906769887,6.842698135404397,0.0,6.842698135404397,False
797.1000000001127,26.578650932317647,26.578650932317647,3.4213490676823533,6.842698135371279,0.0,6.842698135371279,False
797.6000000001128,26.57865093233394,26.57865093233394,3.4213490676660605,6.842698135338601,0.0,6.842698135338601,False
798.1000000001129,26.578650932350012,26.578650932350012,3.421349067649988,6.842698135306371,0.0,6.842698135306371,False
798.600000000113,26.578650932365864,26.578650932365864,3.421349067634136,6.842698135274581,0.0,6.842698135274581,False
799.1000000001131,26.578650932381503,26.578650932381503,3.4213490676184968,6.842698135243218,0.0,6.842698135243218,False
799.6000000001133,26.57865093239693,26.57865093239693,3.421349067603071,6.842698135212281,0.0,6.842698135212281,False
800.1000000001134,26.578650932412145,26.578650932412145,3.4213490675878546,6.842698135181763,0.0,6.842698135181763,False
800.6000000001135,26.578650932427156,26.578650932427156,3.4213490675728444,6.842698135151657,0.0,6.842698135151657,False
801.1000000001136,26.578650932441963,26.578650932441963,3.4213490675580367,6.842698135121964,0.0,6.842698135121964,False
801.6000000001137,26.57865093245657,26.57865093245657,3.4213490675434315,6.842698135092675,0.0,6.842698135092675,False
802.1000000001138,26.57865093247098,26.57865093247098,3.4213490675290217,6.842698135063777,0.0,6.842698135063777,False
802.6000000001139,26.57865093248519,26.57865093248519,3.421349067514811,6.842698135035278,0.0,6.842698135035278,False
803.100000000114,26.578650932499208,26.578650932499208,3.421349067500792,6.842698135007161,0.0,6.842698135007161,False
803.6000000001142,26.57865093251304,26.57865093251304,3.421349067486961,6.842698134979422,0.0,6.842698134979422,False
804.1000000001143,26.57865093252668,26.57865093252668,3.4213490674733187,6.842698134952066,0.0,6.842698134952066,False
804.6000000001144,26.578650932540143,26.578650932540143,3.4213490674598575,6.842698134925065,0.0,6.842698134925065,False
805.1000000001145,26.578650932553412,26.578650932553412,3.421349067446588,6.8426981348984555,0.0,6.8426981348984555,False
805.6000000001146,26.578650932566504,26.578650932566504,3.4213490674334963,6.842698134872201,0.0,6.842698134872201,False
806.1000000001147,26.578650932579418,26.578650932579418,3.421349067420582,6.842698134846302,0.0,6.842698134846302,False
806.6000000001148,26.578650932592154,26.578650932592154,3.4213490674078457,6.842698134820758,0.0,6.842698134820758,False
807.100000000115,26.578650932604727,26.578650932604727,3.4213490673952727,6.842698134795548,0.0,6.842698134795548,False
807.6000000001151,26.578650932617126,26.578650932617126,3.4213490673828737,6.842698134770679,0.0,6.842698134770679,False
808.1000000001152,26.57865093262936,26.57865093262936,3.4213490673706417,6.842698134746151,0.0,6.842698134746151,False
808.6000000001153,26.578650932641423,26.578650932641423,3.4213490673585767,6.842698134721957,0.0,6.842698134721957,False
809.1000000001154,26.578650932653325,26.578650932653325,3.421349067346675,6.842698134698082,0.0,6.842698134698082,False
809.6000000001155,26.578650932665067,26.578650932665067,3.4213490673349334,6.842698134674535,0.0,6.842698134674535,False
810.1000000001156,26.57865093267665,26.57865093267665,3.4213490673233515,6.842698134651307,0.0,6.842698134651307,False
810.6000000001158,26.578650932688074,26.578650932688074,3.421349067311926,6.8426981346283995,0.0,6.8426981346283995,False
811.1000000001159,26.578650932699343,26.578650932699343,3.421349067300657,6.842698134605797,0.0,6.842698134605797,False
811.600000000116,26.57865093271046,26.57865093271046,3.4213490672895404,6.8426981345835,0.0,6.8426981345835,False
812.1000000001161,26.578650932721427,26.578650932721427,3.421349067278573,6.842698134561509,0.0,6.842698134561509,False
812.6000000001162,26.578650932732245,26.578650932732245,3.421349067267755,6.842698134539816,0.0,6.842698134539816,False
813.1000000001163,26.578650932742914,26.578650932742914,3.4213490672570863,6.842698134518415,0.0,6.842698134518415,False
813.6000000001164,26.57865093275344,26.57865093275344,3.4213490672465596,6.842698134497304,0.0,6.842698134497304,False
814.1000000001166,26.578650932763825,26.578650932763825,3.421349067236175,6.842698134476478,0.0,6.842698134476478,False
814.6000000001167,26.578650932774067,26.578650932774067,3.4213490672259326,6.8426981344559366,0.0,6.8426981344559366,False
815.1000000001168,26.57865093278417,26.57865093278417,3.4213490672158287,6.842698134435679,0.0,6.842698134435679,False
815.6000000001169,26.57865093279414,26.57865093279414,3.4213490672058597,6.842698134415684,0.0,6.842698134415684,False
816.100000000117,26.578650932803967,26.578650932803967,3.421349067196033,6.842698134395974,0.0,6.842698134395974,False
816.6000000001171,26.578650932813662,26.578650932813662,3.4213490671863376,6.842698134376533,0.0,6.842698134376533,False
817.1000000001172,26.578650932823233,26.578650932823233,3.4213490671767666,6.842698134357342,0.0,6.842698134357342,False
817.6000000001173,26.57865093283267,26.57865093283267,3.4213490671673306,6.842698134338413,0.0,6.842698134338413,False
818.1000000001175,26.578650932841978,26.578650932841978,3.4213490671580225,6.842698134319747,0.0,6.842698134319747,False
818.6000000001176,26.57865093285116,26.57865093285116,3.4213490671488387,6.84269813430133,0.0,6.84269813430133,False
819.1000000001177,26.57865093286022,26.57865093286022,3.4213490671397793,6.842698134283161,0.0,6.842698134283161,False
819.6000000001178,26.578650932869156,26.578650932869156,3.421349067130844,6.842698134265241,0.0,6.842698134265241,False
820.1000000001179,26.578650932877974,26.578650932877974,3.4213490671220264,6.842698134247563,0.0,6.842698134247563,False
820.600000000118,26.578650932886667,26.578650932886667,3.421349067113333,6.842698134230126,0.0,6.842698134230126,False
821.1000000001181,26.578650932895243,26.578650932895243,3.4213490671047566,6.842698134212924,0.0,6.842698134212924,False
821.6000000001183,26.578650932903706,26.578650932903706,3.421349067096294,6.842698134195956,0.0,6.842698134195956,False
822.1000000001184,26.57865093291205,26.57865093291205,3.4213490670879487,6.842698134179216,0.0,6.842698134179216,False
822.6000000001185,26.578650932920283,26.578650932920283,3.421349067079717,6.84269813416271,0.0,6.84269813416271,False
823.1000000001186,26.578650932928404,26.578650932928404,3.4213490670715956,6.842698134146424,0.0,6.842698134146424,False
823.6000000001187,26.578650932936416,26.578650932936416,3.421349067063584,6.842698134130359,0.0,6.842698134130359,False
824.1000000001188,26.578650932944317,26.578650932944317,3.421349067055683,6.842698134114507,0.0,6.842698134114507,False
824.6000000001189,26.57865093295211,26.57865093295211,3.4213490670478883,6.842698134098875,0.0,6.842698134098875,False
825.100000000119,26.578650932959803,26.578650932959803,3.4213490670401967,6.842698134083456,0.0,6.842698134083456,False
825.6000000001192,26.57865093296739,26.57865093296739,3.4213490670326117,6.842698134068243,0.0,6.842698134068243,False
826.1000000001193,26.57865093297487,26.57865093297487,3.4213490670251296,6.8426981340532365,0.0,6.8426981340532365,False
826.6000000001194,26.578650932982253,26.578650932982253,3.421349067017747,6.842698134038429,0.0,6.842698134038429,False
827.1000000001195,26.578650932989536,26.578650932989536,3.421349067010464,6.842698134023827,0.0,6.842698134023827,False
827.6000000001196,26.578650932996716,26.578650932996716,3.421349067003284,6.842698134009424,0.0,6.842698134009424,False
828.1000000001197,26.578650933003804,26.578650933003804,3.4213490669961963,6.8426981339952135,0.0,6.8426981339952135,False
828.6000000001198,26.578650933010792,26.578650933010792,3.421349066989208,6.8426981339811945,0.0,6.8426981339811945,False
829.10000000012,26.578650933017684,26.578650933017684,3.421349066982316,6.8426981339673745,0.0,6.8426981339673745,False
829.6000000001201,26.578650933024488,26.578650933024488,3.4213490669755124,6.842698133953732,0.0,6.842698133953732,False
830.1000000001202,26.578650933031202,26.578650933031202,3.421349066968798,6.842698133940267,0.0,6.842698133940267,False
830.6000000001203,26.578650933037824,26.578650933037824,3.4213490669621756,6.84269813392698,0.0,6.84269813392698,False
831.1000000001204,26.578650933044344,26.578650933044344,3.4213490669556563,6.842698133913906,0.0,6.842698133913906,False
831.6000000001205,26.578650933050785,26.578650933050785,3.4213490669492153,6.842698133900996,0.0,6.842698133900996,False
832.1000000001206,26.578650933057144,26.578650933057144,3.421349066942856,6.842698133888241,0.0,6.842698133888241,False
832.6000000001208,26.578650933063415,26.578650933063415,3.4213490669365854,6.842698133875665,0.0,6.842698133875665,False
833.1000000001209,26.578650933069596,26.578650933069596,3.4213490669304036,6.842698133863266,0.0,6.842698133863266,False
833.600000000121,26.57865093307569,26.57865093307569,3.4213490669243107,6.842698133851044,0.0,6.842698133851044,False
834.1000000001211,26.578650933081708,26.578650933081708,3.4213490669182924,6.842698133838979,0.0,6.842698133838979,False
834.6000000001212,26.57865093308764,26.57865093308764,3.4213490669123594,6.842698133827078,0.0,6.842698133827078,False
835.1000000001213,26.578650933093492,26.578650933093492,3.421349066906508,6.842698133815347,0.0,6.842698133815347,False
835.6000000001214,26.578650933099265,26.578650933099265,3.421349066900735,6.842698133803765,0.0,6.842698133803765,False
836.1000000001216,26.57865093310496,26.57865093310496,3.42134906689504,6.8426981337923465,0.0,6.8426981337923465,False
836.6000000001217,26.578650933110577,26.578650933110577,3.421349066889423,6.842698133781084,0.0,6.842698133781084,False
837.1000000001218,26.57865093311612,26.57865093311612,3.421349066883881,6.842698133769964,0.0,6.842698133769964,False
837.6000000001219,26.578650933121587,26.578650933121587,3.4213490668784132,6.842698133759001,0.0,6.842698133759001,False
838.100000000122,26.57865093312698,26.57865093312698,3.42134906687302,6.842698133748186,0.0,6.842698133748186,False
838.6000000001221,26.578650933132298,26.578650933132298,3.421349066867702,6.842698133737521,0.0,6.842698133737521,False
839.1000000001222,26.578650933137546,26.578650933137546,3.4213490668624544,6.842698133726998,0.0,6.842698133726998,False
839.6000000001223,26.578650933142722,26.578650933142722,3.421349066857278,6.842698133716617,0.0,6.842698133716617,False
840.1000000001225,26.578650933147827,26.578650933147827,3.421349066852173,6.842698133706378,0.0,6.842698133706378,False
840.6000000001226,26.578650933152865,26.578650933152865,3.421349066847135,6.842698133696274,0.0,6.842698133696274,False
841.1000000001227,26.57865093315783,26.57865093315783,3.4213490668421684,6.842698133686312,0.0,6.842698133686312,False
841.6000000001228,26.57865093316273,26.57865093316273,3.4213490668372692,6.842698133676485,0.0,6.842698133676485,False
842.1000000001229,26.578650933167566,26.578650933167566,3.421349066832434,6.842698133666794,0.0,6.842698133666794,False
842.600000000123,26.578650933172334,26.578650933172334,3.4213490668276663,6.84269813365723,0.0,6.84269813365723,False
843.1000000001231,26.578650933177038,26.578650933177038,3.4213490668229625,6.842698133647794,0.0,6.842698133647794,False
843.6000000001233,26.57865093318168,26.57865093318168,3.421349066818319,6.842698133638486,0.0,6.842698133638486,False
844.1000000001234,26.578650933186257,26.578650933186257,3.421349066813743,6.842698133629305,0.0,6.842698133629305,False
844.6000000001235,26.578650933190776,26.578650933190776,3.421349066809224,6.842698133620246,0.0,6.842698133620246,False
845.1000000001236,26.578650933195227,26.578650933195227,3.4213490668047726,6.842698133611314,0.0,6.842698133611314,False
845.6000000001237,26.578650933199622,26.578650933199622,3.421349066800378,6.842698133602504,0.0,6.842698133602504,False
846.1000000001238,26.578650933203956,26.578650933203956,3.4213490667960436,6.842698133593814,0.0,6.842698133593814,False
846.6000000001239,26.57865093320823,26.57865093320823,3.4213490667917696,6.8426981335852375,0.0,6.8426981335852375,False
847.100000000124,26.578650933212447,26.578650933212447,3.4213490667875526,6.842698133576782,0.0,6.842698133576782,False
847.6000000001242,26.578650933216608,26.578650933216608,3.4213490667833923,6.84269813356844,0.0,6.84269813356844,False
848.1000000001243,26.57865093322071,26.57865093322071,3.421349066779289,6.842698133560212,0.0,6.842698133560212,False
848.6000000001244,26.57865093322476,26.57865093322476,3.421349066775239,6.842698133552091,0.0,6.842698133552091,False
849.1000000001245,26.578650933228754,26.578650933228754,3.4213490667712456,6.842698133544083,0.0,6.842698133544083,False
849.6000000001246,26.578650933232694,26.578650933232694,3.4213490667673057,6.842698133536182,0.0,6.842698133536182,False
850.1000000001247,26.57865093323658,26.57865093323658,3.421349066763419,6.842698133528387,0.0,6.842698133528387,False
850.6000000001249,26.578650933240414,26.578650933240414,3.4213490667595856,6.842698133520699,0.0,6.842698133520699,False
851.100000000125,26.578650933244194,26.578650933244194,3.4213490667558055,6.842698133513117,0.0,6.842698133513117,False
851.6000000001251,26.578650933247925,26.578650933247925,3.421349066752075,6.842698133505635,0.0,6.842698133505635,False
852.1000000001252,26.578650933251605,26.578650933251605,3.4213490667483946,6.842698133498253,0.0,6.842698133498253,False
852.6000000001253,26.578650933255233,26.578650933255233,3.4213490667447672,6.842698133490977,0.0,6.842698133490977,False
853.1000000001254,26.578650933258814,26.578650933258814,3.421349066741186,6.842698133483793,0.0,6.842698133483793,False
853.6000000001255,26.578650933262345,26.578650933262345,3.4213490667376547,6.842698133476716,0.0,6.842698133476716,False
854.1000000001256,26.57865093326583,26.57865093326583,3.4213490667341695,6.8426981334697246,0.0,6.8426981334697246,False
854.6000000001258,26.578650933269266,26.578650933269266,3.421349066730734,6.842698133462832,0.0,6.842698133462832,False
855.1000000001259,26.578650933272655,26.578650933272655,3.4213490667273447,6.8426981334560395,0.0,6.8426981334560395,False
855.600000000126,26.578650933276,26.578650933276,3.4213490667240016,6.842698133449332,0.0,6.842698133449332,False
856.1000000001261,26.5786509332793,26.5786509332793,3.421349066720701,6.842698133442717,0.0,6.842698133442717,False
856.6000000001262,26.578650933282553,26.578650933282553,3.421349066717447,6.842698133436187,0.0,6.842698133436187,False
857.1000000001263,26.578650933285765,26.578650933285765,3.421349066714235,6.842698133429749,0.0,6.842698133429749,False
857.6000000001264,26.57865093328893,26.57865093328893,3.4213490667110698,6.842698133423397,0.0,6.842698133423397,False
858.1000000001266,26.578650933292053,26.578650933292053,3.421349066707947,6.842698133417137,0.0,6.842698133417137,False
858.6000000001267,26.578650933295133,26.578650933295133,3.4213490667048667,6.842698133410963,0.0,6.842698133410963,False
859.1000000001268,26.578650933298174,26.578650933298174,3.4213490667018256,6.842698133404859,0.0,6.842698133404859,False
859.6000000001269,26.578650933301173,26.578650933301173,3.421349066698827,6.842698133398848,0.0,6.842698133398848,False
860.100000000127,26.57865093330413,26.57865093330413,3.4213490666958712,6.842698133392922,0.0,6.842698133392922,False
860.6000000001271,26.578650933307046,26.578650933307046,3.4213490666929545,6.842698133387067,0.0,6.842698133387067,False
861.1000000001272,26.578650933309923,26.578650933309923,3.4213490666900768,6.8426981333812975,0.0,6.8426981333812975,False
861.6000000001274,26.578650933312762,26.578650933312762,3.421349066687238,6.842698133375606,0.0,6.842698133375606,False
862.1000000001275,26.578650933315565,26.578650933315565,3.421349066684435,6.842698133369986,0.0,6.842698133369986,False
862.6000000001276,26.57865093331833,26.57865093331833,3.421349066681671,6.842698133364443,0.0,6.842698133364443,False
863.1000000001277,26.578650933321054,26.578650933321054,3.421349066678946,6.842698133358979,0.0,6.842698133358979,False
863.6000000001278,26.57865093332374,26.57865093332374,3.4213490666762603,6.842698133353586,0.0,6.842698133353586,False
864.1000000001279,26.57865093332639,26.57865093332639,3.42134906667361,6.8426981333482715,0.0,6.8426981333482715,False
864.600000000128,26.578650933329005,26.578650933329005,3.421349066670995,6.842698133343028,0.0,6.842698133343028,False
865.1000000001281,26.578650933331584,26.578650933331584,3.421349066668416,6.842698133337855,0.0,6.842698133337855,False
865.6000000001283,26.57865093333413,26.57865093333413,3.4213490666658686,6.842698133332753,0.0,6.842698133332753,False
866.1000000001284,26.578650933336643,26.578650933336643,3.421349066663357,6.8426981333277155,0.0,6.8426981333277155,False
866.6000000001285,26.57865093333912,26.57865093333912,3.4213490666608806,6.842698133322749,0.0,6.842698133322749,False
867.1000000001286,26.578650933341564,26.578650933341564,3.4213490666584363,6.842698133317846,0.0,6.842698133317846,False
867.6000000001287,26.578650933343972,26.578650933343972,3.4213490666560276,6.842698133313014,0.0,6.842698133313014,False
868.1000000001288,26.57865093334635,26.57865093334635,3.421349066653651,6.842698133308247,0.0,6.842698133308247,False
868.600000000129,26.578650933348694,26.578650933348694,3.421349066651306,6.842698133303543,0.0,6.842698133303543,False
869.1000000001291,26.57865093335101,26.57865093335101,3.4213490666489896,6.842698133298903,0.0,6.842698133298903,False
869.6000000001292,26.57865093335329,26.57865093335329,3.421349066646709,6.842698133294327,0.0,6.842698133294327,False
870.1000000001293,26.57865093335554,26.57865093335554,3.42134906664446,6.842698133289815,0.0,6.842698133289815,False
870.6000000001294,26.57865093335776,26.57865093335776,3.4213490666422395,6.84269813328536,0.0,6.84269813328536,False
871.1000000001295,26.578650933359953,26.578650933359953,3.4213490666400475,6.842698133280969,0.0,6.842698133280969,False
871.6000000001296,26.578650933362113,26.578650933362113,3.4213490666378874,6.842698133276635,0.0,6.842698133276635,False
872.1000000001297,26.578650933364244,26.578650933364244,3.4213490666357558,6.842698133272357,0.0,6.842698133272357,False
872.6000000001299,26.578650933366347,26.578650933366347,3.4213490666336526,6.842698133268144,0.0,6.842698133268144,False
873.10000000013,26.57865093336842,26.57865093336842,3.4213490666315813,6.842698133263987,0.0,6.842698133263987,False
873.6000000001301,26.578650933370465,26.578650933370465,3.421349066629535,6.842698133259887,0.0,6.842698133259887,False
874.1000000001302,26.578650933372483,26.578650933372483,3.421349066627517,6.842698133255837,0.0,6.842698133255837,False
874.6000000001303,26.578650933374472,26.578650933374472,3.4213490666255275,6.842698133251844,0.0,6.842698133251844,False
875.1000000001304,26.578650933376437,26.578650933376437,3.421349066623563,6.842698133247907,0.0,6.842698133247907,False
875.6000000001305,26.578650933378373,26.578650933378373,3.4213490666216266,6.842698133244021,0.0,6.842698133244021,False
876.1000000001306,26.578650933380285,26.578650933380285,3.4213490666197153,6.842698133240191,0.0,6.842698133240191,False
876.6000000001308,26.57865093338217,26.57865093338217,3.421349066617829,6.842698133236411,0.0,6.842698133236411,False
877.1000000001309,26.57865093338403,26.57865093338403,3.4213490666159707,6.84269813323268,0.0,6.84269813323268,False
877.600000000131,26.578650933385866,26.578650933385866,3.421349066614134,6.842698133229,0.0,6.842698133229,False
878.1000000001311,26.578650933387674,26.578650933387674,3.4213490666123256,6.842698133225369,0.0,6.842698133225369,False
878.6000000001312,26.578650933389458,26.578650933389458,3.421349066610542,6.842698133221795,0.0,6.842698133221795,False
879.1000000001313,26.57865093339122,26.57865093339122,3.42134906660878,6.8426981332182635,0.0,6.8426981332182635,False
879.6000000001314,26.578650933392957,26.578650933392957,3.4213490666070427,6.842698133214775,0.0,6.842698133214775,False
880.1000000001316,26.57865093339467,26.57865093339467,3.4213490666053303,6.842698133211343,0.0,6.842698133211343,False
880.6000000001317,26.57865093339636,26.57865093339636,3.4213490666036392,6.8426981332079535,0.0,6.8426981332079535,False
881.1000000001318,26.578650933398027,26.578650933398027,3.421349066601973,6.842698133204607,0.0,6.842698133204607,False
881.6000000001319,26.578650933399672,26.578650933399672,3.421349066600328,6.84269813320131,0.0,6.84269813320131,False
882.100000000132,26.578650933401295,26.578650933401295,3.4213490665987045,6.842698133198056,0.0,6.842698133198056,False
882.6000000001321,26.578650933402898,26.578650933402898,3.4213490665971023,6.842698133194844,0.0,6.842698133194844,False
883.1000000001322,26.578650933404475,26.578650933404475,3.421349066595525,6.842698133191675,0.0,6.842698133191675,False
883.6000000001324,26.57865093340603,26.57865093340603,3.4213490665939688,6.842698133188556,0.0,6.842698133188556,False
884.1000000001325,26.578650933407566,26.578650933407566,3.421349066592434,6.842698133185479,0.0,6.842698133185479,False
884.6000000001326,26.578650933409083,26.578650933409083,3.421349066590917,6.842698133182438,0.0,6.842698133182438,False
885.1000000001327,26.57865093341058,26.57865093341058,3.4213490665894213,6.842698133179439,0.0,6.842698133179439,False
885.6000000001328,26.578650933412053,26.578650933412053,3.421349066587947,6.842698133176484,0.0,6.842698133176484,False
886.1000000001329,26.578650933413506,26.578650933413506,3.421349066586494,6.842698133173563,0.0,6.842698133173563,False
886.600000000133,26.57865093341494,26.57865093341494,3.4213490665850586,6.8426981331706855,0.0,6.8426981331706855,False
887.1000000001332,26.578650933416355,26.578650933416355,3.4213490665836446,6.8426981331678505,0.0,6.8426981331678505,False
887.6000000001333,26.57865093341775,26.57865093341775,3.4213490665822484,6.842698133165051,0.0,6.842698133165051,False
888.1000000001334,26.57865093341913,26.57865093341913,3.42134906658087,6.842698133162287,0.0,6.842698133162287,False
888.6000000001335,26.578650933420487,26.578650933420487,3.4213490665795128,6.8426981331595655,0.0,6.8426981331595655,False
889.1000000001336,26.578650933421827,26.578650933421827,3.4213490665781734,6.84269813315688,0.0,6.84269813315688,False
889.6000000001337,26.578650933423148,26.578650933423148,3.421349066576852,6.842698133154229,0.0,6.842698133154229,False
890.1000000001338,26.578650933424452,26.578650933424452,3.421349066575548,6.842698133151615,0.0,6.842698133151615,False
890.600000000134,26.578650933425738,26.578650933425738,3.421349066574262,6.842698133149035,0.0,6.842698133149035,False
891.1000000001341,26.578650933427006,26.578650933427006,3.4213490665729935,6.842698133146492,0.0,6.842698133146492,False
891.6000000001342,26.578650933428257,26.578650933428257,3.421349066571743,6.842698133143983,0.0,6.842698133143983,False
892.1000000001343,26.578650933429493,26.578650933429493,3.4213490665705066,6.8426981331415035,0.0,6.8426981331415035,False
892.6000000001344,26.578650933430712,26.578650933430712,3.421349066569288,6.842698133139059,0.0,6.842698133139059,False
893.1000000001345,26.578650933431913,26.578650933431913,3.4213490665680872,6.8426981331366505,0.0,6.8426981331366505,False
893.6000000001346,26.5786509334331,26.5786509334331,3.4213490665669006,6.84269813313427,0.0,6.84269813313427,False
894.1000000001347,26.578650933434268,26.578650933434268,3.421349066565732,6.842698133131925,0.0,6.842698133131925,False
894.6000000001349,26.578650933435423,26.578650933435423,3.421349066564577,6.842698133129616,0.0,6.842698133129616,False
895.100000000135,26.57865093343656,26.57865093343656,3.4213490665634403,6.842698133127335,0.0,6.842698133127335,False
895.6000000001351,26.578650933437682,26.578650933437682,3.4213490665623176,6.842698133125083,0.0,6.842698133125083,False
896.1000000001352,26.578650933438787,26.578650933438787,3.4213490665612127,6.842698133122866,0.0,6.842698133122866,False
896.6000000001353,26.578650933439878,26.578650933439878,3.421349066560122,6.8426981331206775,0.0,6.8426981331206775,False
897.1000000001354,26.578650933440954,26.578650933440954,3.4213490665590456,6.8426981331185175,0.0,6.8426981331185175,False
897.6000000001355,26.578650933442017,26.578650933442017,3.4213490665579833,6.842698133116386,0.0,6.842698133116386,False
898.1000000001357,26.578650933443065,26.578650933443065,3.4213490665569353,6.84269813311429,0.0,6.84269813311429,False
898.6000000001358,26.5786509334441,26.5786509334441,3.4213490665559014,6.842698133112215,0.0,6.842698133112215,False
899.1000000001359,26.578650933445118,26.578650933445118,3.421349066554882,6.842698133110169,0.0,6.842698133110169,False
899.600000000136,26.578650933446124,26.578650933446124,3.4213490665538764,6.842698133108151,0.0,6.842698133108151,False
900.1000000001361,26.57865093344712,26.57865093344712,3.4213490665528816,6.842698133106161,0.0,6.842698133106161,False
900.6000000001362,26.578650933448095,26.578650933448095,3.4213490665519046,6.8426981331042,0.0,6.8426981331042,False
901.1000000001363,26.57865093344906,26.57865093344906,3.4213490665509383,6.84269813310226,0.0,6.84269813310226,False
901.6000000001364,26.578650933450014,26.578650933450014,3.421349066549986,6.842698133100349,0.0,6.842698133100349,False
902.1000000001366,26.578650933450955,26.578650933450955,3.4213490665490447,6.842698133098466,0.0,6.842698133098466,False
902.6000000001367,26.57865093345188,26.57865093345188,3.421349066548121,6.8426981330966115,0.0,6.8426981330966115,False
903.1000000001368,26.578650933452792,26.578650933452792,3.421349066547208,6.842698133094778,0.0,6.842698133094778,False
903.6000000001369,26.578650933453698,26.578650933453698,3.421349066546302,6.842698133092966,0.0,6.842698133092966,False
904.100000000137,26.578650933454586,26.578650933454586,3.421349066545414,6.842698133091183,0.0,6.842698133091183,False
904.6000000001371,26.578650933455464,26.578650933455464,3.4213490665445363,6.842698133089421,0.0,6.842698133089421,False
905.1000000001372,26.57865093345633,26.57865093345633,3.4213490665436694,6.84269813308768,0.0,6.84269813308768,False
905.6000000001374,26.578650933457183,26.578650933457183,3.421349066542817,6.842698133085975,0.0,6.842698133085975,False
906.1000000001375,26.578650933458025,26.578650933458025,3.421349066541975,6.8426981330842835,0.0,6.8426981330842835,False
906.6000000001376,26.57865093345886,26.57865093345886,3.42134906654114,6.842698133082614,0.0,6.842698133082614,False
907.1000000001377,26.578650933459677,26.578650933459677,3.421349066540323,6.842698133080972,0.0,6.842698133080972,False
907.6000000001378,26.578650933460487,26.578650933460487,3.4213490665395128,6.842698133079345,0.0,6.842698133079345,False
908.1000000001379,26.578650933461287,26.578650933461287,3.4213490665387134,6.8426981330777465,0.0,6.8426981330777465,False
908.600000000138,26.57865093346207,26.57865093346207,3.4213490665379283,6.842698133076169,0.0,6.842698133076169,False
909.1000000001382,26.57865093346285,26.57865093346285,3.42134906653715,6.842698133074606,0.0,6.842698133074606,False
909.6000000001383,26.578650933463614,26.578650933463614,3.4213490665363864,6.842698133073078,0.0,6.842698133073078,False
910.1000000001384,26.57865093346437,26.57865093346437,3.4213490665356296,6.842698133071558,0.0,6.842698133071558,False
910.6000000001385,26.578650933465116,26.578650933465116,3.4213490665348836,6.842698133070066,0.0,6.842698133070066,False
911.1000000001386,26.57865093346585,26.57865093346585,3.4213490665341517,6.842698133068595,0.0,6.842698133068595,False
911.6000000001387,26.578650933466577,26.578650933466577,3.4213490665334234,6.842698133067138,0.0,6.842698133067138,False
912.1000000001388,26.578650933467287,26.578650933467287,3.421349066532713,6.84269813306571,0.0,6.84269813306571,False
912.600000000139,26.578650933467998,26.578650933467998,3.4213490665320023,6.842698133064289,0.0,6.842698133064289,False
913.1000000001391,26.57865093346869,26.57865093346869,3.4213490665313095,6.842698133062896,0.0,6.842698133062896,False
913.6000000001392,26.57865093346938,26.57865093346938,3.4213490665306203,6.842698133061511,0.0,6.842698133061511,False
914.1000000001393,26.578650933470055,26.578650933470055,3.4213490665299453,6.842698133060161,0.0,6.842698133060161,False
914.6000000001394,26.578650933470726,26.578650933470726,3.421349066529274,6.842698133058811,0.0,6.842698133058811,False
915.1000000001395,26.578650933471383,26.578650933471383,3.4213490665286166,6.842698133057496,0.0,6.842698133057496,False
915.6000000001396,26.578650933472034,26.578650933472034,3.4213490665279664,6.842698133056189,0.0,6.842698133056189,False
916.1000000001397,26.578650933472673,26.578650933472673,3.421349066527327,6.84269813305491,0.0,6.84269813305491,False
916.6000000001399,26.57865093347331,26.57865093347331,3.421349066526691,6.842698133053631,0.0,6.842698133053631,False
917.10000000014,26.57865093347393,26.57865093347393,3.4213490665260693,6.842698133052387,0.0,6.842698133052387,False
917.6000000001401,26.57865093347455,26.57865093347455,3.421349066525451,6.842698133051144,0.0,6.842698133051144,False
918.1000000001402,26.578650933475153,26.578650933475153,3.421349066524847,6.842698133049936,0.0,6.842698133049936,False
918.6000000001403,26.578650933475757,26.578650933475757,3.421349066524243,6.842698133048728,0.0,6.842698133048728,False
919.1000000001404,26.578650933476343,26.578650933476343,3.421349066523657,6.8426981330475485,0.0,6.8426981330475485,False
919.6000000001405,26.57865093347693,26.57865093347693,3.421349066523071,6.842698133046376,0.0,6.842698133046376,False
920.1000000001407,26.5786509334775,26.5786509334775,3.421349066522499,6.842698133045225,0.0,6.842698133045225,False
920.6000000001408,26.57865093347807,26.57865093347807,3.4213490665219304,6.842698133044088,0.0,6.842698133044088,False
921.1000000001409,26.578650933478627,26.578650933478627,3.4213490665213726,6.8426981330429655,0.0,6.8426981330429655,False
921.600000000141,26.578650933479178,26.578650933479178,3.421349066520822,6.842698133041864,0.0,6.842698133041864,False
922.1000000001411,26.578650933479725,26.578650933479725,3.421349066520275,6.842698133040763,0.0,6.842698133040763,False
922.6000000001412,26.578650933480258,26.578650933480258,3.421349066519742,6.842698133039697,0.0,6.842698133039697,False
923.1000000001413,26.57865093348079,26.57865093348079,3.421349066519209,6.842698133038631,0.0,6.842698133038631,False
923.6000000001414,26.57865093348131,26.57865093348131,3.4213490665186903,6.842698133037587,0.0,6.842698133037587,False
924.1000000001416,26.578650933481825,26.578650933481825,3.421349066518175,6.842698133036556,0.0,6.842698133036556,False
924.6000000001417,26.578650933482336,26.578650933482336,3.4213490665176636,6.842698133035526,0.0,6.842698133035526,False
925.1000000001418,26.578650933482834,26.578650933482834,3.421349066517166,6.842698133034531,0.0,6.842698133034531,False
925.6000000001419,26.57865093348333,26.57865093348333,3.421349066516669,6.842698133033537,0.0,6.842698133033537,False
926.100000000142,26.578650933483818,26.578650933483818,3.421349066516182,6.842698133032556,0.0,6.842698133032556,False
926.6000000001421,26.578650933484298,26.578650933484298,3.4213490665157025,6.842698133031597,0.0,6.842698133031597,False
927.1000000001422,26.578650933484777,26.578650933484777,3.421349066515223,6.842698133030638,0.0,6.842698133030638,False
927.6000000001424,26.578650933485243,26.578650933485243,3.4213490665147575,6.8426981330297,0.0,6.8426981330297,False
928.1000000001425,26.578650933485704,26.578650933485704,3.4213490665142956,6.842698133028776,0.0,6.842698133028776,False
928.6000000001426,26.578650933486166,26.578650933486166,3.4213490665138337,6.842698133027852,0.0,6.842698133027852,False
929.1000000001427,26.57865093348661,26.57865093348661,3.4213490665133897,6.842698133026957,0.0,6.842698133026957,False
929.6000000001428,26.578650933487054,26.578650933487054,3.4213490665129456,6.842698133026069,0.0,6.842698133026069,False
930.1000000001429,26.578650933487495,26.578650933487495,3.421349066512505,6.842698133025181,0.0,6.842698133025181,False
930.600000000143,26.57865093348792,26.57865093348792,3.4213490665120787,6.842698133024328,0.0,6.842698133024328,False
931.1000000001432,26.578650933488348,26.578650933488348,3.4213490665116524,6.842698133023475,0.0,6.842698133023475,False
931.6000000001433,26.578650933488774,26.578650933488774,3.421349066511226,6.842698133022623,0.0,6.842698133022623,False
932.1000000001434,26.578650933489183,26.578650933489183,3.4213490665108175,6.842698133021798,0.0,6.842698133021798,False
932.6000000001435,26.57865093348959,26.57865093348959,3.421349066510409,6.842698133020981,0.0,6.842698133020981,False
933.1000000001436,26.57865093349,26.57865093349,3.4213490665100004,6.842698133020164,0.0,6.842698133020164,False
933.6000000001437,26.578650933490394,26.578650933490394,3.421349066509606,6.842698133019368,0.0,6.842698133019368,False
934.1000000001438,26.578650933490785,26.578650933490785,3.421349066509215,6.842698133018587,0.0,6.842698133018587,False
934.600000000144,26.578650933491176,26.578650933491176,3.4213490665088244,6.842698133017805,0.0,6.842698133017805,False
935.1000000001441,26.578650933491556,26.578650933491556,3.4213490665084443,6.842698133017038,0.0,6.842698133017038,False
935.6000000001442,26.57865093349193,26.57865093349193,3.4213490665080712,6.842698133016292,0.0,6.842698133016292,False
936.1000000001443,26.578650933492302,26.578650933492302,3.421349066507698,6.842698133015546,0.0,6.842698133015546,False
936.6000000001444,26.578650933492675,26.578650933492675,3.421349066507325,6.8426981330148,0.0,6.8426981330148,False
937.1000000001445,26.57865093349303,26.57865093349303,3.42134906650697,6.842698133014082,0.0,6.842698133014082,False
937.6000000001446,26.578650933493385,26.578650933493385,3.4213490665066146,6.842698133013371,0.0,6.842698133013371,False
938.1000000001447,26.57865093349374,26.57865093349374,3.4213490665062594,6.842698133012661,0.0,6.842698133012661,False
938.6000000001449,26.57865093349409,26.57865093349409,3.421349066505911,6.842698133011957,0.0,6.842698133011957,False
939.100000000145,26.578650933494426,26.578650933494426,3.4213490665055737,6.842698133011282,0.0,6.842698133011282,False
939.6000000001451,26.578650933494764,26.578650933494764,3.421349066505236,6.842698133010607,0.0,6.842698133010607,False
940.1000000001452,26.5786509334951,26.5786509334951,3.4213490665048987,6.842698133009932,0.0,6.842698133009932,False
940.6000000001453,26.578650933495428,26.578650933495428,3.421349066504572,6.8426981330092715,0.0,6.8426981330092715,False
941.1000000001454,26.578650933495748,26.578650933495748,3.421349066504252,6.842698133008632,0.0,6.842698133008632,False
941.6000000001455,26.578650933496068,26.578650933496068,3.4213490665039323,6.842698133007993,0.0,6.842698133007993,False
942.1000000001457,26.578650933496387,26.578650933496387,3.4213490665036126,6.842698133007353,0.0,6.842698133007353,False
942.6000000001458,26.5786509334967,26.5786509334967,3.4213490665033,6.842698133006721,0.0,6.842698133006721,False
943.1000000001459,26.578650933497002,26.578650933497002,3.421349066502998,6.842698133006117,0.0,6.842698133006117,False
943.600000000146,26.578650933497304,26.578650933497304,3.421349066502696,6.842698133005513,0.0,6.842698133005513,False
944.1000000001461,26.578650933497606,26.578650933497606,3.421349066502394,6.842698133004909,0.0,6.842698133004909,False
944.6000000001462,26.578650933497904,26.578650933497904,3.4213490665020956,6.842698133004305,0.0,6.842698133004305,False
945.1000000001463,26.57865093349819,26.57865093349819,3.4213490665018114,6.842698133003736,0.0,6.842698133003736,False
945.6000000001465,26.578650933498473,26.578650933498473,3.421349066501527,6.842698133003168,0.0,6.842698133003168,False
946.1000000001466,26.578650933498757,26.578650933498757,3.421349066501243,6.8426981330025995,0.0,6.8426981330025995,False
946.6000000001467,26.57865093349904,26.57865093349904,3.4213490665009587,6.842698133002031,0.0,6.842698133002031,False
947.1000000001468,26.578650933499315,26.578650933499315,3.421349066500685,6.842698133001477,0.0,6.842698133001477,False
947.6000000001469,26.57865093349958,26.57865093349958,3.4213490665004187,6.842698133000944,0.0,6.842698133000944,False
948.100000000147,26.578650933499848,26.578650933499848,3.4213490665001522,6.842698133000411,0.0,6.842698133000411,False
948.6000000001471,26.578650933500114,26.578650933500114,3.421349066499886,6.842698132999878,0.0,6.842698132999878,False
949.1000000001472,26.57865093350038,26.57865093350038,3.4213490664996193,6.842698132999345,0.0,6.842698132999345,False
949.6000000001474,26.578650933500636,26.578650933500636,3.4213490664993635,6.842698132998827,0.0,6.842698132998827,False
950.1000000001475,26.578650933500885,26.578650933500885,3.421349066499115,6.842698132998329,0.0,6.842698132998329,False
950.6000000001476,26.578650933501134,26.578650933501134,3.421349066498866,6.842698132997832,0.0,6.842698132997832,False
951.1000000001477,26.578650933501383,26.578650933501383,3.4213490664986175,6.842698132997334,0.0,6.842698132997334,False
951.6000000001478,26.57865093350163,26.57865093350163,3.421349066498369,6.842698132996837,0.0,6.842698132996837,False
952.1000000001479,26.578650933501873,26.578650933501873,3.421349066498127,6.842698132996347,0.0,6.842698132996347,False
952.600000000148,26.578650933502104,26.578650933502104,3.4213490664978963,6.842698132995885,0.0,6.842698132995885,False
953.1000000001482,26.578650933502335,26.578650933502335,3.4213490664976653,6.842698132995423,0.0,6.842698132995423,False
953.6000000001483,26.578650933502566,26.578650933502566,3.4213490664974344,6.842698132994961,0.0,6.842698132994961,False
954.1000000001484,26.578650933502797,26.578650933502797,3.4213490664972035,6.842698132994499,0.0,6.842698132994499,False
954.6000000001485,26.578650933503027,26.578650933503027,3.4213490664969726,6.8426981329940375,0.0,6.8426981329940375,False
955.1000000001486,26.578650933503244,26.578650933503244,3.421349066496756,6.842698132993597,0.0,6.842698132993597,False
955.6000000001487,26.578650933503457,26.578650933503457,3.4213490664965427,6.842698132993171,0.0,6.842698132993171,False
956.1000000001488,26.57865093350367,26.57865093350367,3.4213490664963295,6.842698132992744,0.0,6.842698132992744,False
956.600000000149,26.578650933503884,26.578650933503884,3.4213490664961164,6.842698132992318,0.0,6.842698132992318,False
957.1000000001491,26.578650933504097,26.578650933504097,3.421349066495903,6.842698132991892,0.0,6.842698132991892,False
957.6000000001492,26.57865093350431,26.57865093350431,3.42134906649569,6.842698132991465,0.0,6.842698132991465,False
958.1000000001493,26.57865093350451,26.57865093350451,3.421349066495491,6.84269813299106,0.0,6.84269813299106,False
958.6000000001494,26.578650933504704,26.578650933504704,3.4213490664952957,6.8426981329906695,0.0,6.8426981329906695,False
959.1000000001495,26.5786509335049,26.5786509335049,3.4213490664951003,6.842698132990279,0.0,6.842698132990279,False
959.6000000001496,26.578650933505095,26.578650933505095,3.421349066494905,6.842698132989888,0.0,6.842698132989888,False
960.1000000001497,26.57865093350529,26.57865093350529,3.4213490664947095,6.842698132989497,0.0,6.842698132989497,False
960.6000000001499,26.578650933505486,26.578650933505486,3.421349066494514,6.842698132989106,0.0,6.842698132989106,False
961.10000000015,26.57865093350568,26.57865093350568,3.4213490664943187,6.8426981329887155,0.0,6.8426981329887155,False
961.6000000001501,26.57865093350586,26.57865093350586,3.421349066494141,6.842698132988353,0.0,6.842698132988353,False
962.1000000001502,26.578650933506037,26.578650933506037,3.4213490664939634,6.842698132987998,0.0,6.842698132987998,False
962.6000000001503,26.578650933506214,26.578650933506214,3.421349066493786,6.842698132987643,0.0,6.842698132987643,False
963.1000000001504,26.578650933506392,26.578650933506392,3.421349066493608,6.842698132987287,0.0,6.842698132987287,False
963.6000000001505,26.57865093350657,26.57865093350657,3.4213490664934305,6.842698132986932,0.0,6.842698132986932,False
964.1000000001507,26.578650933506747,26.578650933506747,3.421349066493253,6.842698132986577,0.0,6.842698132986577,False
964.6000000001508,26.578650933506925,26.578650933506925,3.4213490664930752,6.8426981329862215,0.0,6.8426981329862215,False
965.1000000001509,26.578650933507088,26.578650933507088,3.421349066492912,6.842698132985888,0.0,6.842698132985888,False
965.600000000151,26.578650933507248,26.578650933507248,3.421349066492752,6.842698132985568,0.0,6.842698132985568,False
966.1000000001511,26.578650933507408,26.578650933507408,3.421349066492592,6.842698132985248,0.0,6.842698132985248,False
966.6000000001512,26.578650933507568,26.578650933507568,3.421349066492432,6.842698132984928,0.0,6.842698132984928,False
967.1000000001513,26.578650933507728,26.578650933507728,3.4213490664922723,6.842698132984609,0.0,6.842698132984609,False
967.6000000001515,26.578650933507888,26.578650933507888,3.4213490664921125,6.842698132984289,0.0,6.842698132984289,False
968.1000000001516,26.578650933508047,26.578650933508047,3.4213490664919526,6.842698132983969,0.0,6.842698132983969,False
968.6000000001517,26.578650933508207,26.578650933508207,3.4213490664917927,6.842698132983649,0.0,6.842698132983649,False
969.1000000001518,26.578650933508357,26.578650933508357,3.4213490664916435,6.842698132983344,0.0,6.842698132983344,False
969.6000000001519,26.5786509335085,26.5786509335085,3.4213490664915014,6.84269813298306,0.0,6.84269813298306,False
970.100000000152,26.57865093350864,26.57865093350864,3.4213490664913593,6.842698132982775,0.0,6.842698132982775,False
970.6000000001521,26.578650933508783,26.578650933508783,3.421349066491217,6.842698132982491,0.0,6.842698132982491,False
971.1000000001522,26.578650933508925,26.578650933508925,3.421349066491075,6.842698132982207,0.0,6.842698132982207,False
971.6000000001524,26.578650933509067,26.578650933509067,3.421349066490933,6.842698132981923,0.0,6.842698132981923,False
972.1000000001525,26.57865093350921,26.57865093350921,3.421349066490791,6.8426981329816385,0.0,6.8426981329816385,False
972.6000000001526,26.57865093350935,26.57865093350935,3.4213490664906487,6.842698132981354,0.0,6.842698132981354,False
973.1000000001527,26.578650933509493,26.578650933509493,3.4213490664905066,6.84269813298107,0.0,6.84269813298107,False
973.6000000001528,26.57865093350963,26.57865093350963,3.4213490664903716,6.842698132980793,0.0,6.842698132980793,False
974.1000000001529,26.578650933509753,26.578650933509753,3.4213490664902473,6.842698132980544,0.0,6.842698132980544,False
974.600000000153,26.578650933509877,26.578650933509877,3.421349066490123,6.842698132980296,0.0,6.842698132980296,False
975.1000000001532,26.57865093351,26.57865093351,3.4213490664899986,6.842698132980047,0.0,6.842698132980047,False
975.6000000001533,26.578650933510126,26.578650933510126,3.4213490664898742,6.842698132979798,0.0,6.842698132979798,False
976.1000000001534,26.57865093351025,26.57865093351025,3.42134906648975,6.8426981329795495,0.0,6.8426981329795495,False
976.6000000001535,26.578650933510374,26.578650933510374,3.4213490664896256,6.842698132979301,0.0,6.842698132979301,False
977.1000000001536,26.5786509335105,26.5786509335105,3.421349066489501,6.842698132979052,0.0,6.842698132979052,False
977.6000000001537,26.578650933510623,26.578650933510623,3.421349066489377,6.8426981329788035,0.0,6.8426981329788035,False
978.1000000001538,26.578650933510747,26.578650933510747,3.4213490664892525,6.842698132978555,0.0,6.842698132978555,False
978.600000000154,26.578650933510872,26.578650933510872,3.421349066489128,6.842698132978306,0.0,6.842698132978306,False
979.1000000001541,26.57865093351098,26.57865093351098,3.4213490664890216,6.842698132978086,0.0,6.842698132978086,False
979.6000000001542,26.578650933511085,26.578650933511085,3.421349066488915,6.842698132977873,0.0,6.842698132977873,False
980.1000000001543,26.57865093351119,26.57865093351119,3.4213490664888084,6.8426981329776595,0.0,6.8426981329776595,False
980.6000000001544,26.578650933511298,26.578650933511298,3.421349066488702,6.842698132977446,0.0,6.842698132977446,False
981.1000000001545,26.578650933511405,26.578650933511405,3.4213490664885953,6.842698132977233,0.0,6.842698132977233,False
981.6000000001546,26.57865093351151,26.57865093351151,3.4213490664884887,6.84269813297702,0.0,6.84269813297702,False
982.1000000001548,26.578650933511618,26.578650933511618,3.421349066488382,6.842698132976807,0.0,6.842698132976807,False
982.6000000001549,26.578650933511724,26.578650933511724,3.4213490664882755,6.842698132976594,0.0,6.842698132976594,False
983.100000000155,26.57865093351183,26.57865093351183,3.421349066488169,6.8426981329763805,0.0,6.8426981329763805,False
983.6000000001551,26.578650933511938,26.578650933511938,3.4213490664880624,6.842698132976167,0.0,6.842698132976167,False
984.1000000001552,26.578650933512044,26.578650933512044,3.421349066487956,6.842698132975954,0.0,6.842698132975954,False
984.6000000001553,26.57865093351215,26.57865093351215,3.421349066487849,6.842698132975741,0.0,6.842698132975741,False
985.1000000001554,26.578650933512243,26.578650933512243,3.421349066487757,6.842698132975549,0.0,6.842698132975549,False
985.6000000001555,26.578650933512332,26.578650933512332,3.421349066487668,6.8426981329753715,0.0,6.8426981329753715,False
986.1000000001557,26.57865093351242,26.57865093351242,3.421349066487579,6.842698132975194,0.0,6.842698132975194,False
986.6000000001558,26.57865093351251,26.57865093351251,3.4213490664874904,6.842698132975016,0.0,6.842698132975016,False
987.1000000001559,26.5786509335126,26.5786509335126,3.4213490664874016,6.842698132974839,0.0,6.842698132974839,False
987.600000000156,26.578650933512687,26.578650933512687,3.4213490664873127,6.842698132974661,0.0,6.842698132974661,False
988.1000000001561,26.578650933512776,26.578650933512776,3.421349066487224,6.842698132974483,0.0,6.842698132974483,False
988.6000000001562,26.578650933512865,26.578650933512865,3.421349066487135,6.842698132974306,0.0,6.842698132974306,False
989.1000000001563,26.578650933512954,26.578650933512954,3.4213490664870463,6.842698132974128,0.0,6.842698132974128,False
989.6000000001565,26.578650933513043,26.578650933513043,3.4213490664869575,6.8426981329739505,0.0,6.8426981329739505,False
990.1000000001566,26.57865093351313,26.57865093351313,3.4213490664868687,6.842698132973773,0.0,6.842698132973773,False
990.6000000001567,26.57865093351322,26.57865093351322,3.42134906648678,6.842698132973595,0.0,6.842698132973595,False
991.1000000001568,26.57865093351331,26.57865093351331,3.421349066486691,6.842698132973418,0.0,6.842698132973418,False
991.6000000001569,26.578650933513398,26.578650933513398,3.421349066486602,6.84269813297324,0.0,6.84269813297324,False
992.100000000157,26.578650933513483,26.578650933513483,3.421349066486517,6.842698132973062,0.0,6.842698132973062,False
992.6000000001571,26.578650933513554,26.578650933513554,3.421349066486446,6.84269813297292,0.0,6.84269813297292,False
993.1000000001573,26.578650933513625,26.578650933513625,3.421349066486375,6.842698132972778,0.0,6.842698132972778,False
993.6000000001574,26.578650933513696,26.578650933513696,3.4213490664863038,6.842698132972636,0.0,6.842698132972636,False
994.1000000001575,26.578650933513767,26.578650933513767,3.4213490664862327,6.842698132972494,0.0,6.842698132972494,False
994.6000000001576,26.57865093351384,26.57865093351384,3.4213490664861617,6.842698132972352,0.0,6.842698132972352,False
995.1000000001577,26.57865093351391,26.57865093351391,3.4213490664860906,6.84269813297221,0.0,6.84269813297221,False
995.6000000001578,26.57865093351398,26.57865093351398,3.4213490664860196,6.8426981329720675,0.0,6.8426981329720675,False
996.1000000001579,26.57865093351405,26.57865093351405,3.4213490664859485,6.842698132971925,0.0,6.842698132971925,False
996.600000000158,26.578650933514123,26.578650933514123,3.4213490664858774,6.842698132971783,0.0,6.842698132971783,False
997.1000000001582,26.578650933514194,26.578650933514194,3.4213490664858064,6.842698132971641,0.0,6.842698132971641,False
997.6000000001583,26.578650933514265,26.578650933514265,3.4213490664857353,6.842698132971499,0.0,6.842698132971499,False
998.1000000001584,26.578650933514336,26.578650933514336,3.4213490664856643,6.842698132971357,0.0,6.842698132971357,False
998.6000000001585,26.578650933514407,26.578650933514407,3.4213490664855932,6.842698132971215,0.0,6.842698132971215,False
999.1000000001586,26.578650933514478,26.578650933514478,3.421349066485522,6.842698132971073,0.0,6.842698132971073,False
999.6000000001587,26.57865093351455,26.57865093351455,3.421349066485451,6.842698132970931,0.0,6.842698132970931,False
1000.1000000001588,26.57865093351462,26.57865093351462,3.42134906648538,6.8426981329707885,0.0,6.8426981329707885,False
1000.600000000159,26.57865093351469,26.57865093351469,3.421349066485309,6.842698132970646,0.0,6.842698132970646,False
1001.1000000001591,26.578650933514762,26.578650933514762,3.421349066485238,6.842698132970504,0.0,6.842698132970504,False
1001.6000000001592,26.57865093351482,26.57865093351482,3.421349066485181,6.8426981329703835,0.0,6.8426981329703835,False
1002.1000000001593,26.578650933514872,26.578650933514872,3.421349066485128,6.842698132970277,0.0,6.842698132970277,False
1002.6000000001594,26.578650933514925,26.578650933514925,3.4213490664850745,6.84269813297017,0.0,6.84269813297017,False
1003.1000000001595,26.57865093351498,26.57865093351498,3.4213490664850212,6.842698132970064,0.0,6.842698132970064,False
1003.6000000001596,26.578650933515032,26.578650933515032,3.421349066484968,6.842698132969957,0.0,6.842698132969957,False
1004.1000000001598,26.578650933515085,26.578650933515085,3.4213490664849147,6.842698132969851,0.0,6.842698132969851,False
1004.6000000001599,26.57865093351514,26.57865093351514,3.4213490664848614,6.842698132969744,0.0,6.842698132969744,False
1005.10000000016,26.578650933515192,26.578650933515192,3.421349066484808,6.8426981329696375,0.0,6.8426981329696375,False
1005.6000000001601,26.578650933515245,26.578650933515245,3.421349066484755,6.842698132969531,0.0,6.842698132969531,False
1006.1000000001602,26.5786509335153,26.5786509335153,3.4213490664847015,6.842698132969424,0.0,6.842698132969424,False
1006.6000000001603,26.578650933515352,26.578650933515352,3.421349066484648,6.842698132969318,0.0,6.842698132969318,False
1007.1000000001604,26.578650933515405,26.578650933515405,3.421349066484595,6.842698132969211,0.0,6.842698132969211,False
1007.6000000001605,26.57865093351546,26.57865093351546,3.4213490664845416,6.842698132969105,0.0,6.842698132969105,False
1008.1000000001607,26.57865093351551,26.57865093351551,3.4213490664844883,6.842698132968998,0.0,6.842698132968998,False
1008.6000000001608,26.578650933515565,26.578650933515565,3.421349066484435,6.842698132968891,0.0,6.842698132968891,False
1009.1000000001609,26.57865093351562,26.57865093351562,3.4213490664843818,6.842698132968785,0.0,6.842698132968785,False
1009.600000000161,26.57865093351567,26.57865093351567,3.4213490664843285,6.842698132968678,0.0,6.842698132968678,False
1010.1000000001611,26.578650933515725,26.578650933515725,3.421349066484275,6.842698132968572,0.0,6.842698132968572,False
1010.6000000001612,26.578650933515778,26.578650933515778,3.421349066484222,6.842698132968465,0.0,6.842698132968465,False
1011.1000000001613,26.57865093351583,26.57865093351583,3.4213490664841686,6.8426981329683585,0.0,6.8426981329683585,False
1011.6000000001615,26.578650933515885,26.578650933515885,3.4213490664841153,6.842698132968252,0.0,6.842698132968252,False
1012.1000000001616,26.578650933515938,26.578650933515938,3.421349066484062,6.842698132968145,0.0,6.842698132968145,False
1012.6000000001617,26.57865093351599,26.57865093351599,3.4213490664840087,6.842698132968039,0.0,6.842698132968039,False
1013.1000000001618,26.578650933516045,26.578650933516045,3.4213490664839554,6.842698132967932,0.0,6.842698132967932,False
1013.6000000001619,26.57865093351609,26.57865093351609,3.4213490664839092,6.842698132967833,0.0,6.842698132967833,False
1014.100000000162,26.578650933516126,26.578650933516126,3.4213490664838737,6.842698132967762,0.0,6.842698132967762,False
1014.6000000001621,26.578650933516162,26.578650933516162,3.421349066483838,6.842698132967691,0.0,6.842698132967691,False
1015.1000000001623,26.578650933516197,26.578650933516197,3.4213490664838027,6.8426981329676195,0.0,6.8426981329676195,False
1015.6000000001624,26.578650933516233,26.578650933516233,3.421349066483767,6.8426981329675485,0.0,6.8426981329675485,False
1016.1000000001625,26.57865093351627,26.57865093351627,3.4213490664837316,6.842698132967477,0.0,6.842698132967477,False
1016.6000000001626,26.578650933516304,26.578650933516304,3.421349066483696,6.842698132967406,0.0,6.842698132967406,False
1017.1000000001627,26.57865093351634,26.57865093351634,3.4213490664836606,6.842698132967335,0.0,6.842698132967335,False
1017.6000000001628,26.578650933516375,26.578650933516375,3.421349066483625,6.842698132967264,0.0,6.842698132967264,False
1018.1000000001629,26.57865093351641,26.57865093351641,3.4213490664835895,6.842698132967193,0.0,6.842698132967193,False
1018.600000000163,26.578650933516446,26.578650933516446,3.421349066483554,6.842698132967122,0.0,6.842698132967122,False
1019.1000000001632,26.57865093351648,26.57865093351648,3.4213490664835184,6.842698132967051,0.0,6.842698132967051,False
1019.6000000001633,26.578650933516517,26.578650933516517,3.421349066483483,6.84269813296698,0.0,6.84269813296698,False
1020.1000000001634,26.578650933516553,26.578650933516553,3.4213490664834474,6.842698132966909,0.0,6.842698132966909,False
1020.6000000001635,26.578650933516588,26.578650933516588,3.421349066483412,6.842698132966838,0.0,6.842698132966838,False
1021.1000000001636,26.578650933516624,26.578650933516624,3.4213490664833763,6.842698132966767,0.0,6.842698132966767,False
1021.6000000001637,26.57865093351666,26.57865093351666,3.421349066483341,6.842698132966696,0.0,6.842698132966696,False
1022.1000000001638,26.578650933516695,26.578650933516695,3.4213490664833053,6.842698132966625,0.0,6.842698132966625,False
1022.600000000164,26.57865093351673,26.57865093351673,3.4213490664832698,6.842698132966554,0.0,6.842698132966554,False
1023.1000000001641,26.578650933516766,26.578650933516766,3.4213490664832342,6.842698132966483,0.0,6.842698132966483,False
1023.6000000001642,26.5786509335168,26.5786509335168,3.4213490664831987,6.842698132966412,0.0,6.842698132966412,False
1024.100000000164,26.578650933516837,26.578650933516837,3.421349066483163,6.8426981329663406,0.0,6.8426981329663406,False
1024.6000000001636,26.578650933516872,26.578650933516872,3.4213490664831276,6.8426981329662695,0.0,6.8426981329662695,False
1025.1000000001632,26.578650933516908,26.578650933516908,3.421349066483092,6.842698132966198,0.0,6.842698132966198,False
1025.6000000001627,26.578650933516943,26.578650933516943,3.4213490664830566,6.842698132966127,0.0,6.842698132966127,False
1026.1000000001623,26.57865093351698,26.57865093351698,3.421349066483021,6.842698132966056,0.0,6.842698132966056,False
1026.6000000001618,26.578650933517014,26.578650933517014,3.4213490664829855,6.842698132965985,0.0,6.842698132965985,False
1027.1000000001613,26.57865093351705,26.57865093351705,3.42134906648295,6.842698132965914,0.0,6.842698132965914,False
1027.600000000161,26.578650933517086,26.578650933517086,3.4213490664829145,6.842698132965843,0.0,6.842698132965843,False
1028.1000000001604,26.57865093351712,26.57865093351712,3.421349066482879,6.842698132965772,0.0,6.842698132965772,False
1028.60000000016,26.578650933517157,26.578650933517157,3.4213490664828434,6.842698132965701,0.0,6.842698132965701,False
1029.1000000001595,26.578650933517192,26.578650933517192,3.421349066482808,6.84269813296563,0.0,6.84269813296563,False
1029.600000000159,26.578650933517228,26.578650933517228,3.4213490664827724,6.842698132965559,0.0,6.842698132965559,False
1030.1000000001586,26.578650933517263,26.578650933517263,3.421349066482737,6.842698132965488,0.0,6.842698132965488,False
1030.6000000001582,26.5786509335173,26.5786509335173,3.4213490664827013,6.842698132965417,0.0,6.842698132965417,False
1031.1000000001577,26.578650933517334,26.578650933517334,3.421349066482666,6.842698132965346,0.0,6.842698132965346,False
1031.6000000001573,26.57865093351737,26.57865093351737,3.4213490664826303,6.842698132965275,0.0,6.842698132965275,False
1032.1000000001568,26.57865093351739,26.57865093351739,3.421349066482609,6.842698132965225,0.0,6.842698132965225,False
1032.6000000001563,26.57865093351741,26.57865093351741,3.421349066482591,6.8426981329651895,0.0,6.8426981329651895,False
1033.100000000156,26.578650933517427,26.578650933517427,3.4213490664825734,6.842698132965154,0.0,6.842698132965154,False
1033.6000000001554,26.578650933517444,26.578650933517444,3.4213490664825557,6.842698132965118,0.0,6.842698132965118,False
1034.100000000155,26.578650933517462,26.578650933517462,3.421349066482538,6.842698132965083,0.0,6.842698132965083,False
1034.6000000001545,26.57865093351748,26.57865093351748,3.42134906648252,6.842698132965047,0.0,6.842698132965047,False
1035.100000000154,26.578650933517498,26.578650933517498,3.4213490664825024,6.842698132965012,0.0,6.842698132965012,False
1035.6000000001536,26.578650933517515,26.578650933517515,3.4213490664824846,6.842698132964976,0.0,6.842698132964976,False
1036.1000000001532,26.578650933517533,26.578650933517533,3.421349066482467,6.842698132964941,0.0,6.842698132964941,False
1036.6000000001527,26.57865093351755,26.57865093351755,3.421349066482449,6.842698132964905,0.0,6.842698132964905,False
1037.1000000001522,26.57865093351757,26.57865093351757,3.4213490664824313,6.84269813296487,0.0,6.84269813296487,False
1037.6000000001518,26.578650933517586,26.578650933517586,3.4213490664824135,6.842698132964834,0.0,6.842698132964834,False
1038.1000000001513,26.578650933517604,26.578650933517604,3.421349066482396,6.842698132964799,0.0,6.842698132964799,False
1038.6000000001509,26.578650933517622,26.578650933517622,3.421349066482378,6.842698132964763,0.0,6.842698132964763,False
1039.1000000001504,26.57865093351764,26.57865093351764,3.4213490664823603,6.842698132964728,0.0,6.842698132964728,False
1039.60000000015,26.578650933517658,26.578650933517658,3.4213490664823425,6.842698132964692,0.0,6.842698132964692,False
1040.1000000001495,26.578650933517675,26.578650933517675,3.4213490664823247,6.842698132964657,0.0,6.842698132964657,False
1040.600000000149,26.578650933517693,26.578650933517693,3.421349066482307,6.842698132964621,0.0,6.842698132964621,False
1041.1000000001486,26.57865093351771,26.57865093351771,3.421349066482289,6.8426981329645855,0.0,6.8426981329645855,False
1041.6000000001482,26.57865093351773,26.57865093351773,3.4213490664822714,6.84269813296455,0.0,6.84269813296455,False
1042.1000000001477,26.578650933517746,26.578650933517746,3.4213490664822537,6.8426981329645145,0.0,6.8426981329645145,False
1042.6000000001472,26.578650933517764,26.578650933517764,3.421349066482236,6.842698132964479,0.0,6.842698132964479,False
1043.1000000001468,26.578650933517782,26.578650933517782,3.421349066482218,6.842698132964443,0.0,6.842698132964443,False
1043.6000000001463,26.5786509335178,26.5786509335178,3.4213490664822004,6.842698132964408,0.0,6.842698132964408,False
1044.1000000001459,26.578650933517817,26.578650933517817,3.4213490664821826,6.842698132964372,0.0,6.842698132964372,False
1044.6000000001454,26.578650933517835,26.578650933517835,3.421349066482165,6.842698132964337,0.0,6.842698132964337,False
1045.100000000145,26.578650933517853,26.578650933517853,3.421349066482147,6.842698132964301,0.0,6.842698132964301,False
1045.6000000001445,26.57865093351787,26.57865093351787,3.4213490664821293,6.842698132964266,0.0,6.842698132964266,False
1046.100000000144,26.57865093351789,26.57865093351789,3.4213490664821116,6.84269813296423,0.0,6.84269813296423,False
1046.6000000001436,26.578650933517906,26.578650933517906,3.421349066482094,6.842698132964195,0.0,6.842698132964195,False
1047.1000000001432,26.578650933517924,26.578650933517924,3.421349066482076,6.842698132964159,0.0,6.842698132964159,False
1047.6000000001427,26.57865093351794,26.57865093351794,3.4213490664820583,6.842698132964124,0.0,6.842698132964124,False
1048.1000000001422,26.57865093351796,26.57865093351796,3.4213490664820405,6.842698132964088,0.0,6.842698132964088,False
1048.6000000001418,26.578650933517977,26.578650933517977,3.4213490664820227,6.842698132964053,0.0,6.842698132964053,False
1049.1000000001413,26.578650933517995,26.578650933517995,3.421349066482005,6.842698132964017,0.0,6.842698132964017,False
1049.6000000001409,26.578650933518013,26.578650933518013,3.4213490664819872,6.8426981329639815,0.0,6.8426981329639815,False
1050.1000000001404,26.57865093351803,26.57865093351803,3.4213490664819695,6.842698132963946,0.0,6.842698132963946,False
1050.60000000014,26.57865093351805,26.57865093351805,3.4213490664819517,6.8426981329639105,0.0,6.8426981329639105,False
1051.1000000001395,26.578650933518066,26.578650933518066,3.421349066481934,6.842698132963875,0.0,6.842698132963875,False
1051.600000000139,26.578650933518084,26.578650933518084,3.421349066481916,6.842698132963839,0.0,6.842698132963839,False
1052.1000000001386,26.5786509335181,26.5786509335181,3.4213490664818984,6.842698132963804,0.0,6.842698132963804,False
1052.6000000001382,26.57865093351812,26.57865093351812,3.4213490664818806,6.842698132963768,0.0,6.842698132963768,False
1053.1000000001377,26.578650933518137,26.578650933518137,3.421349066481863,6.842698132963733,0.0,6.842698132963733,False
1053.6000000001372,26.578650933518155,26.578650933518155,3.421349066481845,6.842698132963697,0.0,6.842698132963697,False
1054.1000000001368,26.578650933518173,26.578650933518173,3.4213490664818274,6.842698132963662,0.0,6.842698132963662,False
1054.6000000001363,26.57865093351819,26.57865093351819,3.4213490664818096,6.842698132963626,0.0,6.842698132963626,False
1055.1000000001359,26.578650933518208,26.578650933518208,3.421349066481792,6.842698132963591,0.0,6.842698132963591,False
1055.6000000001354,26.578650933518226,26.578650933518226,3.421349066481774,6.842698132963555,0.0,6.842698132963555,False
1056.100000000135,26.578650933518244,26.578650933518244,3.4213490664817563,6.84269813296352,0.0,6.84269813296352,False
1056.6000000001345,26.57865093351826,26.57865093351826,3.4213490664817385,6.842698132963484,0.0,6.842698132963484,False
1057.100000000134,26.57865093351828,26.57865093351828,3.4213490664817208,6.842698132963449,0.0,6.842698132963449,False
1057.6000000001336,26.578650933518297,26.578650933518297,3.421349066481703,6.842698132963413,0.0,6.842698132963413,False
1058.1000000001332,26.578650933518315,26.578650933518315,3.4213490664816852,6.842698132963378,0.0,6.842698132963378,False
1058.6000000001327,26.578650933518333,26.578650933518333,3.4213490664816675,6.842698132963342,0.0,6.842698132963342,False
1059.1000000001322,26.57865093351835,26.57865093351835,3.4213490664816497,6.8426981329633065,0.0,6.8426981329633065,False
1059.6000000001318,26.578650933518368,26.578650933518368,3.421349066481632,6.842698132963271,0.0,6.842698132963271,False
1060.1000000001313,26.578650933518386,26.578650933518386,3.421349066481614,6.8426981329632355,0.0,6.8426981329632355,False
1060.6000000001309,26.578650933518404,26.578650933518404,3.4213490664815964,6.8426981329632,0.0,6.8426981329632,False
1061.1000000001304,26.57865093351842,26.57865093351842,3.4213490664815787,6.842698132963164,0.0,6.842698132963164,False
1061.60000000013,26.57865093351844,26.57865093351844,3.421349066481561,6.842698132963129,0.0,6.842698132963129,False
1062.1000000001295,26.578650933518457,26.578650933518457,3.421349066481543,6.842698132963093,0.0,6.842698132963093,False
1062.600000000129,26.578650933518475,26.578650933518475,3.4213490664815254,6.842698132963058,0.0,6.842698132963058,False
1063.1000000001286,26.578650933518492,26.578650933518492,3.4213490664815076,6.842698132963022,0.0,6.842698132963022,False
1063.6000000001281,26.57865093351851,26.57865093351851,3.42134906648149,6.842698132962987,0.0,6.842698132962987,False
1064.1000000001277,26.578650933518528,26.578650933518528,3.421349066481472,6.842698132962951,0.0,6.842698132962951,False
1064.6000000001272,26.578650933518546,26.578650933518546,3.4213490664814543,6.842698132962916,0.0,6.842698132962916,False
1065.1000000001268,26.578650933518563,26.578650933518563,3.4213490664814366,6.84269813296288,0.0,6.84269813296288,False
1065.6000000001263,26.57865093351858,26.57865093351858,3.421349066481419,6.842698132962845,0.0,6.842698132962845,False
1066.1000000001259,26.5786509335186,26.5786509335186,3.421349066481401,6.842698132962809,0.0,6.842698132962809,False
1066.6000000001254,26.578650933518617,26.578650933518617,3.4213490664813833,6.842698132962774,0.0,6.842698132962774,False
1067.100000000125,26.578650933518635,26.578650933518635,3.4213490664813655,6.842698132962738,0.0,6.842698132962738,False
1067.6000000001245,26.578650933518652,26.578650933518652,3.4213490664813477,6.842698132962703,0.0,6.842698132962703,False
1068.100000000124,26.57865093351867,26.57865093351867,3.42134906648133,6.842698132962667,0.0,6.842698132962667,False
1068.6000000001236,26.57865093351868,26.57865093351868,3.4213490664813193,6.842698132962639,0.0,6.842698132962639,False
1069.1000000001231,26.57865093351868,26.57865093351868,3.4213490664813193,6.842698132962639,0.0,6.842698132962639,False
1069.6000000001227,26.57865093351868,26.57865093351868,3.4213490664813193,6.842698132962639,0.0,6.842698132962639,False
1070.1000000001222,26.57865093351868,26.57865093351868,3.4213490664813193,6.842698132962639,0.0,6.842698132962639,False
1070.6000000001218,26.57865093351868,26.57865093351868,3.4213490664813193,6.842698132962639,0.0,6.842698132962639,False
1071.1000000001213,26.57865093351868,26.57865093351868,3.4213490664813193,6.842698132962639,0.0,6.842698132962639,False
1071.6000000001209,26.57865093351868,26.57865093351868,3.4213490664813193,6.842698132962639,0.0,6.842698132962639,False
1072.1000000001204,26.57865093351868,26.57865093351868,3.4213490664813193,6.842698132962639,0.0,6.842698132962639,False
1072.60000000012,26.57865093351868,26.57865093351868,3.4213490664813193,6.842698132962639,0.0,6.842698132962639,False
1073.1000000001195,26.57865093351868,26.57865093351868,3.4213490664813193,6.842698132962639,0.0,6.842698132962639,False
1073.600000000119,26.57865093351868,26.57865093351868,3.4213490664813193,6.842698132962639,0.0,6.842698132962639,False
1074.1000000001186,26.57865093351868,26.57865093351868,3.4213490664813193,6.842698132962639,0.0,6.842698132962639,False
1074.6000000001181,26.57865093351868,26.57865093351868,3.4213490664813193,6.842698132962639,0.0,6.842698132962639,False
1075.1000000001177,26.57865093351868,26.57865093351868,3.4213490664813193,6.842698132962639,0.0,6.842698132962639,False
1075.6000000001172,26.57865093351868,26.57865093351868,3.4213490664813193,6.842698132962639,0.0,6.842698132962639,False
1076.1000000001168,26.57865093351868,26.57865093351868,3.4213490664813193,6.842698132962639,0.0,6.842698132962639,False
1076.6000000001163,26.57865093351868,26.57865093351868,3.4213490664813193,6.842698132962639,0.0,6.842698132962639,False
1077.1000000001159,26.57865093351868,26.57865093351868,3.4213490664813193,6.842698132962639,0.0,6.842698132962639,False
1077.6000000001154,26.57865093351868,26.57865093351868,3.4213490664813193,6.842698132962639,0.0,6.842698132962639,False
1078.100000000115,26.57865093351868,26.57865093351868,3.4213490664813193,6.842698132962639,0.0,6.842698132962639,False
1078.6000000001145,26.57865093351868,26.57865093351868,3.4213490664813193,6.842698132962639,0.0,6.842698132962639,False
1079.100000000114,26.57865093351868,26.57865093351868,3.4213490664813193,6.842698132962639,0.0,6.842698132962639,False
1079.6000000001136,26.57865093351868,26.57865093351868,3.4213490664813193,6.842698132962639,0.0,6.842698132962639,False
1080.1000000001131,26.57865093351868,26.57865093351868,3.4213490664813193,6.842698132962639,0.0,6.842698132962639,False
1080.6000000001127,26.57865093351868,26.57865093351868,3.4213490664813193,6.842698132962639,0.0,6.842698132962639,False
1081.1000000001122,26.57865093351868,26.57865093351868,3.4213490664813193,6.842698132962639,0.0,6.842698132962639,False
1081.6000000001118,26.57865093351868,26.57865093351868,3.4213490664813193,6.842698132962639,0.0,6.842698132962639,False
1082.1000000001113,26.57865093351868,26.57865093351868,3.4213490664813193,6.842698132962639,0.0,6.842698132962639,False
1082.6000000001109,26.57865093351868,26.57865093351868,3.4213490664813193,6.842698132962639,0.0,6.842698132962639,False
1083.1000000001104,26.57865093351868,26.57865093351868,3.4213490664813193,6.842698132962639,0.0,6.842698132962639,False
1083.60000000011,26.57865093351868,26.57865093351868,3.4213490664813193,6.842698132962639,0.0,6.842698132962639,False
1084.1000000001095,26.57865093351868,26.57865093351868,3.4213490664813193,6.842698132962639,0.0,6.842698132962639,False
1084.600000000109,26.57865093351868,26.57865093351868,3.4213490664813193,6.842698132962639,0.0,6.842698132962639,False
1085.1000000001086,26.57865093351868,26.57865093351868,3.4213490664813193,6.842698132962639,0.0,6.842698132962639,False
1085.6000000001081,26.57865093351868,26.57865093351868,3.4213490664813193,6.842698132962639,0.0,6.842698132962639,False
1086.1000000001077,26.57865093351868,26.57865093351868,3.4213490664813193,6.842698132962639,0.0,6.842698132962639,False
1086.6000000001072,26.57865093351868,26.57865093351868,3.4213490664813193,6.842698132962639,0.0,6.842698132962639,False
1087.1000000001068,26.57865093351868,26.57865093351868,3.4213490664813193,6.842698132962639,0.0,6.842698132962639,False
1087.6000000001063,26.57865093351868,26.57865093351868,3.4213490664813193,6.842698132962639,0.0,6.842698132962639,False
1088.1000000001059,26.57865093351868,26.57865093351868,3.4213490664813193,6.842698132962639,0.0,6.842698132962639,False
1088.6000000001054,26.57865093351868,26.57865093351868,3.4213490664813193,6.842698132962639,0.0,6.842698132962639,False
1089.100000000105,26.57865093351868,26.57865093351868,3.4213490664813193,6.842698132962639,0.0,6.842698132962639,False
1089.6000000001045,26.57865093351868,26.57865093351868,3.4213490664813193,6.842698132962639,0.0,6.842698132962639,False
1090.100000000104,26.57865093351868,26.57865093351868,3.4213490664813193,6.842698132962639,0.0,6.842698132962639,False
1090.6000000001036,26.57865093351868,26.57865093351868,3.4213490664813193,6.842698132962639,0.0,6.842698132962639,False
1091.1000000001031,26.57865093351868,26.57865093351868,3.4213490664813193,6.842698132962639,0.0,6.842698132962639,False
1091.6000000001027,26.57865093351868,26.57865093351868,3.4213490664813193,6.842698132962639,0.0,6.842698132962639,False
1092.1000000001022,26.57865093351868,26.57865093351868,3.4213490664813193,6.842698132962639,0.0,6.842698132962639,False
1092.6000000001018,26.57865093351868,26.57865093351868,3.4213490664813193,6.842698132962639,0.0,6.842698132962639,False
1093.1000000001013,26.57865093351868,26.57865093351868,3.4213490664813193,6.842698132962639,0.0,6.842698132962639,False
1093.6000000001009,26.57865093351868,26.57865093351868,3.4213490664813193,6.842698132962639,0.0,6.842698132962639,False
1094.1000000001004,26.57865093351868,26.57865093351868,3.4213490664813193,6.842698132962639,0.0,6.842698132962639,False
1094.6000000001,26.57865093351868,26.57865093351868,3.4213490664813193,6.842698132962639,0.0,6.842698132962639,False
1095.1000000000995,26.57865093351868,26.57865093351868,3.4213490664813193,6.842698132962639,0.0,6.842698132962639,False
1095.600000000099,26.57865093351868,26.57865093351868,3.4213490664813193,6.842698132962639,0.0,6.842698132962639,False
1096.1000000000986,26.57865093351868,26.57865093351868,3.4213490664813193,6.842698132962639,0.0,6.842698132962639,False
1096.6000000000981,26.57865093351868,26.57865093351868,3.4213490664813193,6.842698132962639,0.0,6.842698132962639,False
1097.1000000000977,26.57865093351868,26.57865093351868,3.4213490664813193,6.842698132962639,0.0,6.842698132962639,False
1097.6000000000972,26.57865093351868,26.57865093351868,3.4213490664813193,6.842698132962639,0.0,6.842698132962639,False
1098.1000000000968,26.57865093351868,26.57865093351868,3.4213490664813193,6.842698132962639,0.0,6.842698132962639,False
1098.6000000000963,26.57865093351868,26.57865093351868,3.4213490664813193,6.842698132962639,0.0,6.842698132962639,False
1099.1000000000959,26.57865093351868,26.57865093351868,3.4213490664813193,6.842698132962639,0.0,6.842698132962639,False
1099.6000000000954,26.57865093351868,26.57865093351868,3.4213490664813193,6.842698132962639,0.0,6.842698132962639,False
1100.100000000095,26.57865093351868,26.57865093351868,3.4213490664813193,6.842698132962639,0.0,6.842698132962639,False
1100.6000000000945,26.57865093351868,26.57865093351868,3.4213490664813193,6.842698132962639,0.0,6.842698132962639,False
1101.100000000094,26.57865093351868,26.57865093351868,3.4213490664813193,6.842698132962639,0.0,6.842698132962639,False
1101.6000000000936,26.57865093351868,26.57865093351868,3.4213490664813193,6.842698132962639,0.0,6.842698132962639,False
1102.1000000000931,26.57865093351868,26.57865093351868,3.4213490664813193,6.842698132962639,0.0,6.842698132962639,False
1102.6000000000927,26.57865093351868,26.57865093351868,3.4213490664813193,6.842698132962639,0.0,6.842698132962639,False
1103.1000000000922,26.57865093351868,26.57865093351868,3.4213490664813193,6.842698132962639,0.0,6.842698132962639,False
1103.6000000000918,26.57865093351868,26.57865093351868,3.4213490664813193,6.842698132962639,0.0,6.842698132962639,False
1104.1000000000913,26.57865093351868,26.57865093351868,3.4213490664813193,6.842698132962639,0.0,6.842698132962639,False
1104.6000000000909,26.57865093351868,26.57865093351868,3.4213490664813193,6.842698132962639,0.0,6.842698132962639,False
1105.1000000000904,26.57865093351868,26.57865093351868,3.4213490664813193,6.842698132962639,0.0,6.842698132962639,False
1105.60000000009,26.57865093351868,26.57865093351868,3.4213490664813193,6.842698132962639,0.0,6.842698132962639,False
1106.1000000000895,26.57865093351868,26.57865093351868,3.4213490664813193,6.842698132962639,0.0,6.842698132962639,False
1106.600000000089,26.57865093351868,26.57865093351868,3.4213490664813193,6.842698132962639,0.0,6.842698132962639,False
1107.1000000000886,26.57865093351868,26.57865093351868,3.4213490664813193,6.842698132962639,0.0,6.842698132962639,False
1107.6000000000881,26.57865093351868,26.57865093351868,3.4213490664813193,6.842698132962639,0.0,6.842698132962639,False
1108.1000000000877,26.57865093351868,26.57865093351868,3.4213490664813193,6.842698132962639,0.0,6.842698132962639,False
1108.6000000000872,26.57865093351868,26.57865093351868,3.4213490664813193,6.842698132962639,0.0,6.842698132962639,False
1109.1000000000868,26.57865093351868,26.57865093351868,3.4213490664813193,6.842698132962639,0.0,6.842698132962639,False
1109.6000000000863,26.57865093351868,26.57865093351868,3.4213490664813193,6.842698132962639,0.0,6.842698132962639,False
1110.1000000000859,26.57865093351868,26.57865093351868,3.4213490664813193,6.842698132962639,0.0,6.842698132962639,False
1110.6000000000854,26.57865093351868,26.57865093351868,3.4213490664813193,6.842698132962639,0.0,6.842698132962639,False
1111.100000000085,26.57865093351868,26.57865093351868,3.4213490664813193,6.842698132962639,0.0,6.842698132962639,False
1111.6000000000845,26.57865093351868,26.57865093351868,3.4213490664813193,6.842698132962639,0.0,6.842698132962639,False
1112.100000000084,26.57865093351868,26.57865093351868,3.4213490664813193,6.842698132962639,0.0,6.842698132962639,False
1112.6000000000836,26.57865093351868,26.57865093351868,3.4213490664813193,6.842698132962639,0.0,6.842698132962639,False
1113.1000000000831,26.57865093351868,26.57865093351868,3.4213490664813193,6.842698132962639,0.0,6.842698132962639,False
1113.6000000000827,26.57865093351868,26.57865093351868,3.4213490664813193,6.842698132962639,0.0,6.842698132962639,False
1114.1000000000822,26.57865093351868,26.57865093351868,3.4213490664813193,6.842698132962639,0.0,6.842698132962639,False
1114.6000000000818,26.57865093351868,26.57865093351868,3.4213490664813193,6.842698132962639,0.0,6.842698132962639,False
1115.1000000000813,26.57865093351868,26.57865093351868,3.4213490664813193,6.842698132962639,0.0,6.842698132962639,False
1115.6000000000809,26.57865093351868,26.57865093351868,3.4213490664813193,6.842698132962639,0.0,6.842698132962639,False
1116.1000000000804,26.57865093351868,26.57865093351868,3.4213490664813193,6.842698132962639,0.0,6.842698132962639,False
1116.60000000008,26.57865093351868,26.57865093351868,3.4213490664813193,6.842698132962639,0.0,6.842698132962639,False
1117.1000000000795,26.57865093351868,26.57865093351868,3.4213490664813193,6.842698132962639,0.0,6.842698132962639,False
1117.600000000079,26.57865093351868,26.57865093351868,3.4213490664813193,6.842698132962639,0.0,6.842698132962639,False
1118.1000000000786,26.57865093351868,26.57865093351868,3.4213490664813193,6.842698132962639,0.0,6.842698132962639,False
1118.6000000000781,26.57865093351868,26.57865093351868,3.4213490664813193,6.842698132962639,0.0,6.842698132962639,False
1119.1000000000777,26.57865093351868,26.57865093351868,3.4213490664813193,6.842698132962639,0.0,6.842698132962639,False
1119.6000000000772,26.57865093351868,26.57865093351868,3.4213490664813193,6.842698132962639,0.0,6.842698132962639,False
1120.1000000000768,26.57865093351868,26.57865093351868,3.4213490664813193,6.842698132962639,0.0,6.842698132962639,False
1120.6000000000763,26.57865093351868,26.57865093351868,3.4213490664813193,6.842698132962639,0.0,6.842698132962639,False
1121.1000000000759,26.57865093351868,26.57865093351868,3.4213490664813193,6.842698132962639,0.0,6.842698132962639,False
1121.6000000000754,26.57865093351868,26.57865093351868,3.4213490664813193,6.842698132962639,0.0,6.842698132962639,False
1122.100000000075,26.57865093351868,26.57865093351868,3.4213490664813193,6.842698132962639,0.0,6.842698132962639,False
1122.6000000000745,26.57865093351868,26.57865093351868,3.4213490664813193,6.842698132962639,0.0,6.842698132962639,False
1123.100000000074,26.57865093351868,26.57865093351868,3.4213490664813193,6.842698132962639,0.0,6.842698132962639,False
1123.6000000000736,26.57865093351868,26.57865093351868,3.4213490664813193,6.842698132962639,0.0,6.842698132962639,False
1124.1000000000731,26.57865093351868,26.57865093351868,3.4213490664813193,6.842698132962639,0.0,6.842698132962639,False
1124.6000000000727,26.57865093351868,26.57865093351868,3.4213490664813193,6.842698132962639,0.0,6.842698132962639,False
1125.1000000000722,26.57865093351868,26.57865093351868,3.4213490664813193,6.842698132962639,0.0,6.842698132962639,False
1125.6000000000718,26.57865093351868,26.57865093351868,3.4213490664813193,6.842698132962639,0.0,6.842698132962639,False
1126.1000000000713,26.57865093351868,26.57865093351868,3.4213490664813193,6.842698132962639,0.0,6.842698132962639,False
1126.6000000000708,26.57865093351868,26.57865093351868,3.4213490664813193,6.842698132962639,0.0,6.842698132962639,False
1127.1000000000704,26.57865093351868,26.57865093351868,3.4213490664813193,6.842698132962639,0.0,6.842698132962639,False
1127.60000000007,26.57865093351868,26.57865093351868,3.4213490664813193,6.842698132962639,0.0,6.842698132962639,False
1128.1000000000695,26.57865093351868,26.57865093351868,3.4213490664813193,6.842698132962639,0.0,6.842698132962639,False
1128.600000000069,26.57865093351868,26.57865093351868,3.4213490664813193,6.842698132962639,0.0,6.842698132962639,False
1129.1000000000686,26.57865093351868,26.57865093351868,3.4213490664813193,6.842698132962639,0.0,6.842698132962639,False
1129.6000000000681,26.57865093351868,26.57865093351868,3.4213490664813193,6.842698132962639,0.0,6.842698132962639,False
1130.1000000000677,26.57865093351868,26.57865093351868,3.4213490664813193,6.842698132962639,0.0,6.842698132962639,False
1130.6000000000672,26.57865093351868,26.57865093351868,3.4213490664813193,6.842698132962639,0.0,6.842698132962639,False
1131.1000000000668,26.57865093351868,26.57865093351868,3.4213490664813193,6.842698132962639,0.0,6.842698132962639,False
1131.6000000000663,26.57865093351868,26.57865093351868,3.4213490664813193,6.842698132962639,0.0,6.842698132962639,False
1132.1000000000658,26.57865093351868,26.57865093351868,3.4213490664813193,6.842698132962639,0.0,6.842698132962639,False
1132.6000000000654,26.57865093351868,26.57865093351868,3.4213490664813193,6.842698132962639,0.0,6.842698132962639,False
1133.100000000065,26.57865093351868,26.57865093351868,3.4213490664813193,6.842698132962639,0.0,6.842698132962639,False
1133.6000000000645,26.57865093351868,26.57865093351868,3.4213490664813193,6.842698132962639,0.0,6.842698132962639,False
1134.100000000064,26.57865093351868,26.57865093351868,3.4213490664813193,6.842698132962639,0.0,6.842698132962639,False
1134.6000000000636,26.57865093351868,26.57865093351868,3.4213490664813193,6.842698132962639,0.0,6.842698132962639,False
1135.1000000000631,26.57865093351868,26.57865093351868,3.4213490664813193,6.842698132962639,0.0,6.842698132962639,False
1135.6000000000627,26.57865093351868,26.57865093351868,3.4213490664813193,6.842698132962639,0.0,6.842698132962639,False
1136.1000000000622,26.57865093351868,26.57865093351868,3.4213490664813193,6.842698132962639,0.0,6.842698132962639,False
1136.6000000000618,26.57865093351868,26.57865093351868,3.4213490664813193,6.842698132962639,0.0,6.842698132962639,False
1137.1000000000613,26.57865093351868,26.57865093351868,3.4213490664813193,6.842698132962639,0.0,6.842698132962639,False
1137.6000000000608,26.57865093351868,26.57865093351868,3.4213490664813193,6.842698132962639,0.0,6.842698132962639,False
1138.1000000000604,26.57865093351868,26.57865093351868,3.4213490664813193,6.842698132962639,0.0,6.842698132962639,False
1138.60000000006,26.57865093351868,26.57865093351868,3.4213490664813193,6.842698132962639,0.0,6.842698132962639,False
1139.1000000000595,26.57865093351868,26.57865093351868,3.4213490664813193,6.842698132962639,0.0,6.842698132962639,False
1139.600000000059,26.57865093351868,26.57865093351868,3.4213490664813193,6.842698132962639,0.0,6.842698132962639,False
1140.1000000000586,26.57865093351868,26.57865093351868,3.4213490664813193,6.842698132962639,0.0,6.842698132962639,False
1140.6000000000581,26.57865093351868,26.57865093351868,3.4213490664813193,6.842698132962639,0.0,6.842698132962639,False
1141.1000000000577,26.57865093351868,26.57865093351868,3.4213490664813193,6.842698132962639,0.0,6.842698132962639,False
1141.6000000000572,26.57865093351868,26.57865093351868,3.4213490664813193,6.842698132962639,0.0,6.842698132962639,False
1142.1000000000568,26.57865093351868,26.57865093351868,3.4213490664813193,6.842698132962639,0.0,6.842698132962639,False
1142.6000000000563,26.57865093351868,26.57865093351868,3.4213490664813193,6.842698132962639,0.0,6.842698132962639,False
1143.1000000000558,26.57865093351868,26.57865093351868,3.4213490664813193,6.842698132962639,0.0,6.842698132962639,False
1143.6000000000554,26.57865093351868,26.57865093351868,3.4213490664813193,6.842698132962639,0.0,6.842698132962639,False
1144.100000000055,26.57865093351868,26.57865093351868,3.4213490664813193,6.842698132962639,0.0,6.842698132962639,False
1144.6000000000545,26.57865093351868,26.57865093351868,3.4213490664813193,6.842698132962639,0.0,6.842698132962639,False
1145.100000000054,26.57865093351868,26.57865093351868,3.4213490664813193,6.842698132962639,0.0,6.842698132962639,False
1145.6000000000536,26.57865093351868,26.57865093351868,3.4213490664813193,6.842698132962639,0.0,6.842698132962639,False
1146.1000000000531,26.57865093351868,26.57865093351868,3.4213490664813193,6.842698132962639,0.0,6.842698132962639,False
1146.6000000000527,26.57865093351868,26.57865093351868,3.4213490664813193,6.842698132962639,0.0,6.842698132962639,False
1147.1000000000522,26.57865093351868,26.57865093351868,3.4213490664813193,6.842698132962639,0.0,6.842698132962639,False
1147.6000000000518,26.57865093351868,26.57865093351868,3.4213490664813193,6.842698132962639,0.0,6.842698132962639,False
1148.1000000000513,26.57865093351868,26.57865093351868,3.4213490664813193,6.842698132962639,0.0,6.842698132962639,False
1148.6000000000508,26.57865093351868,26.57865093351868,3.4213490664813193,6.842698132962639,0.0,6.842698132962639,False
1149.1000000000504,26.57865093351868,26.57865093351868,3.4213490664813193,6.842698132962639,0.0,6.842698132962639,False
1149.60000000005,26.57865093351868,26.57865093351868,3.4213490664813193,6.842698132962639,0.0,6.842698132962639,False
1150.1000000000495,26.57865093351868,26.57865093351868,3.4213490664813193,6.842698132962639,0.0,6.842698132962639,False
1150.600000000049,26.57865093351868,26.57865093351868,3.4213490664813193,6.842698132962639,0.0,6.842698132962639,False
1151.1000000000486,26.57865093351868,26.57865093351868,3.4213490664813193,6.842698132962639,0.0,6.842698132962639,False
1151.600000000048,26.57865093351868,26.57865093351868,3.4213490664813193,6.842698132962639,0.0,6.842698132962639,False
1152.1000000000477,26.57865093351868,26.57865093351868,3.4213490664813193,6.842698132962639,0.0,6.842698132962639,False
1152.6000000000472,26.57865093351868,26.57865093351868,3.4213490664813193,6.842698132962639,0.0,6.842698132962639,False
1153.1000000000467,26.57865093351868,26.57865093351868,3.4213490664813193,6.842698132962639,0.0,6.842698132962639,False
1153.6000000000463,26.57865093351868,26.57865093351868,3.4213490664813193,6.842698132962639,0.0,6.842698132962639,False
1154.1000000000458,26.57865093351868,26.57865093351868,3.4213490664813193,6.842698132962639,0.0,6.842698132962639,False
1154.6000000000454,26.57865093351868,26.57865093351868,3.4213490664813193,6.842698132962639,0.0,6.842698132962639,False
1155.100000000045,26.57865093351868,26.57865093351868,3.4213490664813193,6.842698132962639,0.0,6.842698132962639,False
1155.6000000000445,26.57865093351868,26.57865093351868,3.4213490664813193,6.842698132962639,0.0,6.842698132962639,False
1156.100000000044,26.57865093351868,26.57865093351868,3.4213490664813193,6.842698132962639,0.0,6.842698132962639,False
1156.6000000000436,26.57865093351868,26.57865093351868,3.4213490664813193,6.842698132962639,0.0,6.842698132962639,False
1157.100000000043,26.57865093351868,26.57865093351868,3.4213490664813193,6.842698132962639,0.0,6.842698132962639,False
1157.6000000000427,26.57865093351868,26.57865093351868,3.4213490664813193,6.842698132962639,0.0,6.842698132962639,False
1158.1000000000422,26.57865093351868,26.57865093351868,3.4213490664813193,6.842698132962639,0.0,6.842698132962639,False
1158.6000000000417,26.57865093351868,26.57865093351868,3.4213490664813193,6.842698132962639,0.0,6.842698132962639,False
1159.1000000000413,26.57865093351868,26.57865093351868,3.4213490664813193,6.842698132962639,0.0,6.842698132962639,False
1159.6000000000408,26.57865093351868,26.57865093351868,3.4213490664813193,6.842698132962639,0.0,6.842698132962639,False
1160.1000000000404,26.57865093351868,26.57865093351868,3.4213490664813193,6.842698132962639,0.0,6.842698132962639,False
1160.60000000004,26.57865093351868,26.57865093351868,3.4213490664813193,6.842698132962639,0.0,6.842698132962639,False
1161.1000000000395,26.57865093351868,26.57865093351868,3.4213490664813193,6.842698132962639,0.0,6.842698132962639,False
1161.600000000039,26.57865093351868,26.57865093351868,3.4213490664813193,6.842698132962639,0.0,6.842698132962639,False
1162.1000000000386,26.57865093351868,26.57865093351868,3.4213490664813193,6.842698132962639,0.0,6.842698132962639,False
1162.600000000038,26.57865093351868,26.57865093351868,3.4213490664813193,6.842698132962639,0.0,6.842698132962639,False
1163.1000000000377,26.57865093351868,26.57865093351868,3.4213490664813193,6.842698132962639,0.0,6.842698132962639,False
1163.6000000000372,26.57865093351868,26.57865093351868,3.4213490664813193,6.842698132962639,0.0,6.842698132962639,False
1164.1000000000367,26.57865093351868,26.57865093351868,3.4213490664813193,6.842698132962639,0.0,6.842698132962639,False
1164.6000000000363,26.57865093351868,26.57865093351868,3.4213490664813193,6.842698132962639,0.0,6.842698132962639,False
1165.1000000000358,26.57865093351868,26.57865093351868,3.4213490664813193,6.842698132962639,0.0,6.842698132962639,False
1165.6000000000354,26.57865093351868,26.57865093351868,3.4213490664813193,6.842698132962639,0.0,6.842698132962639,False
1166.100000000035,26.57865093351868,26.57865093351868,3.4213490664813193,6.842698132962639,0.0,6.842698132962639,False
1166.6000000000345,26.57865093351868,26.57865093351868,3.4213490664813193,6.842698132962639,0.0,6.842698132962639,False
1167.100000000034,26.57865093351868,26.57865093351868,3.4213490664813193,6.842698132962639,0.0,6.842698132962639,False
1167.6000000000336,26.57865093351868,26.57865093351868,3.4213490664813193,6.842698132962639,0.0,6.842698132962639,False
1168.100000000033,26.57865093351868,26.57865093351868,3.4213490664813193,6.842698132962639,0.0,6.842698132962639,False
1168.6000000000327,26.57865093351868,26.57865093351868,3.4213490664813193,6.842698132962639,0.0,6.842698132962639,False
1169.1000000000322,26.57865093351868,26.57865093351868,3.4213490664813193,6.842698132962639,0.0,6.842698132962639,False
1169.6000000000317,26.57865093351868,26.57865093351868,3.4213490664813193,6.842698132962639,0.0,6.842698132962639,False
1170.1000000000313,26.57865093351868,26.57865093351868,3.4213490664813193,6.842698132962639,0.0,6.842698132962639,False
1170.6000000000308,26.57865093351868,26.57865093351868,3.4213490664813193,6.842698132962639,0.0,6.842698132962639,False
1171.1000000000304,26.57865093351868,26.57865093351868,3.4213490664813193,6.842698132962639,0.0,6.842698132962639,False
1171.60000000003,26.57865093351868,26.57865093351868,3.4213490664813193,6.842698132962639,0.0,6.842698132962639,False
1172.1000000000295,26.57865093351868,26.57865093351868,3.4213490664813193,6.842698132962639,0.0,6.842698132962639,False
1172.600000000029,26.57865093351868,26.57865093351868,3.4213490664813193,6.842698132962639,0.0,6.842698132962639,False
1173.1000000000286,26.57865093351868,26.57865093351868,3.4213490664813193,6.842698132962639,0.0,6.842698132962639,False
1173.600000000028,26.57865093351868,26.57865093351868,3.4213490664813193,6.842698132962639,0.0,6.842698132962639,False
1174.1000000000276,26.57865093351868,26.57865093351868,3.4213490664813193,6.842698132962639,0.0,6.842698132962639,False
1174.6000000000272,26.57865093351868,26.57865093351868,3.4213490664813193,6.842698132962639,0.0,6.842698132962639,False
1175.1000000000267,26.57865093351868,26.57865093351868,3.4213490664813193,6.842698132962639,0.0,6.842698132962639,False
1175.6000000000263,26.57865093351868,26.57865093351868,3.4213490664813193,6.842698132962639,0.0,6.842698132962639,False
1176.1000000000258,26.57865093351868,26.57865093351868,3.4213490664813193,6.842698132962639,0.0,6.842698132962639,False
1176.6000000000254,26.57865093351868,26.57865093351868,3.4213490664813193,6.842698132962639,0.0,6.842698132962639,False
1177.100000000025,26.57865093351868,26.57865093351868,3.4213490664813193,6.842698132962639,0.0,6.842698132962639,False
1177.6000000000245,26.57865093351868,26.57865093351868,3.4213490664813193,6.842698132962639,0.0,6.842698132962639,False
1178.100000000024,26.57865093351868,26.57865093351868,3.4213490664813193,6.842698132962639,0.0,6.842698132962639,False
1178.6000000000236,26.57865093351868,26.57865093351868,3.4213490664813193,6.842698132962639,0.0,6.842698132962639,False
1179.100000000023,26.57865093351868,26.57865093351868,3.4213490664813193,6.842698132962639,0.0,6.842698132962639,False
1179.6000000000226,26.57865093351868,26.57865093351868,3.4213490664813193,6.842698132962639,0.0,6.842698132962639,False
1180.1000000000222,26.57865093351868,26.57865093351868,3.4213490664813193,6.842698132962639,0.0,6.842698132962639,False
1180.6000000000217,26.57865093351868,26.57865093351868,3.4213490664813193,6.842698132962639,0.0,6.842698132962639,False
1181.1000000000213,26.57865093351868,26.57865093351868,3.4213490664813193,6.842698132962639,0.0,6.842698132962639,False
1181.6000000000208,26.57865093351868,26.57865093351868,3.4213490664813193,6.842698132962639,0.0,6.842698132962639,False
1182.1000000000204,26.57865093351868,26.57865093351868,3.4213490664813193,6.842698132962639,0.0,6.842698132962639,False
1182.60000000002,26.57865093351868,26.57865093351868,3.4213490664813193,6.842698132962639,0.0,6.842698132962639,False
1183.1000000000195,26.57865093351868,26.57865093351868,3.4213490664813193,6.842698132962639,0.0,6.842698132962639,False
1183.600000000019,26.57865093351868,26.57865093351868,3.4213490664813193,6.842698132962639,0.0,6.842698132962639,False
1184.1000000000186,26.57865093351868,26.57865093351868,3.4213490664813193,6.842698132962639,0.0,6.842698132962639,False
1184.600000000018,26.57865093351868,26.57865093351868,3.4213490664813193,6.842698132962639,0.0,6.842698132962639,False
1185.1000000000176,26.57865093351868,26.57865093351868,3.4213490664813193,6.842698132962639,0.0,6.842698132962639,False
1185.6000000000172,26.57865093351868,26.57865093351868,3.4213490664813193,6.842698132962639,0.0,6.842698132962639,False
1186.1000000000167,26.57865093351868,26.57865093351868,3.4213490664813193,6.842698132962639,0.0,6.842698132962639,False
1186.6000000000163,26.57865093351868,26.57865093351868,3.4213490664813193,6.842698132962639,0.0,6.842698132962639,False
1187.1000000000158,26.57865093351868,26.57865093351868,3.4213490664813193,6.842698132962639,0.0,6.842698132962639,False
1187.6000000000154,26.57865093351868,26.57865093351868,3.4213490664813193,6.842698132962639,0.0,6.842698132962639,False
1188.100000000015,26.57865093351868,26.57865093351868,3.4213490664813193,6.842698132962639,0.0,6.842698132962639,False
1188.6000000000145,26.57865093351868,26.57865093351868,3.4213490664813193,6.842698132962639,0.0,6.842698132962639,False
1189.100000000014,26.57865093351868,26.57865093351868,3.4213490664813193,6.842698132962639,0.0,6.842698132962639,False
1189.6000000000136,26.57865093351868,26.57865093351868,3.4213490664813193,6.842698132962639,0.0,6.842698132962639,False
1190.100000000013,26.57865093351868,26.57865093351868,3.4213490664813193,6.842698132962639,0.0,6.842698132962639,False
1190.6000000000126,26.57865093351868,26.57865093351868,3.4213490664813193,6.842698132962639,0.0,6.842698132962639,False
1191.1000000000122,26.57865093351868,26.57865093351868,3.4213490664813193,6.842698132962639,0.0,6.842698132962639,False
1191.6000000000117,26.57865093351868,26.57865093351868,3.4213490664813193,6.842698132962639,0.0,6.842698132962639,False
1192.1000000000113,26.57865093351868,26.57865093351868,3.4213490664813193,6.842698132962639,0.0,6.842698132962639,False
1192.6000000000108,26.57865093351868,26.57865093351868,3.4213490664813193,6.842698132962639,0.0,6.842698132962639,False
1193.1000000000104,26.57865093351868,26.57865093351868,3.4213490664813193,6.842698132962639,0.0,6.842698132962639,False
1193.60000000001,26.57865093351868,26.57865093351868,3.4213490664813193,6.842698132962639,0.0,6.842698132962639,False
1194.1000000000095,26.57865093351868,26.57865093351868,3.4213490664813193,6.842698132962639,0.0,6.842698132962639,False
1194.600000000009,26.57865093351868,26.57865093351868,3.4213490664813193,6.842698132962639,0.0,6.842698132962639,False
1195.1000000000085,26.57865093351868,26.57865093351868,3.4213490664813193,6.842698132962639,0.0,6.842698132962639,False
1195.600000000008,26.57865093351868,26.57865093351868,3.4213490664813193,6.842698132962639,0.0,6.842698132962639,False
1196.1000000000076,26.57865093351868,26.57865093351868,3.4213490664813193,6.842698132962639,0.0,6.842698132962639,False
1196.6000000000072,26.57865093351868,26.57865093351868,3.4213490664813193,6.842698132962639,0.0,6.842698132962639,False
1197.1000000000067,26.57865093351868,26.57865093351868,3.4213490664813193,6.842698132962639,0.0,6.842698132962639,False
1197.6000000000063,26.57865093351868,26.57865093351868,3.4213490664813193,6.842698132962639,0.0,6.842698132962639,False
1198.1000000000058,26.57865093351868,26.57865093351868,3.4213490664813193,6.842698132962639,0.0,6.842698132962639,False
1198.6000000000054,26.57865093351868,26.57865093351868,3.4213490664813193,6.842698132962639,0.0,6.842698132962639,False
1199.100000000005,26.57865093351868,26.57865093351868,3.4213490664813193,6.842698132962639,0.0,6.842698132962639,False
1199.6000000000045,26.57865093351868,26.57865093351868,3.4213490664813193,6.842698132962639,0.0,6.842698132962639,False
1200.100000000004,26.57865093351868,26.57865093351868,3.4213490664813193,6.842698132962639,0.0,6.842698132962639,False
1200.6000000000035,26.57865093351868,26.57865093351868,3.4213490664813193,6.842698132962639,0.0,6.842698132962639,False
1201.100000000003,26.57865093351868,26.57865093351868,3.4213490664813193,6.842698132962639,0.0,6.842698132962639,False
1201.6000000000026,26.57865093351868,26.57865093351868,3.4213490664813193,6.842698132962639,0.0,6.842698132962639,False
1202.1000000000022,26.57865093351868,26.57865093351868,3.4213490664813193,6.842698132962639,0.0,6.842698132962639,False
1202.6000000000017,26.57865093351868,26.57865093351868,3.4213490664813193,6.842698132962639,0.0,6.842698132962639,False
1203.1000000000013,26.57865093351868,26.57865093351868,3.4213490664813193,6.842698132962639,0.0,6.842698132962639,False
1203.6000000000008,26.57865093351868,26.57865093351868,3.4213490664813193,6.842698132962639,0.0,6.842698132962639,False
1204.1000000000004,26.57865093351868,26.57865093351868,3.4213490664813193,6.842698132962639,0.0,6.842698132962639,False
1204.6,26.57865093351868,26.57865093351868,3.4213490664813193,6.842698132962639,0.0,6.842698132962639,False
1205.0999999999995,26.57865093351868,26.57865093351868,3.4213490664813193,6.842698132962639,0.0,6.842698132962639,False
1205.599999999999,26.57865093351868,26.57865093351868,3.4213490664813193,6.842698132962639,0.0,6.842698132962639,False
1206.0999999999985,26.57865093351868,26.57865093351868,3.4213490664813193,6.842698132962639,0.0,6.842698132962639,False
1206.599999999998,26.57865093351868,26.57865093351868,3.4213490664813193,6.842698132962639,0.0,6.842698132962639,False
1207.0999999999976,26.57865093351868,26.57865093351868,3.4213490664813193,6.842698132962639,0.0,6.842698132962639,False
1207.5999999999972,26.57865093351868,26.57865093351868,3.4213490664813193,6.842698132962639,0.0,6.842698132962639,False
1208.0999999999967,26.57865093351868,26.57865093351868,3.4213490664813193,6.842698132962639,0.0,6.842698132962639,False
1208.5999999999963,26.57865093351868,26.57865093351868,3.4213490664813193,6.842698132962639,0.0,6.842698132962639,False
1209.0999999999958,26.57865093351868,26.57865093351868,3.4213490664813193,6.842698132962639,0.0,6.842698132962639,False
1209.5999999999954,26.57865093351868,26.57865093351868,3.4213490664813193,6.842698132962639,0.0,6.842698132962639,False
1210.099999999995,26.57865093351868,26.57865093351868,3.4213490664813193,6.842698132962639,0.0,6.842698132962639,False
1210.5999999999945,26.57865093351868,26.57865093351868,3.4213490664813193,6.842698132962639,0.0,6.842698132962639,False
1211.099999999994,26.57865093351868,26.57865093351868,3.4213490664813193,6.842698132962639,0.0,6.842698132962639,False
1211.5999999999935,26.57865093351868,26.57865093351868,3.4213490664813193,6.842698132962639,0.0,6.842698132962639,False
1212.099999999993,26.57865093351868,26.57865093351868,3.4213490664813193,6.842698132962639,0.0,6.842698132962639,False
1212.5999999999926,26.57865093351868,26.57865093351868,3.4213490664813193,6.842698132962639,0.0,6.842698132962639,False
1213.0999999999922,26.57865093351868,26.57865093351868,3.4213490664813193,6.842698132962639,0.0,6.842698132962639,False
1213.5999999999917,26.57865093351868,26.57865093351868,3.4213490664813193,6.842698132962639,0.0,6.842698132962639,False
1214.0999999999913,26.57865093351868,26.57865093351868,3.4213490664813193,6.842698132962639,0.0,6.842698132962639,False
1214.5999999999908,26.57865093351868,26.57865093351868,3.4213490664813193,6.842698132962639,0.0,6.842698132962639,False
1215.0999999999904,26.57865093351868,26.57865093351868,3.4213490664813193,6.842698132962639,0.0,6.842698132962639,False
1215.59999999999,26.57865093351868,26.57865093351868,3.4213490664813193,6.842698132962639,0.0,6.842698132962639,False
1216.0999999999894,26.57865093351868,26.57865093351868,3.4213490664813193,6.842698132962639,0.0,6.842698132962639,False
1216.599999999989,26.57865093351868,26.57865093351868,3.4213490664813193,6.842698132962639,0.0,6.842698132962639,False
1217.0999999999885,26.57865093351868,26.57865093351868,3.4213490664813193,6.842698132962639,0.0,6.842698132962639,False
1217.599999999988,26.57865093351868,26.57865093351868,3.4213490664813193,6.842698132962639,0.0,6.842698132962639,False
1218.0999999999876,26.57865093351868,26.57865093351868,3.4213490664813193,6.842698132962639,0.0,6.842698132962639,False
1218.5999999999872,26.57865093351868,26.57865093351868,3.4213490664813193,6.842698132962639,0.0,6.842698132962639,False
1219.0999999999867,26.57865093351868,26.57865093351868,3.4213490664813193,6.842698132962639,0.0,6.842698132962639,False
1219.5999999999863,26.57865093351868,26.57865093351868,3.4213490664813193,6.842698132962639,0.0,6.842698132962639,False
1220.0999999999858,26.57865093351868,26.57865093351868,3.4213490664813193,6.842698132962639,0.0,6.842698132962639,False
1220.5999999999854,26.57865093351868,26.57865093351868,3.4213490664813193,6.842698132962639,0.0,6.842698132962639,False
1221.099999999985,26.57865093351868,26.57865093351868,3.4213490664813193,6.842698132962639,0.0,6.842698132962639,False
1221.5999999999844,26.57865093351868,26.57865093351868,3.4213490664813193,6.842698132962639,0.0,6.842698132962639,False
1222.099999999984,26.57865093351868,26.57865093351868,3.4213490664813193,6.842698132962639,0.0,6.842698132962639,False
1222.5999999999835,26.57865093351868,26.57865093351868,3.4213490664813193,6.842698132962639,0.0,6.842698132962639,False
1223.099999999983,26.57865093351868,26.57865093351868,3.4213490664813193,6.842698132962639,0.0,6.842698132962639,False
1223.5999999999826,26.57865093351868,26.57865093351868,3.4213490664813193,6.842698132962639,0.0,6.842698132962639,False
1224.0999999999822,26.57865093351868,26.57865093351868,3.4213490664813193,6.842698132962639,0.0,6.842698132962639,False
1224.5999999999817,26.57865093351868,26.57865093351868,3.4213490664813193,6.842698132962639,0.0,6.842698132962639,False
1225.0999999999813,26.57865093351868,26.57865093351868,3.4213490664813193,6.842698132962639,0.0,6.842698132962639,False
1225.5999999999808,26.57865093351868,26.57865093351868,3.4213490664813193,6.842698132962639,0.0,6.842698132962639,False
1226.0999999999804,26.57865093351868,26.57865093351868,3.4213490664813193,6.842698132962639,0.0,6.842698132962639,False
1226.59999999998,26.57865093351868,26.57865093351868,3.4213490664813193,6.842698132962639,0.0,6.842698132962639,False
1227.0999999999794,26.57865093351868,26.57865093351868,3.4213490664813193,6.842698132962639,0.0,6.842698132962639,False
1227.599999999979,26.57865093351868,26.57865093351868,3.4213490664813193,6.842698132962639,0.0,6.842698132962639,False
1228.0999999999785,26.57865093351868,26.57865093351868,3.4213490664813193,6.842698132962639,0.0,6.842698132962639,False
1228.599999999978,26.57865093351868,26.57865093351868,3.4213490664813193,6.842698132962639,0.0,6.842698132962639,False
1229.0999999999776,26.57865093351868,26.57865093351868,3.4213490664813193,6.842698132962639,0.0,6.842698132962639,False
1229.5999999999772,26.57865093351868,26.57865093351868,3.4213490664813193,6.842698132962639,0.0,6.842698132962639,False
1230.0999999999767,26.57865093351868,26.57865093351868,3.4213490664813193,6.842698132962639,0.0,6.842698132962639,False
1230.5999999999763,26.57865093351868,26.57865093351868,3.4213490664813193,6.842698132962639,0.0,6.842698132962639,False
1231.0999999999758,26.57865093351868,26.57865093351868,3.4213490664813193,6.842698132962639,0.0,6.842698132962639,False
1231.5999999999754,26.57865093351868,26.57865093351868,3.4213490664813193,6.842698132962639,0.0,6.842698132962639,False
1232.099999999975,26.57865093351868,26.57865093351868,3.4213490664813193,6.842698132962639,0.0,6.842698132962639,False
1232.5999999999744,26.57865093351868,26.57865093351868,3.4213490664813193,6.842698132962639,0.0,6.842698132962639,False
1233.099999999974,26.57865093351868,26.57865093351868,3.4213490664813193,6.842698132962639,0.0,6.842698132962639,False
1233.5999999999735,26.57865093351868,26.57865093351868,3.4213490664813193,6.842698132962639,0.0,6.842698132962639,False
1234.099999999973,26.57865093351868,26.57865093351868,3.4213490664813193,6.842698132962639,0.0,6.842698132962639,False
1234.5999999999726,26.57865093351868,26.57865093351868,3.4213490664813193,6.842698132962639,0.0,6.842698132962639,False
1235.0999999999722,26.57865093351868,26.57865093351868,3.4213490664813193,6.842698132962639,0.0,6.842698132962639,False
1235.5999999999717,26.57865093351868,26.57865093351868,3.4213490664813193,6.842698132962639,0.0,6.842698132962639,False
1236.0999999999713,26.57865093351868,26.57865093351868,3.4213490664813193,6.842698132962639,0.0,6.842698132962639,False
1236.5999999999708,26.57865093351868,26.57865093351868,3.4213490664813193,6.842698132962639,0.0,6.842698132962639,False
1237.0999999999704,26.57865093351868,26.57865093351868,3.4213490664813193,6.842698132962639,0.0,6.842698132962639,False
1237.59999999997,26.57865093351868,26.57865093351868,3.4213490664813193,6.842698132962639,0.0,6.842698132962639,False
1238.0999999999694,26.57865093351868,26.57865093351868,3.4213490664813193,6.842698132962639,0.0,6.842698132962639,False
1238.599999999969,26.57865093351868,26.57865093351868,3.4213490664813193,6.842698132962639,0.0,6.842698132962639,False
1239.0999999999685,26.57865093351868,26.57865093351868,3.4213490664813193,6.842698132962639,0.0,6.842698132962639,False
1239.599999999968,26.57865093351868,26.57865093351868,3.4213490664813193,6.842698132962639,0.0,6.842698132962639,False
1240.0999999999676,26.57865093351868,26.57865093351868,3.4213490664813193,6.842698132962639,0.0,6.842698132962639,False
1240.5999999999672,26.57865093351868,26.57865093351868,3.4213490664813193,6.842698132962639,0.0,6.842698132962639,False
1241.0999999999667,26.57865093351868,26.57865093351868,3.4213490664813193,6.842698132962639,0.0,6.842698132962639,False
1241.5999999999663,26.57865093351868,26.57865093351868,3.4213490664813193,6.842698132962639,0.0,6.842698132962639,False
1242.0999999999658,26.57865093351868,26.57865093351868,3.4213490664813193,6.842698132962639,0.0,6.842698132962639,False
1242.5999999999653,26.57865093351868,26.57865093351868,3.4213490664813193,6.842698132962639,0.0,6.842698132962639,False
1243.099999999965,26.57865093351868,26.57865093351868,3.4213490664813193,6.842698132962639,0.0,6.842698132962639,False
1243.5999999999644,26.57865093351868,26.57865093351868,3.4213490664813193,6.842698132962639,0.0,6.842698132962639,False
1244.099999999964,26.57865093351868,26.57865093351868,3.4213490664813193,6.842698132962639,0.0,6.842698132962639,False
1244.5999999999635,26.57865093351868,26.57865093351868,3.4213490664813193,6.842698132962639,0.0,6.842698132962639,False
1245.099999999963,26.57865093351868,26.57865093351868,3.4213490664813193,6.842698132962639,0.0,6.842698132962639,False
1245.5999999999626,26.57865093351868,26.57865093351868,3.4213490664813193,6.842698132962639,0.0,6.842698132962639,False
1246.0999999999622,26.57865093351868,26.57865093351868,3.4213490664813193,6.842698132962639,0.0,6.842698132962639,False
1246.5999999999617,26.57865093351868,26.57865093351868,3.4213490664813193,6.842698132962639,0.0,6.842698132962639,False
1247.0999999999613,26.57865093351868,26.57865093351868,3.4213490664813193,6.842698132962639,0.0,6.842698132962639,False
1247.5999999999608,26.57865093351868,26.57865093351868,3.4213490664813193,6.842698132962639,0.0,6.842698132962639,False
1248.0999999999603,26.57865093351868,26.57865093351868,3.4213490664813193,6.842698132962639,0.0,6.842698132962639,False
1248.59999999996,26.57865093351868,26.57865093351868,3.4213490664813193,6.842698132962639,0.0,6.842698132962639,False
1249.0999999999594,26.57865093351868,26.57865093351868,3.4213490664813193,6.842698132962639,0.0,6.842698132962639,False
1249.599999999959,26.57865093351868,26.57865093351868,3.4213490664813193,6.842698132962639,0.0,6.842698132962639,False
1250.0999999999585,26.57865093351868,26.57865093351868,3.4213490664813193,6.842698132962639,0.0,6.842698132962639,False
1250.599999999958,26.57865093351868,26.57865093351868,3.4213490664813193,6.842698132962639,0.0,6.842698132962639,False
1251.0999999999576,26.57865093351868,26.57865093351868,3.4213490664813193,6.842698132962639,0.0,6.842698132962639,False
1251.5999999999572,26.57865093351868,26.57865093351868,3.4213490664813193,6.842698132962639,0.0,6.842698132962639,False
1252.0999999999567,26.57865093351868,26.57865093351868,3.4213490664813193,6.842698132962639,0.0,6.842698132962639,False
1252.5999999999563,26.57865093351868,26.57865093351868,3.4213490664813193,6.842698132962639,0.0,6.842698132962639,False
1253.0999999999558,26.57865093351868,26.57865093351868,3.4213490664813193,6.842698132962639,0.0,6.842698132962639,False
1253.5999999999553,26.57865093351868,26.57865093351868,3.4213490664813193,6.842698132962639,0.0,6.842698132962639,False
1254.099999999955,26.57865093351868,26.57865093351868,3.4213490664813193,6.842698132962639,0.0,6.842698132962639,False
1254.5999999999544,26.57865093351868,26.57865093351868,3.4213490664813193,6.842698132962639,0.0,6.842698132962639,False
1255.099999999954,26.57865093351868,26.57865093351868,3.4213490664813193,6.842698132962639,0.0,6.842698132962639,False
1255.5999999999535,26.57865093351868,26.57865093351868,3.4213490664813193,6.842698132962639,0.0,6.842698132962639,False
1256.099999999953,26.57865093351868,26.57865093351868,3.4213490664813193,6.842698132962639,0.0,6.842698132962639,False
1256.5999999999526,26.57865093351868,26.57865093351868,3.4213490664813193,6.842698132962639,0.0,6.842698132962639,False
1257.0999999999522,26.57865093351868,26.57865093351868,3.4213490664813193,6.842698132962639,0.0,6.842698132962639,False
1257.5999999999517,26.57865093351868,26.57865093351868,3.4213490664813193,6.842698132962639,0.0,6.842698132962639,False
1258.0999999999513,26.57865093351868,26.57865093351868,3.4213490664813193,6.842698132962639,0.0,6.842698132962639,False
1258.5999999999508,26.57865093351868,26.57865093351868,3.4213490664813193,6.842698132962639,0.0,6.842698132962639,False
1259.0999999999503,26.57865093351868,26.57865093351868,3.4213490664813193,6.842698132962639,0.0,6.842698132962639,False
1259.59999999995,26.57865093351868,26.57865093351868,3.4213490664813193,6.842698132962639,0.0,6.842698132962639,False
1260.0999999999494,26.57865093351868,26.57865093351868,3.4213490664813193,6.842698132962639,0.0,6.842698132962639,False
1260.599999999949,26.57865093351868,26.57865093351868,3.4213490664813193,6.842698132962639,0.0,6.842698132962639,False
1261.0999999999485,26.57865093351868,26.57865093351868,3.4213490664813193,6.842698132962639,0.0,6.842698132962639,False
1261.599999999948,26.57865093351868,26.57865093351868,3.4213490664813193,6.842698132962639,0.0,6.842698132962639,False
1262.0999999999476,26.57865093351868,26.57865093351868,3.4213490664813193,6.842698132962639,0.0,6.842698132962639,False
1262.5999999999472,26.57865093351868,26.57865093351868,3.4213490664813193,6.842698132962639,0.0,6.842698132962639,False
1263.0999999999467,26.57865093351868,26.57865093351868,3.4213490664813193,6.842698132962639,0.0,6.842698132962639,False
1263.5999999999462,26.57865093351868,26.57865093351868,3.4213490664813193,6.842698132962639,0.0,6.842698132962639,False
1264.0999999999458,26.57865093351868,26.57865093351868,3.4213490664813193,6.842698132962639,0.0,6.842698132962639,False
1264.5999999999453,26.57865093351868,26.57865093351868,3.4213490664813193,6.842698132962639,0.0,6.842698132962639,False
1265.0999999999449,26.57865093351868,26.57865093351868,3.4213490664813193,6.842698132962639,0.0,6.842698132962639,False
1265.5999999999444,26.57865093351868,26.57865093351868,3.4213490664813193,6.842698132962639,0.0,6.842698132962639,False
1266.099999999944,26.57865093351868,26.57865093351868,3.4213490664813193,6.842698132962639,0.0,6.842698132962639,False
1266.5999999999435,26.57865093351868,26.57865093351868,3.4213490664813193,6.842698132962639,0.0,6.842698132962639,False
1267.099999999943,26.57865093351868,26.57865093351868,3.4213490664813193,6.842698132962639,0.0,6.842698132962639,False
1267.5999999999426,26.57865093351868,26.57865093351868,3.4213490664813193,6.842698132962639,0.0,6.842698132962639,False
1268.0999999999422,26.57865093351868,26.57865093351868,3.4213490664813193,6.842698132962639,0.0,6.842698132962639,False
1268.5999999999417,26.57865093351868,26.57865093351868,3.4213490664813193,6.842698132962639,0.0,6.842698132962639,False
1269.0999999999412,26.57865093351868,26.57865093351868,3.4213490664813193,6.842698132962639,0.0,6.842698132962639,False
1269.5999999999408,26.57865093351868,26.57865093351868,3.4213490664813193,6.842698132962639,0.0,6.842698132962639,False
1270.0999999999403,26.57865093351868,26.57865093351868,3.4213490664813193,6.842698132962639,0.0,6.842698132962639,False
1270.5999999999399,26.57865093351868,26.57865093351868,3.4213490664813193,6.842698132962639,0.0,6.842698132962639,False
1271.0999999999394,26.57865093351868,26.57865093351868,3.4213490664813193,6.842698132962639,0.0,6.842698132962639,False
1271.599999999939,26.57865093351868,26.57865093351868,3.4213490664813193,6.842698132962639,0.0,6.842698132962639,False
1272.0999999999385,26.57865093351868,26.57865093351868,3.4213490664813193,6.842698132962639,0.0,6.842698132962639,False
1272.599999999938,26.57865093351868,26.57865093351868,3.4213490664813193,6.842698132962639,0.0,6.842698132962639,False
1273.0999999999376,26.57865093351868,26.57865093351868,3.4213490664813193,6.842698132962639,0.0,6.842698132962639,False
1273.5999999999372,26.57865093351868,26.57865093351868,3.4213490664813193,6.842698132962639,0.0,6.842698132962639,False
1274.0999999999367,26.57865093351868,26.57865093351868,3.4213490664813193,6.842698132962639,0.0,6.842698132962639,False
1274.5999999999362,26.57865093351868,26.57865093351868,3.4213490664813193,6.842698132962639,0.0,6.842698132962639,False
1275.0999999999358,26.57865093351868,26.57865093351868,3.4213490664813193,6.842698132962639,0.0,6.842698132962639,False
1275.5999999999353,26.57865093351868,26.57865093351868,3.4213490664813193,6.842698132962639,0.0,6.842698132962639,False
1276.0999999999349,26.57865093351868,26.57865093351868,3.4213490664813193,6.842698132962639,0.0,6.842698132962639,False
1276.5999999999344,26.57865093351868,26.57865093351868,3.4213490664813193,6.842698132962639,0.0,6.842698132962639,False
1277.099999999934,26.57865093351868,26.57865093351868,3.4213490664813193,6.842698132962639,0.0,6.842698132962639,False
1277.5999999999335,26.57865093351868,26.57865093351868,3.4213490664813193,6.842698132962639,0.0,6.842698132962639,False
1278.099999999933,26.57865093351868,26.57865093351868,3.4213490664813193,6.842698132962639,0.0,6.842698132962639,False
1278.5999999999326,26.57865093351868,26.57865093351868,3.4213490664813193,6.842698132962639,0.0,6.842698132962639,False
1279.0999999999322,26.57865093351868,26.57865093351868,3.4213490664813193,6.842698132962639,0.0,6.842698132962639,False
1279.5999999999317,26.57865093351868,26.57865093351868,3.4213490664813193,6.842698132962639,0.0,6.842698132962639,False
1280.0999999999312,26.57865093351868,26.57865093351868,3.4213490664813193,6.842698132962639,0.0,6.842698132962639,False
1280.5999999999308,26.57865093351868,26.57865093351868,3.4213490664813193,6.842698132962639,0.0,6.842698132962639,False
1281.0999999999303,26.57865093351868,26.57865093351868,3.4213490664813193,6.842698132962639,0.0,6.842698132962639,False
1281.5999999999299,26.57865093351868,26.57865093351868,3.4213490664813193,6.842698132962639,0.0,6.842698132962639,False
1282.0999999999294,26.57865093351868,26.57865093351868,3.4213490664813193,6.842698132962639,0.0,6.842698132962639,False
1282.599999999929,26.57865093351868,26.57865093351868,3.4213490664813193,6.842698132962639,0.0,6.842698132962639,False
1283.0999999999285,26.57865093351868,26.57865093351868,3.4213490664813193,6.842698132962639,0.0,6.842698132962639,False
1283.599999999928,26.57865093351868,26.57865093351868,3.4213490664813193,6.842698132962639,0.0,6.842698132962639,False
1284.0999999999276,26.57865093351868,26.57865093351868,3.4213490664813193,6.842698132962639,0.0,6.842698132962639,False
1284.5999999999271,26.57865093351868,26.57865093351868,3.4213490664813193,6.842698132962639,0.0,6.842698132962639,False
1285.0999999999267,26.57865093351868,26.57865093351868,3.4213490664813193,6.842698132962639,0.0,6.842698132962639,False
1285.5999999999262,26.57865093351868,26.57865093351868,3.4213490664813193,6.842698132962639,0.0,6.842698132962639,False
1286.0999999999258,26.57865093351868,26.57865093351868,3.4213490664813193,6.842698132962639,0.0,6.842698132962639,False
1286.5999999999253,26.57865093351868,26.57865093351868,3.4213490664813193,6.842698132962639,0.0,6.842698132962639,False
1287.0999999999249,26.57865093351868,26.57865093351868,3.4213490664813193,6.842698132962639,0.0,6.842698132962639,False
1287.5999999999244,26.57865093351868,26.57865093351868,3.4213490664813193,6.842698132962639,0.0,6.842698132962639,False
1288.099999999924,26.57865093351868,26.57865093351868,3.4213490664813193,6.842698132962639,0.0,6.842698132962639,False
1288.5999999999235,26.57865093351868,26.57865093351868,3.4213490664813193,6.842698132962639,0.0,6.842698132962639,False
1289.099999999923,26.57865093351868,26.57865093351868,3.4213490664813193,6.842698132962639,0.0,6.842698132962639,False
1289.5999999999226,26.57865093351868,26.57865093351868,3.4213490664813193,6.842698132962639,0.0,6.842698132962639,False
1290.0999999999221,26.57865093351868,26.57865093351868,3.4213490664813193,6.842698132962639,0.0,6.842698132962639,False
1290.5999999999217,26.57865093351868,26.57865093351868,3.4213490664813193,6.842698132962639,0.0,6.842698132962639,False
1291.0999999999212,26.57865093351868,26.57865093351868,3.4213490664813193,6.842698132962639,0.0,6.842698132962639,False
1291.5999999999208,26.57865093351868,26.57865093351868,3.4213490664813193,6.842698132962639,0.0,6.842698132962639,False
1292.0999999999203,26.57865093351868,26.57865093351868,3.4213490664813193,6.842698132962639,0.0,6.842698132962639,False
1292.5999999999199,26.57865093351868,26.57865093351868,3.4213490664813193,6.842698132962639,0.0,6.842698132962639,False
1293.0999999999194,26.57865093351868,26.57865093351868,3.4213490664813193,6.842698132962639,0.0,6.842698132962639,False
1293.599999999919,26.57865093351868,26.57865093351868,3.4213490664813193,6.842698132962639,0.0,6.842698132962639,False
1294.0999999999185,26.57865093351868,26.57865093351868,3.4213490664813193,6.842698132962639,0.0,6.842698132962639,False
1294.599999999918,26.57865093351868,26.57865093351868,3.4213490664813193,6.842698132962639,0.0,6.842698132962639,False
1295.0999999999176,26.57865093351868,26.57865093351868,3.4213490664813193,6.842698132962639,0.0,6.842698132962639,False
1295.5999999999171,26.57865093351868,26.57865093351868,3.4213490664813193,6.842698132962639,0.0,6.842698132962639,False
1296.0999999999167,26.57865093351868,26.57865093351868,3.4213490664813193,6.842698132962639,0.0,6.842698132962639,False
1296.5999999999162,26.57865093351868,26.57865093351868,3.4213490664813193,6.842698132962639,0.0,6.842698132962639,False
1297.0999999999158,26.57865093351868,26.57865093351868,3.4213490664813193,6.842698132962639,0.0,6.842698132962639,False
1297.5999999999153,26.57865093351868,26.57865093351868,3.4213490664813193,6.842698132962639,0.0,6.842698132962639,False
1298.0999999999149,26.57865093351868,26.57865093351868,3.4213490664813193,6.842698132962639,0.0,6.842698132962639,False
1298.5999999999144,26.57865093351868,26.57865093351868,3.4213490664813193,6.842698132962639,0.0,6.842698132962639,False
1299.099999999914,26.57865093351868,26.57865093351868,3.4213490664813193,6.842698132962639,0.0,6.842698132962639,False
1299.5999999999135,26.57865093351868,26.57865093351868,3.4213490664813193,6.842698132962639,0.0,6.842698132962639,False
1300.099999999913,26.57865093351868,26.57865093351868,3.4213490664813193,6.842698132962639,0.0,6.842698132962639,False
1300.5999999999126,26.57865093351868,26.57865093351868,3.4213490664813193,6.842698132962639,0.0,6.842698132962639,False
1301.0999999999121,26.57865093351868,26.57865093351868,3.4213490664813193,6.842698132962639,0.0,6.842698132962639,False
1301.5999999999117,26.57865093351868,26.57865093351868,3.4213490664813193,6.842698132962639,0.0,6.842698132962639,False
1302.0999999999112,26.57865093351868,26.57865093351868,3.4213490664813193,6.842698132962639,0.0,6.842698132962639,False
1302.5999999999108,26.57865093351868,26.57865093351868,3.4213490664813193,6.842698132962639,0.0,6.842698132962639,False
1303.0999999999103,26.57865093351868,26.57865093351868,3.4213490664813193,6.842698132962639,0.0,6.842698132962639,False
1303.5999999999099,26.57865093351868,26.57865093351868,3.4213490664813193,6.842698132962639,0.0,6.842698132962639,False
1304.0999999999094,26.57865093351868,26.57865093351868,3.4213490664813193,6.842698132962639,0.0,6.842698132962639,False
1304.599999999909,26.57865093351868,26.57865093351868,3.4213490664813193,6.842698132962639,0.0,6.842698132962639,False
1305.0999999999085,26.57865093351868,26.57865093351868,3.4213490664813193,6.842698132962639,0.0,6.842698132962639,False
1305.599999999908,26.57865093351868,26.57865093351868,3.4213490664813193,6.842698132962639,0.0,6.842698132962639,False
1306.0999999999076,26.57865093351868,26.57865093351868,3.4213490664813193,6.842698132962639,0.0,6.842698132962639,False
1306.5999999999071,26.57865093351868,26.57865093351868,3.4213490664813193,6.842698132962639,0.0,6.842698132962639,False
1307.0999999999067,26.57865093351868,26.57865093351868,3.4213490664813193,6.842698132962639,0.0,6.842698132962639,False
1307.5999999999062,26.57865093351868,26.57865093351868,3.4213490664813193,6.842698132962639,0.0,6.842698132962639,False
1308.0999999999058,26.57865093351868,26.57865093351868,3.4213490664813193,6.842698132962639,0.0,6.842698132962639,False
1308.5999999999053,26.57865093351868,26.57865093351868,3.4213490664813193,6.842698132962639,0.0,6.842698132962639,False
1309.0999999999049,26.57865093351868,26.57865093351868,3.4213490664813193,6.842698132962639,0.0,6.842698132962639,False
1309.5999999999044,26.57865093351868,26.57865093351868,3.4213490664813193,6.842698132962639,0.0,6.842698132962639,False
1310.099999999904,26.57865093351868,26.57865093351868,3.4213490664813193,6.842698132962639,0.0,6.842698132962639,False
1310.5999999999035,26.57865093351868,26.57865093351868,3.4213490664813193,6.842698132962639,0.0,6.842698132962639,False
1311.099999999903,26.57865093351868,26.57865093351868,3.4213490664813193,6.842698132962639,0.0,6.842698132962639,False
1311.5999999999026,26.57865093351868,26.57865093351868,3.4213490664813193,6.842698132962639,0.0,6.842698132962639,False
1312.0999999999021,26.57865093351868,26.57865093351868,3.4213490664813193,6.842698132962639,0.0,6.842698132962639,False
1312.5999999999017,26.57865093351868,26.57865093351868,3.4213490664813193,6.842698132962639,0.0,6.842698132962639,False
1313.0999999999012,26.57865093351868,26.57865093351868,3.4213490664813193,6.842698132962639,0.0,6.842698132962639,False
1313.5999999999008,26.57865093351868,26.57865093351868,3.4213490664813193,6.842698132962639,0.0,6.842698132962639,False
1314.0999999999003,26.57865093351868,26.57865093351868,3.4213490664813193,6.842698132962639,0.0,6.842698132962639,False
1314.5999999998999,26.57865093351868,26.57865093351868,3.4213490664813193,6.842698132962639,0.0,6.842698132962639,False
1315.0999999998994,26.57865093351868,26.57865093351868,3.4213490664813193,6.842698132962639,0.0,6.842698132962639,False
1315.599999999899,26.57865093351868,26.57865093351868,3.4213490664813193,6.842698132962639,0.0,6.842698132962639,False
1316.0999999998985,26.57865093351868,26.57865093351868,3.4213490664813193,6.842698132962639,0.0,6.842698132962639,False
1316.599999999898,26.57865093351868,26.57865093351868,3.4213490664813193,6.842698132962639,0.0,6.842698132962639,False
1317.0999999998976,26.57865093351868,26.57865093351868,3.4213490664813193,6.842698132962639,0.0,6.842698132962639,False
1317.5999999998971,26.57865093351868,26.57865093351868,3.4213490664813193,6.842698132962639,0.0,6.842698132962639,False
1318.0999999998967,26.57865093351868,26.57865093351868,3.4213490664813193,6.842698132962639,0.0,6.842698132962639,False
1318.5999999998962,26.57865093351868,26.57865093351868,3.4213490664813193,6.842698132962639,0.0,6.842698132962639,False
1319.0999999998958,26.57865093351868,26.57865093351868,3.4213490664813193,6.842698132962639,0.0,6.842698132962639,False
1319.5999999998953,26.57865093351868,26.57865093351868,3.4213490664813193,6.842698132962639,0.0,6.842698132962639,False
1320.0999999998949,26.57865093351868,26.57865093351868,3.4213490664813193,6.842698132962639,0.0,6.842698132962639,False
1320.5999999998944,26.57865093351868,26.57865093351868,3.4213490664813193,6.842698132962639,0.0,6.842698132962639,False
1321.099999999894,26.57865093351868,26.57865093351868,3.4213490664813193,6.842698132962639,0.0,6.842698132962639,False
1321.5999999998935,26.57865093351868,26.57865093351868,3.4213490664813193,6.842698132962639,0.0,6.842698132962639,False
1322.099999999893,26.57865093351868,26.57865093351868,3.4213490664813193,6.842698132962639,0.0,6.842698132962639,False
1322.5999999998926,26.57865093351868,26.57865093351868,3.4213490664813193,6.842698132962639,0.0,6.842698132962639,False
1323.0999999998921,26.57865093351868,26.57865093351868,3.4213490664813193,6.842698132962639,0.0,6.842698132962639,False
1323.5999999998917,26.57865093351868,26.57865093351868,3.4213490664813193,6.842698132962639,0.0,6.842698132962639,False
1324.0999999998912,26.57865093351868,26.57865093351868,3.4213490664813193,6.842698132962639,0.0,6.842698132962639,False
1324.5999999998908,26.57865093351868,26.57865093351868,3.4213490664813193,6.842698132962639,0.0,6.842698132962639,False
1325.0999999998903,26.57865093351868,26.57865093351868,3.4213490664813193,6.842698132962639,0.0,6.842698132962639,False
1325.5999999998899,26.57865093351868,26.57865093351868,3.4213490664813193,6.842698132962639,0.0,6.842698132962639,False
1326.0999999998894,26.57865093351868,26.57865093351868,3.4213490664813193,6.842698132962639,0.0,6.842698132962639,False
1326.599999999889,26.57865093351868,26.57865093351868,3.4213490664813193,6.842698132962639,0.0,6.842698132962639,False
1327.0999999998885,26.57865093351868,26.57865093351868,3.4213490664813193,6.842698132962639,0.0,6.842698132962639,False
1327.599999999888,26.57865093351868,26.57865093351868,3.4213490664813193,6.842698132962639,0.0,6.842698132962639,False
1328.0999999998876,26.57865093351868,26.57865093351868,3.4213490664813193,6.842698132962639,0.0,6.842698132962639,False
1328.5999999998871,26.57865093351868,26.57865093351868,3.4213490664813193,6.842698132962639,0.0,6.842698132962639,False
1329.0999999998867,26.57865093351868,26.57865093351868,3.4213490664813193,6.842698132962639,0.0,6.842698132962639,False
1329.5999999998862,26.57865093351868,26.57865093351868,3.4213490664813193,6.842698132962639,0.0,6.842698132962639,False
1330.0999999998858,26.57865093351868,26.57865093351868,3.4213490664813193,6.842698132962639,0.0,6.842698132962639,False
1330.5999999998853,26.57865093351868,26.57865093351868,3.4213490664813193,6.842698132962639,0.0,6.842698132962639,False
1331.0999999998849,26.57865093351868,26.57865093351868,3.4213490664813193,6.842698132962639,0.0,6.842698132962639,False
1331.5999999998844,26.57865093351868,26.57865093351868,3.4213490664813193,6.842698132962639,0.0,6.842698132962639,False
1332.099999999884,26.57865093351868,26.57865093351868,3.4213490664813193,6.842698132962639,0.0,6.842698132962639,False
1332.5999999998835,26.57865093351868,26.57865093351868,3.4213490664813193,6.842698132962639,0.0,6.842698132962639,False
1333.099999999883,26.57865093351868,26.57865093351868,3.4213490664813193,6.842698132962639,0.0,6.842698132962639,False
1333.5999999998826,26.57865093351868,26.57865093351868,3.4213490664813193,6.842698132962639,0.0,6.842698132962639,False
1334.0999999998821,26.57865093351868,26.57865093351868,3.4213490664813193,6.842698132962639,0.0,6.842698132962639,False
1334.5999999998817,26.57865093351868,26.57865093351868,3.4213490664813193,6.842698132962639,0.0,6.842698132962639,False
1335.0999999998812,26.57865093351868,26.57865093351868,3.4213490664813193,6.842698132962639,0.0,6.842698132962639,False
1335.5999999998808,26.57865093351868,26.57865093351868,3.4213490664813193,6.842698132962639,0.0,6.842698132962639,False
1336.0999999998803,26.57865093351868,26.57865093351868,3.4213490664813193,6.842698132962639,0.0,6.842698132962639,False
1336.5999999998799,26.57865093351868,26.57865093351868,3.4213490664813193,6.842698132962639,0.0,6.842698132962639,False
1337.0999999998794,26.57865093351868,26.57865093351868,3.4213490664813193,6.842698132962639,0.0,6.842698132962639,False
1337.599999999879,26.57865093351868,26.57865093351868,3.4213490664813193,6.842698132962639,0.0,6.842698132962639,False
1338.0999999998785,26.57865093351868,26.57865093351868,3.4213490664813193,6.842698132962639,0.0,6.842698132962639,False
1338.599999999878,26.57865093351868,26.57865093351868,3.4213490664813193,6.842698132962639,0.0,6.842698132962639,False
1339.0999999998776,26.57865093351868,26.57865093351868,3.4213490664813193,6.842698132962639,0.0,6.842698132962639,False
1339.5999999998771,26.57865093351868,26.57865093351868,3.4213490664813193,6.842698132962639,0.0,6.842698132962639,False
1340.0999999998767,26.57865093351868,26.57865093351868,3.4213490664813193,6.842698132962639,0.0,6.842698132962639,False
1340.5999999998762,26.57865093351868,26.57865093351868,3.4213490664813193,6.842698132962639,0.0,6.842698132962639,False
1341.0999999998758,26.57865093351868,26.57865093351868,3.4213490664813193,6.842698132962639,0.0,6.842698132962639,False
1341.5999999998753,26.57865093351868,26.57865093351868,3.4213490664813193,6.842698132962639,0.0,6.842698132962639,False
1342.0999999998749,26.57865093351868,26.57865093351868,3.4213490664813193,6.842698132962639,0.0,6.842698132962639,False
1342.5999999998744,26.57865093351868,26.57865093351868,3.4213490664813193,6.842698132962639,0.0,6.842698132962639,False
1343.099999999874,26.57865093351868,26.57865093351868,3.4213490664813193,6.842698132962639,0.0,6.842698132962639,False
1343.5999999998735,26.57865093351868,26.57865093351868,3.4213490664813193,6.842698132962639,0.0,6.842698132962639,False
1344.099999999873,26.57865093351868,26.57865093351868,3.4213490664813193,6.842698132962639,0.0,6.842698132962639,False
1344.5999999998726,26.57865093351868,26.57865093351868,3.4213490664813193,6.842698132962639,0.0,6.842698132962639,False
1345.0999999998721,26.57865093351868,26.57865093351868,3.4213490664813193,6.842698132962639,0.0,6.842698132962639,False
1345.5999999998717,26.57865093351868,26.57865093351868,3.4213490664813193,6.842698132962639,0.0,6.842698132962639,False
1346.0999999998712,26.57865093351868,26.57865093351868,3.4213490664813193,6.842698132962639,0.0,6.842698132962639,False
1346.5999999998708,26.57865093351868,26.57865093351868,3.4213490664813193,6.842698132962639,0.0,6.842698132962639,False
1347.0999999998703,26.57865093351868,26.57865093351868,3.4213490664813193,6.842698132962639,0.0,6.842698132962639,False
1347.5999999998699,26.57865093351868,26.57865093351868,3.4213490664813193,6.842698132962639,0.0,6.842698132962639,False
1348.0999999998694,26.57865093351868,26.57865093351868,3.4213490664813193,6.842698132962639,0.0,6.842698132962639,False
1348.599999999869,26.57865093351868,26.57865093351868,3.4213490664813193,6.842698132962639,0.0,6.842698132962639,False
1349.0999999998685,26.57865093351868,26.57865093351868,3.4213490664813193,6.842698132962639,0.0,6.842698132962639,False
1349.599999999868,26.57865093351868,26.57865093351868,3.4213490664813193,6.842698132962639,0.0,6.842698132962639,False
1350.0999999998676,26.57865093351868,26.57865093351868,3.4213490664813193,6.842698132962639,0.0,6.842698132962639,False
1350.5999999998671,26.57865093351868,26.57865093351868,3.4213490664813193,6.842698132962639,0.0,6.842698132962639,False
1351.0999999998667,26.57865093351868,26.57865093351868,3.4213490664813193,6.842698132962639,0.0,6.842698132962639,False
1351.5999999998662,26.57865093351868,26.57865093351868,3.4213490664813193,6.842698132962639,0.0,6.842698132962639,False
1352.0999999998658,26.57865093351868,26.57865093351868,3.4213490664813193,6.842698132962639,0.0,6.842698132962639,False
1352.5999999998653,26.57865093351868,26.57865093351868,3.4213490664813193,6.842698132962639,0.0,6.842698132962639,False
1353.0999999998648,26.57865093351868,26.57865093351868,3.4213490664813193,6.842698132962639,0.0,6.842698132962639,False
1353.5999999998644,26.57865093351868,26.57865093351868,3.4213490664813193,6.842698132962639,0.0,6.842698132962639,False
1354.099999999864,26.57865093351868,26.57865093351868,3.4213490664813193,6.842698132962639,0.0,6.842698132962639,False
1354.5999999998635,26.57865093351868,26.57865093351868,3.4213490664813193,6.842698132962639,0.0,6.842698132962639,False
1355.099999999863,26.57865093351868,26.57865093351868,3.4213490664813193,6.842698132962639,0.0,6.842698132962639,False
1355.5999999998626,26.57865093351868,26.57865093351868,3.4213490664813193,6.842698132962639,0.0,6.842698132962639,False
1356.0999999998621,26.57865093351868,26.57865093351868,3.4213490664813193,6.842698132962639,0.0,6.842698132962639,False
1356.5999999998617,26.57865093351868,26.57865093351868,3.4213490664813193,6.842698132962639,0.0,6.842698132962639,False
1357.0999999998612,26.57865093351868,26.57865093351868,3.4213490664813193,6.842698132962639,0.0,6.842698132962639,False
1357.5999999998608,26.57865093351868,26.57865093351868,3.4213490664813193,6.842698132962639,0.0,6.842698132962639,False
1358.0999999998603,26.57865093351868,26.57865093351868,3.4213490664813193,6.842698132962639,0.0,6.842698132962639,False
1358.5999999998598,26.57865093351868,26.57865093351868,3.4213490664813193,6.842698132962639,0.0,6.842698132962639,False
1359.0999999998594,26.57865093351868,26.57865093351868,3.4213490664813193,6.842698132962639,0.0,6.842698132962639,False
1359.599999999859,26.57865093351868,26.57865093351868,3.4213490664813193,6.842698132962639,0.0,6.842698132962639,False
1360.0999999998585,26.57865093351868,26.57865093351868,3.4213490664813193,6.842698132962639,0.0,6.842698132962639,False
1360.599999999858,26.57865093351868,26.57865093351868,3.4213490664813193,6.842698132962639,0.0,6.842698132962639,False
1361.0999999998576,26.57865093351868,26.57865093351868,3.4213490664813193,6.842698132962639,0.0,6.842698132962639,False
1361.5999999998571,26.57865093351868,26.57865093351868,3.4213490664813193,6.842698132962639,0.0,6.842698132962639,False
1362.0999999998567,26.57865093351868,26.57865093351868,3.4213490664813193,6.842698132962639,0.0,6.842698132962639,False
1362.5999999998562,26.57865093351868,26.57865093351868,3.4213490664813193,6.842698132962639,0.0,6.842698132962639,False
1363.0999999998558,26.57865093351868,26.57865093351868,3.4213490664813193,6.842698132962639,0.0,6.842698132962639,False
1363.5999999998553,26.57865093351868,26.57865093351868,3.4213490664813193,6.842698132962639,0.0,6.842698132962639,False
1364.0999999998548,26.57865093351868,26.57865093351868,3.4213490664813193,6.842698132962639,0.0,6.842698132962639,False
1364.5999999998544,26.57865093351868,26.57865093351868,3.4213490664813193,6.842698132962639,0.0,6.842698132962639,False
1365.099999999854,26.57865093351868,26.57865093351868,3.4213490664813193,6.842698132962639,0.0,6.842698132962639,False
1365.5999999998535,26.57865093351868,26.57865093351868,3.4213490664813193,6.842698132962639,0.0,6.842698132962639,False
1366.099999999853,26.57865093351868,26.57865093351868,3.4213490664813193,6.842698132962639,0.0,6.842698132962639,False
1366.5999999998526,26.57865093351868,26.57865093351868,3.4213490664813193,6.842698132962639,0.0,6.842698132962639,False
1367.0999999998521,26.57865093351868,26.57865093351868,3.4213490664813193,6.842698132962639,0.0,6.842698132962639,False
1367.5999999998517,26.57865093351868,26.57865093351868,3.4213490664813193,6.842698132962639,0.0,6.842698132962639,False
1368.0999999998512,26.57865093351868,26.57865093351868,3.4213490664813193,6.842698132962639,0.0,6.842698132962639,False
1368.5999999998508,26.57865093351868,26.57865093351868,3.4213490664813193,6.842698132962639,0.0,6.842698132962639,False
1369.0999999998503,26.57865093351868,26.57865093351868,3.4213490664813193,6.842698132962639,0.0,6.842698132962639,False
1369.5999999998498,26.57865093351868,26.57865093351868,3.4213490664813193,6.842698132962639,0.0,6.842698132962639,False
1370.0999999998494,26.57865093351868,26.57865093351868,3.4213490664813193,6.842698132962639,0.0,6.842698132962639,False
1370.599999999849,26.57865093351868,26.57865093351868,3.4213490664813193,6.842698132962639,0.0,6.842698132962639,False
1371.0999999998485,26.57865093351868,26.57865093351868,3.4213490664813193,6.842698132962639,0.0,6.842698132962639,False
1371.599999999848,26.57865093351868,26.57865093351868,3.4213490664813193,6.842698132962639,0.0,6.842698132962639,False
1372.0999999998476,26.57865093351868,26.57865093351868,3.4213490664813193,6.842698132962639,0.0,6.842698132962639,False
1372.5999999998471,26.57865093351868,26.57865093351868,3.4213490664813193,6.842698132962639,0.0,6.842698132962639,False
1373.0999999998467,26.57865093351868,26.57865093351868,3.4213490664813193,6.842698132962639,0.0,6.842698132962639,False
1373.5999999998462,26.57865093351868,26.57865093351868,3.4213490664813193,6.842698132962639,0.0,6.842698132962639,False
1374.0999999998457,26.57865093351868,26.57865093351868,3.4213490664813193,6.842698132962639,0.0,6.842698132962639,False
1374.5999999998453,26.57865093351868,26.57865093351868,3.4213490664813193,6.842698132962639,0.0,6.842698132962639,False
1375.0999999998448,26.57865093351868,26.57865093351868,3.4213490664813193,6.842698132962639,0.0,6.842698132962639,False
1375.5999999998444,26.57865093351868,26.57865093351868,3.4213490664813193,6.842698132962639,0.0,6.842698132962639,False
1376.099999999844,26.57865093351868,26.57865093351868,3.4213490664813193,6.842698132962639,0.0,6.842698132962639,False
1376.5999999998435,26.57865093351868,26.57865093351868,3.4213490664813193,6.842698132962639,0.0,6.842698132962639,False
1377.099999999843,26.57865093351868,26.57865093351868,3.4213490664813193,6.842698132962639,0.0,6.842698132962639,False
1377.5999999998426,26.57865093351868,26.57865093351868,3.4213490664813193,6.842698132962639,0.0,6.842698132962639,False
1378.099999999842,26.57865093351868,26.57865093351868,3.4213490664813193,6.842698132962639,0.0,6.842698132962639,False
1378.5999999998417,26.57865093351868,26.57865093351868,3.4213490664813193,6.842698132962639,0.0,6.842698132962639,False
1379.0999999998412,26.57865093351868,26.57865093351868,3.4213490664813193,6.842698132962639,0.0,6.842698132962639,False
1379.5999999998407,26.57865093351868,26.57865093351868,3.4213490664813193,6.842698132962639,0.0,6.842698132962639,False
1380.0999999998403,26.57865093351868,26.57865093351868,3.4213490664813193,6.842698132962639,0.0,6.842698132962639,False
1380.5999999998398,26.57865093351868,26.57865093351868,3.4213490664813193,6.842698132962639,0.0,6.842698132962639,False
1381.0999999998394,26.57865093351868,26.57865093351868,3.4213490664813193,6.842698132962639,0.0,6.842698132962639,False
1381.599999999839,26.57865093351868,26.57865093351868,3.4213490664813193,6.842698132962639,0.0,6.842698132962639,False
1382.0999999998385,26.57865093351868,26.57865093351868,3.4213490664813193,6.842698132962639,0.0,6.842698132962639,False
1382.599999999838,26.57865093351868,26.57865093351868,3.4213490664813193,6.842698132962639,0.0,6.842698132962639,False
1383.0999999998376,26.57865093351868,26.57865093351868,3.4213490664813193,6.842698132962639,0.0,6.842698132962639,False
1383.599999999837,26.57865093351868,26.57865093351868,3.4213490664813193,6.842698132962639,0.0,6.842698132962639,False
1384.0999999998367,26.57865093351868,26.57865093351868,3.4213490664813193,6.842698132962639,0.0,6.842698132962639,False
1384.5999999998362,26.57865093351868,26.57865093351868,3.4213490664813193,6.842698132962639,0.0,6.842698132962639,False
1385.0999999998357,26.57865093351868,26.57865093351868,3.4213490664813193,6.842698132962639,0.0,6.842698132962639,False
1385.5999999998353,26.57865093351868,26.57865093351868,3.4213490664813193,6.842698132962639,0.0,6.842698132962639,False
1386.0999999998348,26.57865093351868,26.57865093351868,3.4213490664813193,6.842698132962639,0.0,6.842698132962639,False
1386.5999999998344,26.57865093351868,26.57865093351868,3.4213490664813193,6.842698132962639,0.0,6.842698132962639,False
1387.099999999834,26.57865093351868,26.57865093351868,3.4213490664813193,6.842698132962639,0.0,6.842698132962639,False
1387.5999999998335,26.57865093351868,26.57865093351868,3.4213490664813193,6.842698132962639,0.0,6.842698132962639,False
1388.099999999833,26.57865093351868,26.57865093351868,3.4213490664813193,6.842698132962639,0.0,6.842698132962639,False
1388.5999999998326,26.57865093351868,26.57865093351868,3.4213490664813193,6.842698132962639,0.0,6.842698132962639,False
1389.099999999832,26.57865093351868,26.57865093351868,3.4213490664813193,6.842698132962639,0.0,6.842698132962639,False
1389.5999999998317,26.57865093351868,26.57865093351868,3.4213490664813193,6.842698132962639,0.0,6.842698132962639,False
1390.0999999998312,26.57865093351868,26.57865093351868,3.4213490664813193,6.842698132962639,0.0,6.842698132962639,False
1390.5999999998307,26.57865093351868,26.57865093351868,3.4213490664813193,6.842698132962639,0.0,6.842698132962639,False
1391.0999999998303,26.57865093351868,26.57865093351868,3.4213490664813193,6.842698132962639,0.0,6.842698132962639,False
1391.5999999998298,26.57865093351868,26.57865093351868,3.4213490664813193,6.842698132962639,0.0,6.842698132962639,False
1392.0999999998294,26.57865093351868,26.57865093351868,3.4213490664813193,6.842698132962639,0.0,6.842698132962639,False
1392.599999999829,26.57865093351868,26.57865093351868,3.4213490664813193,6.842698132962639,0.0,6.842698132962639,False
1393.0999999998285,26.57865093351868,26.57865093351868,3.4213490664813193,6.842698132962639,0.0,6.842698132962639,False
1393.599999999828,26.57865093351868,26.57865093351868,3.4213490664813193,6.842698132962639,0.0,6.842698132962639,False
1394.0999999998276,26.57865093351868,26.57865093351868,3.4213490664813193,6.842698132962639,0.0,6.842698132962639,False
1394.599999999827,26.57865093351868,26.57865093351868,3.4213490664813193,6.842698132962639,0.0,6.842698132962639,False
1395.0999999998267,26.57865093351868,26.57865093351868,3.4213490664813193,6.842698132962639,0.0,6.842698132962639,False
1395.5999999998262,26.57865093351868,26.57865093351868,3.4213490664813193,6.842698132962639,0.0,6.842698132962639,False
1396.0999999998257,26.57865093351868,26.57865093351868,3.4213490664813193,6.842698132962639,0.0,6.842698132962639,False
1396.5999999998253,26.57865093351868,26.57865093351868,3.4213490664813193,6.842698132962639,0.0,6.842698132962639,False
1397.0999999998248,26.57865093351868,26.57865093351868,3.4213490664813193,6.842698132962639,0.0,6.842698132962639,False
1397.5999999998244,26.57865093351868,26.57865093351868,3.4213490664813193,6.842698132962639,0.0,6.842698132962639,False
1398.099999999824,26.57865093351868,26.57865093351868,3.4213490664813193,6.842698132962639,0.0,6.842698132962639,False
1398.5999999998235,26.57865093351868,26.57865093351868,3.4213490664813193,6.842698132962639,0.0,6.842698132962639,False
1399.099999999823,26.57865093351868,26.57865093351868,3.4213490664813193,6.842698132962639,0.0,6.842698132962639,False
1399.5999999998226,26.57865093351868,26.57865093351868,3.4213490664813193,6.842698132962639,0.0,6.842698132962639,False
1400.099999999822,26.57865093351868,26.57865093351868,3.4213490664813193,6.842698132962639,0.0,6.842698132962639,False
1400.5999999998216,26.57865093351868,26.57865093351868,3.4213490664813193,6.842698132962639,0.0,6.842698132962639,False
1401.0999999998212,26.57865093351868,26.57865093351868,3.4213490664813193,6.842698132962639,0.0,6.842698132962639,False
1401.5999999998207,26.57865093351868,26.57865093351868,3.4213490664813193,6.842698132962639,0.0,6.842698132962639,False
1402.0999999998203,26.57865093351868,26.57865093351868,3.4213490664813193,6.842698132962639,0.0,6.842698132962639,False
1402.5999999998198,26.57865093351868,26.57865093351868,3.4213490664813193,6.842698132962639,0.0,6.842698132962639,False
1403.0999999998194,26.57865093351868,26.57865093351868,3.4213490664813193,6.842698132962639,0.0,6.842698132962639,False
1403.599999999819,26.57865093351868,26.57865093351868,3.4213490664813193,6.842698132962639,0.0,6.842698132962639,False
1404.0999999998185,26.57865093351868,26.57865093351868,3.4213490664813193,6.842698132962639,0.0,6.842698132962639,False
1404.599999999818,26.57865093351868,26.57865093351868,3.4213490664813193,6.842698132962639,0.0,6.842698132962639,False
1405.0999999998176,26.57865093351868,26.57865093351868,3.4213490664813193,6.842698132962639,0.0,6.842698132962639,False
1405.599999999817,26.57865093351868,26.57865093351868,3.4213490664813193,6.842698132962639,0.0,6.842698132962639,False
1406.0999999998166,26.57865093351868,26.57865093351868,3.4213490664813193,6.842698132962639,0.0,6.842698132962639,False
1406.5999999998162,26.57865093351868,26.57865093351868,3.4213490664813193,6.842698132962639,0.0,6.842698132962639,False
1407.0999999998157,26.57865093351868,26.57865093351868,3.4213490664813193,6.842698132962639,0.0,6.842698132962639,False
1407.5999999998153,26.57865093351868,26.57865093351868,3.4213490664813193,6.842698132962639,0.0,6.842698132962639,False
1408.0999999998148,26.57865093351868,26.57865093351868,3.4213490664813193,6.842698132962639,0.0,6.842698132962639,False
1408.5999999998144,26.57865093351868,26.57865093351868,3.4213490664813193,6.842698132962639,0.0,6.842698132962639,False
1409.099999999814,26.57865093351868,26.57865093351868,3.4213490664813193,6.842698132962639,0.0,6.842698132962639,False
1409.5999999998135,26.57865093351868,26.57865093351868,3.4213490664813193,6.842698132962639,0.0,6.842698132962639,False
1410.099999999813,26.57865093351868,26.57865093351868,3.4213490664813193,6.842698132962639,0.0,6.842698132962639,False
1410.5999999998126,26.57865093351868,26.57865093351868,3.4213490664813193,6.842698132962639,0.0,6.842698132962639,False
1411.099999999812,26.57865093351868,26.57865093351868,3.4213490664813193,6.842698132962639,0.0,6.842698132962639,False
1411.5999999998116,26.57865093351868,26.57865093351868,3.4213490664813193,6.842698132962639,0.0,6.842698132962639,False
1412.0999999998112,26.57865093351868,26.57865093351868,3.4213490664813193,6.842698132962639,0.0,6.842698132962639,False
1412.5999999998107,26.57865093351868,26.57865093351868,3.4213490664813193,6.842698132962639,0.0,6.842698132962639,False
1413.0999999998103,26.57865093351868,26.57865093351868,3.4213490664813193,6.842698132962639,0.0,6.842698132962639,False
1413.5999999998098,26.57865093351868,26.57865093351868,3.4213490664813193,6.842698132962639,0.0,6.842698132962639,False
1414.0999999998094,26.57865093351868,26.57865093351868,3.4213490664813193,6.842698132962639,0.0,6.842698132962639,False
1414.599999999809,26.57865093351868,26.57865093351868,3.4213490664813193,6.842698132962639,0.0,6.842698132962639,False
1415.0999999998085,26.57865093351868,26.57865093351868,3.4213490664813193,6.842698132962639,0.0,6.842698132962639,False
1415.599999999808,26.57865093351868,26.57865093351868,3.4213490664813193,6.842698132962639,0.0,6.842698132962639,False
1416.0999999998076,26.57865093351868,26.57865093351868,3.4213490664813193,6.842698132962639,0.0,6.842698132962639,False
1416.599999999807,26.57865093351868,26.57865093351868,3.4213490664813193,6.842698132962639,0.0,6.842698132962639,False
1417.0999999998066,26.57865093351868,26.57865093351868,3.4213490664813193,6.842698132962639,0.0,6.842698132962639,False
1417.5999999998062,26.57865093351868,26.57865093351868,3.4213490664813193,6.842698132962639,0.0,6.842698132962639,False
1418.0999999998057,26.57865093351868,26.57865093351868,3.4213490664813193,6.842698132962639,0.0,6.842698132962639,False
1418.5999999998053,26.57865093351868,26.57865093351868,3.4213490664813193,6.842698132962639,0.0,6.842698132962639,False
1419.0999999998048,26.57865093351868,26.57865093351868,3.4213490664813193,6.842698132962639,0.0,6.842698132962639,False
1419.5999999998044,26.57865093351868,26.57865093351868,3.4213490664813193,6.842698132962639,0.0,6.842698132962639,False
1420.099999999804,26.57865093351868,26.57865093351868,3.4213490664813193,6.842698132962639,0.0,6.842698132962639,False
1420.5999999998035,26.57865093351868,26.57865093351868,3.4213490664813193,6.842698132962639,0.0,6.842698132962639,False
1421.099999999803,26.57865093351868,26.57865093351868,3.4213490664813193,6.842698132962639,0.0,6.842698132962639,False
1421.5999999998025,26.57865093351868,26.57865093351868,3.4213490664813193,6.842698132962639,0.0,6.842698132962639,False
1422.099999999802,26.57865093351868,26.57865093351868,3.4213490664813193,6.842698132962639,0.0,6.842698132962639,False
1422.5999999998016,26.57865093351868,26.57865093351868,3.4213490664813193,6.842698132962639,0.0,6.842698132962639,False
1423.0999999998012,26.57865093351868,26.57865093351868,3.4213490664813193,6.842698132962639,0.0,6.842698132962639,False
1423.5999999998007,26.57865093351868,26.57865093351868,3.4213490664813193,6.842698132962639,0.0,6.842698132962639,False
1424.0999999998003,26.57865093351868,26.57865093351868,3.4213490664813193,6.842698132962639,0.0,6.842698132962639,False
1424.5999999997998,26.57865093351868,26.57865093351868,3.4213490664813193,6.842698132962639,0.0,6.842698132962639,False
1425.0999999997994,26.57865093351868,26.57865093351868,3.4213490664813193,6.842698132962639,0.0,6.842698132962639,False
1425.599999999799,26.57865093351868,26.57865093351868,3.4213490664813193,6.842698132962639,0.0,6.842698132962639,False
1426.0999999997985,26.57865093351868,26.57865093351868,3.4213490664813193,6.842698132962639,0.0,6.842698132962639,False
1426.599999999798,26.57865093351868,26.57865093351868,3.4213490664813193,6.842698132962639,0.0,6.842698132962639,False
1427.0999999997975,26.57865093351868,26.57865093351868,3.4213490664813193,6.842698132962639,0.0,6.842698132962639,False
1427.599999999797,26.57865093351868,26.57865093351868,3.4213490664813193,6.842698132962639,0.0,6.842698132962639,False
1428.0999999997966,26.57865093351868,26.57865093351868,3.4213490664813193,6.842698132962639,0.0,6.842698132962639,False
1428.5999999997962,26.57865093351868,26.57865093351868,3.4213490664813193,6.842698132962639,0.0,6.842698132962639,False
1429.0999999997957,26.57865093351868,26.57865093351868,3.4213490664813193,6.842698132962639,0.0,6.842698132962639,False
1429.5999999997953,26.57865093351868,26.57865093351868,3.4213490664813193,6.842698132962639,0.0,6.842698132962639,False
1430.0999999997948,26.57865093351868,26.57865093351868,3.4213490664813193,6.842698132962639,0.0,6.842698132962639,False
1430.5999999997944,26.57865093351868,26.57865093351868,3.4213490664813193,6.842698132962639,0.0,6.842698132962639,False
1431.099999999794,26.57865093351868,26.57865093351868,3.4213490664813193,6.842698132962639,0.0,6.842698132962639,False
1431.5999999997935,26.57865093351868,26.57865093351868,3.4213490664813193,6.842698132962639,0.0,6.842698132962639,False
1432.099999999793,26.57865093351868,26.57865093351868,3.4213490664813193,6.842698132962639,0.0,6.842698132962639,False
1432.5999999997925,26.57865093351868,26.57865093351868,3.4213490664813193,6.842698132962639,0.0,6.842698132962639,False
1433.099999999792,26.57865093351868,26.57865093351868,3.4213490664813193,6.842698132962639,0.0,6.842698132962639,False
1433.5999999997916,26.57865093351868,26.57865093351868,3.4213490664813193,6.842698132962639,0.0,6.842698132962639,False
1434.0999999997912,26.57865093351868,26.57865093351868,3.4213490664813193,6.842698132962639,0.0,6.842698132962639,False
1434.5999999997907,26.57865093351868,26.57865093351868,3.4213490664813193,6.842698132962639,0.0,6.842698132962639,False
1435.0999999997903,26.57865093351868,26.57865093351868,3.4213490664813193,6.842698132962639,0.0,6.842698132962639,False
1435.5999999997898,26.57865093351868,26.57865093351868,3.4213490664813193,6.842698132962639,0.0,6.842698132962639,False
1436.0999999997894,26.57865093351868,26.57865093351868,3.4213490664813193,6.842698132962639,0.0,6.842698132962639,False
1436.599999999789,26.57865093351868,26.57865093351868,3.4213490664813193,6.842698132962639,0.0,6.842698132962639,False
1437.0999999997885,26.57865093351868,26.57865093351868,3.4213490664813193,6.842698132962639,0.0,6.842698132962639,False
1437.599999999788,26.57865093351868,26.57865093351868,3.4213490664813193,6.842698132962639,0.0,6.842698132962639,False
1438.0999999997875,26.57865093351868,26.57865093351868,3.4213490664813193,6.842698132962639,0.0,6.842698132962639,False
1438.599999999787,26.57865093351868,26.57865093351868,3.4213490664813193,6.842698132962639,0.0,6.842698132962639,False
1439.0999999997866,26.57865093351868,26.57865093351868,3.4213490664813193,6.842698132962639,0.0,6.842698132962639,False
1439.5999999997862,26.57865093351868,26.57865093351868,3.4213490664813193,6.842698132962639,0.0,6.842698132962639,False
1440.0999999997857,26.57865093351868,26.57865093351868,3.4213490664813193,6.842698132962639,0.0,6.842698132962639,False
1440.5999999997853,26.57865093351868,26.57865093351868,3.4213490664813193,6.842698132962639,0.0,6.842698132962639,False
1441.0999999997848,26.57865093351868,26.57865093351868,3.4213490664813193,6.842698132962639,0.0,6.842698132962639,False
1441.5999999997844,26.57865093351868,26.57865093351868,3.4213490664813193,6.842698132962639,0.0,6.842698132962639,False
1442.099999999784,26.57865093351868,26.57865093351868,3.4213490664813193,6.842698132962639,0.0,6.842698132962639,False
1442.5999999997834,26.57865093351868,26.57865093351868,3.4213490664813193,6.842698132962639,0.0,6.842698132962639,False
1443.099999999783,26.57865093351868,26.57865093351868,3.4213490664813193,6.842698132962639,0.0,6.842698132962639,False
1443.5999999997825,26.57865093351868,26.57865093351868,3.4213490664813193,6.842698132962639,0.0,6.842698132962639,False
1444.099999999782,26.57865093351868,26.57865093351868,3.4213490664813193,6.842698132962639,0.0,6.842698132962639,False
1444.5999999997816,26.57865093351868,26.57865093351868,3.4213490664813193,6.842698132962639,0.0,6.842698132962639,False
1445.0999999997812,26.57865093351868,26.57865093351868,3.4213490664813193,6.842698132962639,0.0,6.842698132962639,False
1445.5999999997807,26.57865093351868,26.57865093351868,3.4213490664813193,6.842698132962639,0.0,6.842698132962639,False
1446.0999999997803,26.57865093351868,26.57865093351868,3.4213490664813193,6.842698132962639,0.0,6.842698132962639,False
1446.5999999997798,26.57865093351868,26.57865093351868,3.4213490664813193,6.842698132962639,0.0,6.842698132962639,False
1447.0999999997794,26.57865093351868,26.57865093351868,3.4213490664813193,6.842698132962639,0.0,6.842698132962639,False
1447.599999999779,26.57865093351868,26.57865093351868,3.4213490664813193,6.842698132962639,0.0,6.842698132962639,False
1448.0999999997784,26.57865093351868,26.57865093351868,3.4213490664813193,6.842698132962639,0.0,6.842698132962639,False
1448.599999999778,26.57865093351868,26.57865093351868,3.4213490664813193,6.842698132962639,0.0,6.842698132962639,False
1449.0999999997775,26.57865093351868,26.57865093351868,3.4213490664813193,6.842698132962639,0.0,6.842698132962639,False
1449.599999999777,26.57865093351868,26.57865093351868,3.4213490664813193,6.842698132962639,0.0,6.842698132962639,False
1450.0999999997766,26.57865093351868,26.57865093351868,3.4213490664813193,6.842698132962639,0.0,6.842698132962639,False
1450.5999999997762,26.57865093351868,26.57865093351868,3.4213490664813193,6.842698132962639,0.0,6.842698132962639,False
1451.0999999997757,26.57865093351868,26.57865093351868,3.4213490664813193,6.842698132962639,0.0,6.842698132962639,False
1451.5999999997753,26.57865093351868,26.57865093351868,3.4213490664813193,6.842698132962639,0.0,6.842698132962639,False
1452.0999999997748,26.57865093351868,26.57865093351868,3.4213490664813193,6.842698132962639,0.0,6.842698132962639,False
1452.5999999997744,26.57865093351868,26.57865093351868,3.4213490664813193,6.842698132962639,0.0,6.842698132962639,False
1453.099999999774,26.57865093351868,26.57865093351868,3.4213490664813193,6.842698132962639,0.0,6.842698132962639,False
1453.5999999997734,26.57865093351868,26.57865093351868,3.4213490664813193,6.842698132962639,0.0,6.842698132962639,False
1454.099999999773,26.57865093351868,26.57865093351868,3.4213490664813193,6.842698132962639,0.0,6.842698132962639,False
1454.5999999997725,26.57865093351868,26.57865093351868,3.4213490664813193,6.842698132962639,0.0,6.842698132962639,False
1455.099999999772,26.57865093351868,26.57865093351868,3.4213490664813193,6.842698132962639,0.0,6.842698132962639,False
1455.5999999997716,26.57865093351868,26.57865093351868,3.4213490664813193,6.842698132962639,0.0,6.842698132962639,False
1456.0999999997712,26.57865093351868,26.57865093351868,3.4213490664813193,6.842698132962639,0.0,6.842698132962639,False
1456.5999999997707,26.57865093351868,26.57865093351868,3.4213490664813193,6.842698132962639,0.0,6.842698132962639,False
1457.0999999997703,26.57865093351868,26.57865093351868,3.4213490664813193,6.842698132962639,0.0,6.842698132962639,False
1457.5999999997698,26.57865093351868,26.57865093351868,3.4213490664813193,6.842698132962639,0.0,6.842698132962639,False
1458.0999999997694,26.57865093351868,26.57865093351868,3.4213490664813193,6.842698132962639,0.0,6.842698132962639,False
1458.599999999769,26.57865093351868,26.57865093351868,3.4213490664813193,6.842698132962639,0.0,6.842698132962639,False
1459.0999999997684,26.57865093351868,26.57865093351868,3.4213490664813193,6.842698132962639,0.0,6.842698132962639,False
1459.599999999768,26.57865093351868,26.57865093351868,3.4213490664813193,6.842698132962639,0.0,6.842698132962639,False
1460.0999999997675,26.57865093351868,26.57865093351868,3.4213490664813193,6.842698132962639,0.0,6.842698132962639,False
1460.599999999767,26.57865093351868,26.57865093351868,3.4213490664813193,6.842698132962639,0.0,6.842698132962639,False
1461.0999999997666,26.57865093351868,26.57865093351868,3.4213490664813193,6.842698132962639,0.0,6.842698132962639,False
1461.5999999997662,26.57865093351868,26.57865093351868,3.4213490664813193,6.842698132962639,0.0,6.842698132962639,False
1462.0999999997657,26.57865093351868,26.57865093351868,3.4213490664813193,6.842698132962639,0.0,6.842698132962639,False
1462.5999999997653,26.57865093351868,26.57865093351868,3.4213490664813193,6.842698132962639,0.0,6.842698132962639,False
1463.0999999997648,26.57865093351868,26.57865093351868,3.4213490664813193,6.842698132962639,0.0,6.842698132962639,False
1463.5999999997643,26.57865093351868,26.57865093351868,3.4213490664813193,6.842698132962639,0.0,6.842698132962639,False
1464.099999999764,26.57865093351868,26.57865093351868,3.4213490664813193,6.842698132962639,0.0,6.842698132962639,False
1464.5999999997634,26.57865093351868,26.57865093351868,3.4213490664813193,6.842698132962639,0.0,6.842698132962639,False
1465.099999999763,26.57865093351868,26.57865093351868,3.4213490664813193,6.842698132962639,0.0,6.842698132962639,False
1465.5999999997625,26.57865093351868,26.57865093351868,3.4213490664813193,6.842698132962639,0.0,6.842698132962639,False
1466.099999999762,26.57865093351868,26.57865093351868,3.4213490664813193,6.842698132962639,0.0,6.842698132962639,False
1466.5999999997616,26.57865093351868,26.57865093351868,3.4213490664813193,6.842698132962639,0.0,6.842698132962639,False
1467.0999999997612,26.57865093351868,26.57865093351868,3.4213490664813193,6.842698132962639,0.0,6.842698132962639,False
1467.5999999997607,26.57865093351868,26.57865093351868,3.4213490664813193,6.842698132962639,0.0,6.842698132962639,False
1468.0999999997603,26.57865093351868,26.57865093351868,3.4213490664813193,6.842698132962639,0.0,6.842698132962639,False
1468.5999999997598,26.57865093351868,26.57865093351868,3.4213490664813193,6.842698132962639,0.0,6.842698132962639,False
1469.0999999997593,26.57865093351868,26.57865093351868,3.4213490664813193,6.842698132962639,0.0,6.842698132962639,False
1469.599999999759,26.57865093351868,26.57865093351868,3.4213490664813193,6.842698132962639,0.0,6.842698132962639,False
1470.0999999997584,26.57865093351868,26.57865093351868,3.4213490664813193,6.842698132962639,0.0,6.842698132962639,False
1470.599999999758,26.57865093351868,26.57865093351868,3.4213490664813193,6.842698132962639,0.0,6.842698132962639,False
1471.0999999997575,26.57865093351868,26.57865093351868,3.4213490664813193,6.842698132962639,0.0,6.842698132962639,False
1471.599999999757,26.57865093351868,26.57865093351868,3.4213490664813193,6.842698132962639,0.0,6.842698132962639,False
1472.0999999997566,26.57865093351868,26.57865093351868,3.4213490664813193,6.842698132962639,0.0,6.842698132962639,False
1472.5999999997562,26.57865093351868,26.57865093351868,3.4213490664813193,6.842698132962639,0.0,6.842698132962639,False
1473.0999999997557,26.57865093351868,26.57865093351868,3.4213490664813193,6.842698132962639,0.0,6.842698132962639,False
1473.5999999997553,26.57865093351868,26.57865093351868,3.4213490664813193,6.842698132962639,0.0,6.842698132962639,False
1474.0999999997548,26.57865093351868,26.57865093351868,3.4213490664813193,6.842698132962639,0.0,6.842698132962639,False
1474.5999999997543,26.57865093351868,26.57865093351868,3.4213490664813193,6.842698132962639,0.0,6.842698132962639,False
1475.099999999754,26.57865093351868,26.57865093351868,3.4213490664813193,6.842698132962639,0.0,6.842698132962639,False
1475.5999999997534,26.57865093351868,26.57865093351868,3.4213490664813193,6.842698132962639,0.0,6.842698132962639,False
1476.099999999753,26.57865093351868,26.57865093351868,3.4213490664813193,6.842698132962639,0.0,6.842698132962639,False
1476.5999999997525,26.57865093351868,26.57865093351868,3.4213490664813193,6.842698132962639,0.0,6.842698132962639,False
1477.099999999752,26.57865093351868,26.57865093351868,3.4213490664813193,6.842698132962639,0.0,6.842698132962639,False
1477.5999999997516,26.57865093351868,26.57865093351868,3.4213490664813193,6.842698132962639,0.0,6.842698132962639,False
1478.0999999997512,26.57865093351868,26.57865093351868,3.4213490664813193,6.842698132962639,0.0,6.842698132962639,False
1478.5999999997507,26.57865093351868,26.57865093351868,3.4213490664813193,6.842698132962639,0.0,6.842698132962639,False
1479.0999999997503,26.57865093351868,26.57865093351868,3.4213490664813193,6.842698132962639,0.0,6.842698132962639,False
1479.5999999997498,26.57865093351868,26.57865093351868,3.4213490664813193,6.842698132962639,0.0,6.842698132962639,False
1480.0999999997493,26.57865093351868,26.57865093351868,3.4213490664813193,6.842698132962639,0.0,6.842698132962639,False
1480.599999999749,26.57865093351868,26.57865093351868,3.4213490664813193,6.842698132962639,0.0,6.842698132962639,False
1481.0999999997484,26.57865093351868,26.57865093351868,3.4213490664813193,6.842698132962639,0.0,6.842698132962639,False
1481.599999999748,26.57865093351868,26.57865093351868,3.4213490664813193,6.842698132962639,0.0,6.842698132962639,False
1482.0999999997475,26.57865093351868,26.57865093351868,3.4213490664813193,6.842698132962639,0.0,6.842698132962639,False
1482.599999999747,26.57865093351868,26.57865093351868,3.4213490664813193,6.842698132962639,0.0,6.842698132962639,False
1483.0999999997466,26.57865093351868,26.57865093351868,3.4213490664813193,6.842698132962639,0.0,6.842698132962639,False
1483.5999999997462,26.57865093351868,26.57865093351868,3.4213490664813193,6.842698132962639,0.0,6.842698132962639,False
1484.0999999997457,26.57865093351868,26.57865093351868,3.4213490664813193,6.842698132962639,0.0,6.842698132962639,False
1484.5999999997453,26.57865093351868,26.57865093351868,3.4213490664813193,6.842698132962639,0.0,6.842698132962639,False
1485.0999999997448,26.57865093351868,26.57865093351868,3.4213490664813193,6.842698132962639,0.0,6.842698132962639,False
1485.5999999997443,26.57865093351868,26.57865093351868,3.4213490664813193,6.842698132962639,0.0,6.842698132962639,False
1486.0999999997439,26.57865093351868,26.57865093351868,3.4213490664813193,6.842698132962639,0.0,6.842698132962639,False
1486.5999999997434,26.57865093351868,26.57865093351868,3.4213490664813193,6.842698132962639,0.0,6.842698132962639,False
1487.099999999743,26.57865093351868,26.57865093351868,3.4213490664813193,6.842698132962639,0.0,6.842698132962639,False
1487.5999999997425,26.57865093351868,26.57865093351868,3.4213490664813193,6.842698132962639,0.0,6.842698132962639,False
1488.099999999742,26.57865093351868,26.57865093351868,3.4213490664813193,6.842698132962639,0.0,6.842698132962639,False
1488.5999999997416,26.57865093351868,26.57865093351868,3.4213490664813193,6.842698132962639,0.0,6.842698132962639,False
1489.0999999997412,26.57865093351868,26.57865093351868,3.4213490664813193,6.842698132962639,0.0,6.842698132962639,False
1489.5999999997407,26.57865093351868,26.57865093351868,3.4213490664813193,6.842698132962639,0.0,6.842698132962639,False
1490.0999999997402,26.57865093351868,26.57865093351868,3.4213490664813193,6.842698132962639,0.0,6.842698132962639,False
1490.5999999997398,26.57865093351868,26.57865093351868,3.4213490664813193,6.842698132962639,0.0,6.842698132962639,False
1491.0999999997393,26.57865093351868,26.57865093351868,3.4213490664813193,6.842698132962639,0.0,6.842698132962639,False
1491.5999999997389,26.57865093351868,26.57865093351868,3.4213490664813193,6.842698132962639,0.0,6.842698132962639,False
1492.0999999997384,26.57865093351868,26.57865093351868,3.4213490664813193,6.842698132962639,0.0,6.842698132962639,False
1492.599999999738,26.57865093351868,26.57865093351868,3.4213490664813193,6.842698132962639,0.0,6.842698132962639,False
1493.0999999997375,26.57865093351868,26.57865093351868,3.4213490664813193,6.842698132962639,0.0,6.842698132962639,False
1493.599999999737,26.57865093351868,26.57865093351868,3.4213490664813193,6.842698132962639,0.0,6.842698132962639,False
1494.0999999997366,26.57865093351868,26.57865093351868,3.4213490664813193,6.842698132962639,0.0,6.842698132962639,False
1494.5999999997362,26.57865093351868,26.57865093351868,3.4213490664813193,6.842698132962639,0.0,6.842698132962639,False
1495.0999999997357,26.57865093351868,26.57865093351868,3.4213490664813193,6.842698132962639,0.0,6.842698132962639,False
1495.5999999997352,26.57865093351868,26.57865093351868,3.4213490664813193,6.842698132962639,0.0,6.842698132962639,False
1496.0999999997348,26.57865093351868,26.57865093351868,3.4213490664813193,6.842698132962639,0.0,6.842698132962639,False
1496.5999999997343,26.57865093351868,26.57865093351868,3.4213490664813193,6.842698132962639,0.0,6.842698132962639,False
1497.0999999997339,26.57865093351868,26.57865093351868,3.4213490664813193,6.842698132962639,0.0,6.842698132962639,False
1497.5999999997334,26.57865093351868,26.57865093351868,3.4213490664813193,6.842698132962639,0.0,6.842698132962639,False
1498.099999999733,26.57865093351868,26.57865093351868,3.4213490664813193,6.842698132962639,0.0,6.842698132962639,False
1498.5999999997325,26.57865093351868,26.57865093351868,3.4213490664813193,6.842698132962639,0.0,6.842698132962639,False
1499.099999999732,26.57865093351868,26.57865093351868,3.4213490664813193,6.842698132962639,0.0,6.842698132962639,False
1499.5999999997316,26.57865093351868,26.57865093351868,3.4213490664813193,6.842698132962639,0.0,6.842698132962639,False
1500.0999999997312,26.57865093351868,26.57865093351868,3.4213490664813193,6.842698132962639,0.0,6.842698132962639,False
1500.5999999997307,26.57865093351868,26.57865093351868,3.4213490664813193,6.842698132962639,0.0,6.842698132962639,False
1501.0999999997302,26.57865093351868,26.57865093351868,3.4213490664813193,6.842698132962639,0.0,6.842698132962639,False
1501.5999999997298,26.57865093351868,26.57865093351868,3.4213490664813193,6.842698132962639,0.0,6.842698132962639,False
1502.0999999997293,26.57865093351868,26.57865093351868,3.4213490664813193,6.842698132962639,0.0,6.842698132962639,False
1502.5999999997289,26.57865093351868,26.57865093351868,3.4213490664813193,6.842698132962639,0.0,6.842698132962639,False
1503.0999999997284,26.57865093351868,26.57865093351868,3.4213490664813193,6.842698132962639,0.0,6.842698132962639,False
1503.599999999728,26.57865093351868,26.57865093351868,3.4213490664813193,6.842698132962639,0.0,6.842698132962639,False
1504.0999999997275,26.57865093351868,26.57865093351868,3.4213490664813193,6.842698132962639,0.0,6.842698132962639,False
1504.599999999727,26.57865093351868,26.57865093351868,3.4213490664813193,6.842698132962639,0.0,6.842698132962639,False
1505.0999999997266,26.57865093351868,26.57865093351868,3.4213490664813193,6.842698132962639,0.0,6.842698132962639,False
1505.5999999997262,26.57865093351868,26.57865093351868,3.4213490664813193,6.842698132962639,0.0,6.842698132962639,False
1506.0999999997257,26.57865093351868,26.57865093351868,3.4213490664813193,6.842698132962639,0.0,6.842698132962639,False
1506.5999999997252,26.57865093351868,26.57865093351868,3.4213490664813193,6.842698132962639,0.0,6.842698132962639,False
1507.0999999997248,26.57865093351868,26.57865093351868,3.4213490664813193,6.842698132962639,0.0,6.842698132962639,False
1507.5999999997243,26.57865093351868,26.57865093351868,3.4213490664813193,6.842698132962639,0.0,6.842698132962639,False
1508.0999999997239,26.57865093351868,26.57865093351868,3.4213490664813193,6.842698132962639,0.0,6.842698132962639,False
1508.5999999997234,26.57865093351868,26.57865093351868,3.4213490664813193,6.842698132962639,0.0,6.842698132962639,False
1509.099999999723,26.57865093351868,26.57865093351868,3.4213490664813193,6.842698132962639,0.0,6.842698132962639,False
1509.5999999997225,26.57865093351868,26.57865093351868,3.4213490664813193,6.842698132962639,0.0,6.842698132962639,False
1510.099999999722,26.57865093351868,26.57865093351868,3.4213490664813193,6.842698132962639,0.0,6.842698132962639,False
1510.5999999997216,26.57865093351868,26.57865093351868,3.4213490664813193,6.842698132962639,0.0,6.842698132962639,False
1511.0999999997211,26.57865093351868,26.57865093351868,3.4213490664813193,6.842698132962639,0.0,6.842698132962639,False
1511.5999999997207,26.57865093351868,26.57865093351868,3.4213490664813193,6.842698132962639,0.0,6.842698132962639,False
1512.0999999997202,26.57865093351868,26.57865093351868,3.4213490664813193,6.842698132962639,0.0,6.842698132962639,False
1512.5999999997198,26.57865093351868,26.57865093351868,3.4213490664813193,6.842698132962639,0.0,6.842698132962639,False
1513.0999999997193,26.57865093351868,26.57865093351868,3.4213490664813193,6.842698132962639,0.0,6.842698132962639,False
1513.5999999997189,26.57865093351868,26.57865093351868,3.4213490664813193,6.842698132962639,0.0,6.842698132962639,False
1514.0999999997184,26.57865093351868,26.57865093351868,3.4213490664813193,6.842698132962639,0.0,6.842698132962639,False
1514.599999999718,26.57865093351868,26.57865093351868,3.4213490664813193,6.842698132962639,0.0,6.842698132962639,False
1515.0999999997175,26.57865093351868,26.57865093351868,3.4213490664813193,6.842698132962639,0.0,6.842698132962639,False
1515.599999999717,26.57865093351868,26.57865093351868,3.4213490664813193,6.842698132962639,0.0,6.842698132962639,False
1516.0999999997166,26.57865093351868,26.57865093351868,3.4213490664813193,6.842698132962639,0.0,6.842698132962639,False
1516.5999999997161,26.57865093351868,26.57865093351868,3.4213490664813193,6.842698132962639,0.0,6.842698132962639,False
1517.0999999997157,26.57865093351868,26.57865093351868,3.4213490664813193,6.842698132962639,0.0,6.842698132962639,False
1517.5999999997152,26.57865093351868,26.57865093351868,3.4213490664813193,6.842698132962639,0.0,6.842698132962639,False
1518.0999999997148,26.57865093351868,26.57865093351868,3.4213490664813193,6.842698132962639,0.0,6.842698132962639,False
1518.5999999997143,26.57865093351868,26.57865093351868,3.4213490664813193,6.842698132962639,0.0,6.842698132962639,False
1519.0999999997139,26.57865093351868,26.57865093351868,3.4213490664813193,6.842698132962639,0.0,6.842698132962639,False
1519.5999999997134,26.57865093351868,26.57865093351868,3.4213490664813193,6.842698132962639,0.0,6.842698132962639,False
1520.099999999713,26.57865093351868,26.57865093351868,3.4213490664813193,6.842698132962639,0.0,6.842698132962639,False
1520.5999999997125,26.57865093351868,26.57865093351868,3.4213490664813193,6.842698132962639,0.0,6.842698132962639,False
1521.099999999712,26.57865093351868,26.57865093351868,3.4213490664813193,6.842698132962639,0.0,6.842698132962639,False
1521.5999999997116,26.57865093351868,26.57865093351868,3.4213490664813193,6.842698132962639,0.0,6.842698132962639,False
1522.0999999997111,26.57865093351868,26.57865093351868,3.4213490664813193,6.842698132962639,0.0,6.842698132962639,False
1522.5999999997107,26.57865093351868,26.57865093351868,3.4213490664813193,6.842698132962639,0.0,6.842698132962639,False
1523.0999999997102,26.57865093351868,26.57865093351868,3.4213490664813193,6.842698132962639,0.0,6.842698132962639,False
1523.5999999997098,26.57865093351868,26.57865093351868,3.4213490664813193,6.842698132962639,0.0,6.842698132962639,False
1524.0999999997093,26.57865093351868,26.57865093351868,3.4213490664813193,6.842698132962639,0.0,6.842698132962639,False
1524.5999999997089,26.57865093351868,26.57865093351868,3.4213490664813193,6.842698132962639,0.0,6.842698132962639,False
1525.0999999997084,26.57865093351868,26.57865093351868,3.4213490664813193,6.842698132962639,0.0,6.842698132962639,False
1525.599999999708,26.57865093351868,26.57865093351868,3.4213490664813193,6.842698132962639,0.0,6.842698132962639,False
1526.0999999997075,26.57865093351868,26.57865093351868,3.4213490664813193,6.842698132962639,0.0,6.842698132962639,False
1526.599999999707,26.57865093351868,26.57865093351868,3.4213490664813193,6.842698132962639,0.0,6.842698132962639,False
1527.0999999997066,26.57865093351868,26.57865093351868,3.4213490664813193,6.842698132962639,0.0,6.842698132962639,False
1527.5999999997061,26.57865093351868,26.57865093351868,3.4213490664813193,6.842698132962639,0.0,6.842698132962639,False
1528.0999999997057,26.57865093351868,26.57865093351868,3.4213490664813193,6.842698132962639,0.0,6.842698132962639,False
1528.5999999997052,26.57865093351868,26.57865093351868,3.4213490664813193,6.842698132962639,0.0,6.842698132962639,False
1529.0999999997048,26.57865093351868,26.57865093351868,3.4213490664813193,6.842698132962639,0.0,6.842698132962639,False
1529.5999999997043,26.57865093351868,26.57865093351868,3.4213490664813193,6.842698132962639,0.0,6.842698132962639,False
1530.0999999997039,26.57865093351868,26.57865093351868,3.4213490664813193,6.842698132962639,0.0,6.842698132962639,False
1530.5999999997034,26.57865093351868,26.57865093351868,3.4213490664813193,6.842698132962639,0.0,6.842698132962639,False
1531.099999999703,26.57865093351868,26.57865093351868,3.4213490664813193,6.842698132962639,0.0,6.842698132962639,False
1531.5999999997025,26.57865093351868,26.57865093351868,3.4213490664813193,6.842698132962639,0.0,6.842698132962639,False
1532.099999999702,26.57865093351868,26.57865093351868,3.4213490664813193,6.842698132962639,0.0,6.842698132962639,False
1532.5999999997016,26.57865093351868,26.57865093351868,3.4213490664813193,6.842698132962639,0.0,6.842698132962639,False
1533.0999999997011,26.57865093351868,26.57865093351868,3.4213490664813193,6.842698132962639,0.0,6.842698132962639,False
1533.5999999997007,26.57865093351868,26.57865093351868,3.4213490664813193,6.842698132962639,0.0,6.842698132962639,False
1534.0999999997002,26.57865093351868,26.57865093351868,3.4213490664813193,6.842698132962639,0.0,6.842698132962639,False
1534.5999999996998,26.57865093351868,26.57865093351868,3.4213490664813193,6.842698132962639,0.0,6.842698132962639,False
1535.0999999996993,26.57865093351868,26.57865093351868,3.4213490664813193,6.842698132962639,0.0,6.842698132962639,False
1535.5999999996989,26.57865093351868,26.57865093351868,3.4213490664813193,6.842698132962639,0.0,6.842698132962639,False
1536.0999999996984,26.57865093351868,26.57865093351868,3.4213490664813193,6.842698132962639,0.0,6.842698132962639,False
1536.599999999698,26.57865093351868,26.57865093351868,3.4213490664813193,6.842698132962639,0.0,6.842698132962639,False
1537.0999999996975,26.57865093351868,26.57865093351868,3.4213490664813193,6.842698132962639,0.0,6.842698132962639,False
1537.599999999697,26.57865093351868,26.57865093351868,3.4213490664813193,6.842698132962639,0.0,6.842698132962639,False
1538.0999999996966,26.57865093351868,26.57865093351868,3.4213490664813193,6.842698132962639,0.0,6.842698132962639,False
1538.5999999996961,26.57865093351868,26.57865093351868,3.4213490664813193,6.842698132962639,0.0,6.842698132962639,False
1539.0999999996957,26.57865093351868,26.57865093351868,3.4213490664813193,6.842698132962639,0.0,6.842698132962639,False
1539.5999999996952,26.57865093351868,26.57865093351868,3.4213490664813193,6.842698132962639,0.0,6.842698132962639,False
1540.0999999996948,26.57865093351868,26.57865093351868,3.4213490664813193,6.842698132962639,0.0,6.842698132962639,False
1540.5999999996943,26.57865093351868,26.57865093351868,3.4213490664813193,6.842698132962639,0.0,6.842698132962639,False
1541.0999999996939,26.57865093351868,26.57865093351868,3.4213490664813193,6.842698132962639,0.0,6.842698132962639,False
1541.5999999996934,26.57865093351868,26.57865093351868,3.4213490664813193,6.842698132962639,0.0,6.842698132962639,False
1542.099999999693,26.57865093351868,26.57865093351868,3.4213490664813193,6.842698132962639,0.0,6.842698132962639,False
1542.5999999996925,26.57865093351868,26.57865093351868,3.4213490664813193,6.842698132962639,0.0,6.842698132962639,False
1543.099999999692,26.57865093351868,26.57865093351868,3.4213490664813193,6.842698132962639,0.0,6.842698132962639,False
1543.5999999996916,26.57865093351868,26.57865093351868,3.4213490664813193,6.842698132962639,0.0,6.842698132962639,False
1544.0999999996911,26.57865093351868,26.57865093351868,3.4213490664813193,6.842698132962639,0.0,6.842698132962639,False
1544.5999999996907,26.57865093351868,26.57865093351868,3.4213490664813193,6.842698132962639,0.0,6.842698132962639,False
1545.0999999996902,26.57865093351868,26.57865093351868,3.4213490664813193,6.842698132962639,0.0,6.842698132962639,False
1545.5999999996898,26.57865093351868,26.57865093351868,3.4213490664813193,6.842698132962639,0.0,6.842698132962639,False
1546.0999999996893,26.57865093351868,26.57865093351868,3.4213490664813193,6.842698132962639,0.0,6.842698132962639,False
1546.5999999996889,26.57865093351868,26.57865093351868,3.4213490664813193,6.842698132962639,0.0,6.842698132962639,False
1547.0999999996884,26.57865093351868,26.57865093351868,3.4213490664813193,6.842698132962639,0.0,6.842698132962639,False
1547.599999999688,26.57865093351868,26.57865093351868,3.4213490664813193,6.842698132962639,0.0,6.842698132962639,False
1548.0999999996875,26.57865093351868,26.57865093351868,3.4213490664813193,6.842698132962639,0.0,6.842698132962639,False
1548.599999999687,26.57865093351868,26.57865093351868,3.4213490664813193,6.842698132962639,0.0,6.842698132962639,False
1549.0999999996866,26.57865093351868,26.57865093351868,3.4213490664813193,6.842698132962639,0.0,6.842698132962639,False
1549.5999999996861,26.57865093351868,26.57865093351868,3.4213490664813193,6.842698132962639,0.0,6.842698132962639,False
1550.0999999996857,26.57865093351868,26.57865093351868,3.4213490664813193,6.842698132962639,0.0,6.842698132962639,False
1550.5999999996852,26.57865093351868,26.57865093351868,3.4213490664813193,6.842698132962639,0.0,6.842698132962639,False
1551.0999999996848,26.57865093351868,26.57865093351868,3.4213490664813193,6.842698132962639,0.0,6.842698132962639,False
1551.5999999996843,26.57865093351868,26.57865093351868,3.4213490664813193,6.842698132962639,0.0,6.842698132962639,False
1552.0999999996839,26.57865093351868,26.57865093351868,3.4213490664813193,6.842698132962639,0.0,6.842698132962639,False
1552.5999999996834,26.57865093351868,26.57865093351868,3.4213490664813193,6.842698132962639,0.0,6.842698132962639,False
1553.099999999683,26.57865093351868,26.57865093351868,3.4213490664813193,6.842698132962639,0.0,6.842698132962639,False
1553.5999999996825,26.57865093351868,26.57865093351868,3.4213490664813193,6.842698132962639,0.0,6.842698132962639,False
1554.099999999682,26.57865093351868,26.57865093351868,3.4213490664813193,6.842698132962639,0.0,6.842698132962639,False
1554.5999999996816,26.57865093351868,26.57865093351868,3.4213490664813193,6.842698132962639,0.0,6.842698132962639,False
1555.0999999996811,26.57865093351868,26.57865093351868,3.4213490664813193,6.842698132962639,0.0,6.842698132962639,False
1555.5999999996807,26.57865093351868,26.57865093351868,3.4213490664813193,6.842698132962639,0.0,6.842698132962639,False
1556.0999999996802,26.57865093351868,26.57865093351868,3.4213490664813193,6.842698132962639,0.0,6.842698132962639,False
1556.5999999996798,26.57865093351868,26.57865093351868,3.4213490664813193,6.842698132962639,0.0,6.842698132962639,False
1557.0999999996793,26.57865093351868,26.57865093351868,3.4213490664813193,6.842698132962639,0.0,6.842698132962639,False
1557.5999999996789,26.57865093351868,26.57865093351868,3.4213490664813193,6.842698132962639,0.0,6.842698132962639,False
1558.0999999996784,26.57865093351868,26.57865093351868,3.4213490664813193,6.842698132962639,0.0,6.842698132962639,False
1558.599999999678,26.57865093351868,26.57865093351868,3.4213490664813193,6.842698132962639,0.0,6.842698132962639,False
1559.0999999996775,26.57865093351868,26.57865093351868,3.4213490664813193,6.842698132962639,0.0,6.842698132962639,False
1559.599999999677,26.57865093351868,26.57865093351868,3.4213490664813193,6.842698132962639,0.0,6.842698132962639,False
1560.0999999996766,26.57865093351868,26.57865093351868,3.4213490664813193,6.842698132962639,0.0,6.842698132962639,False
1560.5999999996761,26.57865093351868,26.57865093351868,3.4213490664813193,6.842698132962639,0.0,6.842698132962639,False
1561.0999999996757,26.57865093351868,26.57865093351868,3.4213490664813193,6.842698132962639,0.0,6.842698132962639,False
1561.5999999996752,26.57865093351868,26.57865093351868,3.4213490664813193,6.842698132962639,0.0,6.842698132962639,False
1562.0999999996748,26.57865093351868,26.57865093351868,3.4213490664813193,6.842698132962639,0.0,6.842698132962639,False
1562.5999999996743,26.57865093351868,26.57865093351868,3.4213490664813193,6.842698132962639,0.0,6.842698132962639,False
1563.0999999996739,26.57865093351868,26.57865093351868,3.4213490664813193,6.842698132962639,0.0,6.842698132962639,False
1563.5999999996734,26.57865093351868,26.57865093351868,3.4213490664813193,6.842698132962639,0.0,6.842698132962639,False
1564.099999999673,26.57865093351868,26.57865093351868,3.4213490664813193,6.842698132962639,0.0,6.842698132962639,False
1564.5999999996725,26.57865093351868,26.57865093351868,3.4213490664813193,6.842698132962639,0.0,6.842698132962639,False
1565.099999999672,26.57865093351868,26.57865093351868,3.4213490664813193,6.842698132962639,0.0,6.842698132962639,False
1565.5999999996716,26.57865093351868,26.57865093351868,3.4213490664813193,6.842698132962639,0.0,6.842698132962639,False
1566.0999999996711,26.57865093351868,26.57865093351868,3.4213490664813193,6.842698132962639,0.0,6.842698132962639,False
1566.5999999996707,26.57865093351868,26.57865093351868,3.4213490664813193,6.842698132962639,0.0,6.842698132962639,False
1567.0999999996702,26.57865093351868,26.57865093351868,3.4213490664813193,6.842698132962639,0.0,6.842698132962639,False
1567.5999999996698,26.57865093351868,26.57865093351868,3.4213490664813193,6.842698132962639,0.0,6.842698132962639,False
1568.0999999996693,26.57865093351868,26.57865093351868,3.4213490664813193,6.842698132962639,0.0,6.842698132962639,False
1568.5999999996689,26.57865093351868,26.57865093351868,3.4213490664813193,6.842698132962639,0.0,6.842698132962639,False
1569.0999999996684,26.57865093351868,26.57865093351868,3.4213490664813193,6.842698132962639,0.0,6.842698132962639,False
1569.599999999668,26.57865093351868,26.57865093351868,3.4213490664813193,6.842698132962639,0.0,6.842698132962639,False
1570.0999999996675,26.57865093351868,26.57865093351868,3.4213490664813193,6.842698132962639,0.0,6.842698132962639,False
1570.599999999667,26.57865093351868,26.57865093351868,3.4213490664813193,6.842698132962639,0.0,6.842698132962639,False
1571.0999999996666,26.57865093351868,26.57865093351868,3.4213490664813193,6.842698132962639,0.0,6.842698132962639,False
1571.5999999996661,26.57865093351868,26.57865093351868,3.4213490664813193,6.842698132962639,0.0,6.842698132962639,False
1572.0999999996657,26.57865093351868,26.57865093351868,3.4213490664813193,6.842698132962639,0.0,6.842698132962639,False
1572.5999999996652,26.57865093351868,26.57865093351868,3.4213490664813193,6.842698132962639,0.0,6.842698132962639,False
1573.0999999996648,26.57865093351868,26.57865093351868,3.4213490664813193,6.842698132962639,0.0,6.842698132962639,False
1573.5999999996643,26.57865093351868,26.57865093351868,3.4213490664813193,6.842698132962639,0.0,6.842698132962639,False
1574.0999999996639,26.57865093351868,26.57865093351868,3.4213490664813193,6.842698132962639,0.0,6.842698132962639,False
1574.5999999996634,26.57865093351868,26.57865093351868,3.4213490664813193,6.842698132962639,0.0,6.842698132962639,False
1575.099999999663,26.57865093351868,26.57865093351868,3.4213490664813193,6.842698132962639,0.0,6.842698132962639,False
1575.5999999996625,26.57865093351868,26.57865093351868,3.4213490664813193,6.842698132962639,0.0,6.842698132962639,False
1576.099999999662,26.57865093351868,26.57865093351868,3.4213490664813193,6.842698132962639,0.0,6.842698132962639,False
1576.5999999996616,26.57865093351868,26.57865093351868,3.4213490664813193,6.842698132962639,0.0,6.842698132962639,False
1577.0999999996611,26.57865093351868,26.57865093351868,3.4213490664813193,6.842698132962639,0.0,6.842698132962639,False
1577.5999999996607,26.57865093351868,26.57865093351868,3.4213490664813193,6.842698132962639,0.0,6.842698132962639,False
1578.0999999996602,26.57865093351868,26.57865093351868,3.4213490664813193,6.842698132962639,0.0,6.842698132962639,False
1578.5999999996598,26.57865093351868,26.57865093351868,3.4213490664813193,6.842698132962639,0.0,6.842698132962639,False
1579.0999999996593,26.57865093351868,26.57865093351868,3.4213490664813193,6.842698132962639,0.0,6.842698132962639,False
1579.5999999996588,26.57865093351868,26.57865093351868,3.4213490664813193,6.842698132962639,0.0,6.842698132962639,False
1580.0999999996584,26.57865093351868,26.57865093351868,3.4213490664813193,6.842698132962639,0.0,6.842698132962639,False
1580.599999999658,26.57865093351868,26.57865093351868,3.4213490664813193,6.842698132962639,0.0,6.842698132962639,False
1581.0999999996575,26.57865093351868,26.57865093351868,3.4213490664813193,6.842698132962639,0.0,6.842698132962639,False
1581.599999999657,26.57865093351868,26.57865093351868,3.4213490664813193,6.842698132962639,0.0,6.842698132962639,False
1582.0999999996566,26.57865093351868,26.57865093351868,3.4213490664813193,6.842698132962639,0.0,6.842698132962639,False
1582.5999999996561,26.57865093351868,26.57865093351868,3.4213490664813193,6.842698132962639,0.0,6.842698132962639,False
1583.0999999996557,26.57865093351868,26.57865093351868,3.4213490664813193,6.842698132962639,0.0,6.842698132962639,False
1583.5999999996552,26.57865093351868,26.57865093351868,3.4213490664813193,6.842698132962639,0.0,6.842698132962639,False
1584.0999999996548,26.57865093351868,26.57865093351868,3.4213490664813193,6.842698132962639,0.0,6.842698132962639,False
1584.5999999996543,26.57865093351868,26.57865093351868,3.4213490664813193,6.842698132962639,0.0,6.842698132962639,False
1585.0999999996538,26.57865093351868,26.57865093351868,3.4213490664813193,6.842698132962639,0.0,6.842698132962639,False
1585.5999999996534,26.57865093351868,26.57865093351868,3.4213490664813193,6.842698132962639,0.0,6.842698132962639,False
1586.099999999653,26.57865093351868,26.57865093351868,3.4213490664813193,6.842698132962639,0.0,6.842698132962639,False
1586.5999999996525,26.57865093351868,26.57865093351868,3.4213490664813193,6.842698132962639,0.0,6.842698132962639,False
1587.099999999652,26.57865093351868,26.57865093351868,3.4213490664813193,6.842698132962639,0.0,6.842698132962639,False
1587.5999999996516,26.57865093351868,26.57865093351868,3.4213490664813193,6.842698132962639,0.0,6.842698132962639,False
1588.0999999996511,26.57865093351868,26.57865093351868,3.4213490664813193,6.842698132962639,0.0,6.842698132962639,False
1588.5999999996507,26.57865093351868,26.57865093351868,3.4213490664813193,6.842698132962639,0.0,6.842698132962639,False
1589.0999999996502,26.57865093351868,26.57865093351868,3.4213490664813193,6.842698132962639,0.0,6.842698132962639,False
1589.5999999996498,26.57865093351868,26.57865093351868,3.4213490664813193,6.842698132962639,0.0,6.842698132962639,False
1590.0999999996493,26.57865093351868,26.57865093351868,3.4213490664813193,6.842698132962639,0.0,6.842698132962639,False
1590.5999999996488,26.57865093351868,26.57865093351868,3.4213490664813193,6.842698132962639,0.0,6.842698132962639,False
1591.0999999996484,26.57865093351868,26.57865093351868,3.4213490664813193,6.842698132962639,0.0,6.842698132962639,False
1591.599999999648,26.57865093351868,26.57865093351868,3.4213490664813193,6.842698132962639,0.0,6.842698132962639,False
1592.0999999996475,26.57865093351868,26.57865093351868,3.4213490664813193,6.842698132962639,0.0,6.842698132962639,False
1592.599999999647,26.57865093351868,26.57865093351868,3.4213490664813193,6.842698132962639,0.0,6.842698132962639,False
1593.0999999996466,26.57865093351868,26.57865093351868,3.4213490664813193,6.842698132962639,0.0,6.842698132962639,False
1593.5999999996461,26.57865093351868,26.57865093351868,3.4213490664813193,6.842698132962639,0.0,6.842698132962639,False
1594.0999999996457,26.57865093351868,26.57865093351868,3.4213490664813193,6.842698132962639,0.0,6.842698132962639,False
1594.5999999996452,26.57865093351868,26.57865093351868,3.4213490664813193,6.842698132962639,0.0,6.842698132962639,False
1595.0999999996448,26.57865093351868,26.57865093351868,3.4213490664813193,6.842698132962639,0.0,6.842698132962639,False
1595.5999999996443,26.57865093351868,26.57865093351868,3.4213490664813193,6.842698132962639,0.0,6.842698132962639,False
1596.0999999996438,26.57865093351868,26.57865093351868,3.4213490664813193,6.842698132962639,0.0,6.842698132962639,False
1596.5999999996434,26.57865093351868,26.57865093351868,3.4213490664813193,6.842698132962639,0.0,6.842698132962639,False
1597.099999999643,26.57865093351868,26.57865093351868,3.4213490664813193,6.842698132962639,0.0,6.842698132962639,False
1597.5999999996425,26.57865093351868,26.57865093351868,3.4213490664813193,6.842698132962639,0.0,6.842698132962639,False
1598.099999999642,26.57865093351868,26.57865093351868,3.4213490664813193,6.842698132962639,0.0,6.842698132962639,False
1598.5999999996416,26.57865093351868,26.57865093351868,3.4213490664813193,6.842698132962639,0.0,6.842698132962639,False
1599.099999999641,26.57865093351868,26.57865093351868,3.4213490664813193,6.842698132962639,0.0,6.842698132962639,False
1599.5999999996407,26.57865093351868,26.57865093351868,3.4213490664813193,6.842698132962639,0.0,6.842698132962639,False
1600.0999999996402,26.57865093351868,26.57865093351868,3.4213490664813193,6.842698132962639,0.0,6.842698132962639,False
1600.5999999996397,26.57865093351868,26.57865093351868,3.4213490664813193,6.842698132962639,0.0,6.842698132962639,False
1601.0999999996393,26.57865093351868,26.57865093351868,3.4213490664813193,6.842698132962639,0.0,6.842698132962639,False
1601.5999999996388,26.57865093351868,26.57865093351868,3.4213490664813193,6.842698132962639,0.0,6.842698132962639,False
1602.0999999996384,26.57865093351868,26.57865093351868,3.4213490664813193,6.842698132962639,0.0,6.842698132962639,False
1602.599999999638,26.57865093351868,26.57865093351868,3.4213490664813193,6.842698132962639,0.0,6.842698132962639,False
1603.0999999996375,26.57865093351868,26.57865093351868,3.4213490664813193,6.842698132962639,0.0,6.842698132962639,False
1603.599999999637,26.57865093351868,26.57865093351868,3.4213490664813193,6.842698132962639,0.0,6.842698132962639,False
1604.0999999996366,26.57865093351868,26.57865093351868,3.4213490664813193,6.842698132962639,0.0,6.842698132962639,False
1604.599999999636,26.57865093351868,26.57865093351868,3.4213490664813193,6.842698132962639,0.0,6.842698132962639,False
1605.0999999996357,26.57865093351868,26.57865093351868,3.4213490664813193,6.842698132962639,0.0,6.842698132962639,False
1605.5999999996352,26.57865093351868,26.57865093351868,3.4213490664813193,6.842698132962639,0.0,6.842698132962639,False
1606.0999999996347,26.57865093351868,26.57865093351868,3.4213490664813193,6.842698132962639,0.0,6.842698132962639,False
1606.5999999996343,26.57865093351868,26.57865093351868,3.4213490664813193,6.842698132962639,0.0,6.842698132962639,False
1607.0999999996338,26.57865093351868,26.57865093351868,3.4213490664813193,6.842698132962639,0.0,6.842698132962639,False
1607.5999999996334,26.57865093351868,26.57865093351868,3.4213490664813193,6.842698132962639,0.0,6.842698132962639,False
1608.099999999633,26.57865093351868,26.57865093351868,3.4213490664813193,6.842698132962639,0.0,6.842698132962639,False
1608.5999999996325,26.57865093351868,26.57865093351868,3.4213490664813193,6.842698132962639,0.0,6.842698132962639,False
1609.099999999632,26.57865093351868,26.57865093351868,3.4213490664813193,6.842698132962639,0.0,6.842698132962639,False
1609.5999999996316,26.57865093351868,26.57865093351868,3.4213490664813193,6.842698132962639,0.0,6.842698132962639,False
1610.099999999631,26.57865093351868,26.57865093351868,3.4213490664813193,6.842698132962639,0.0,6.842698132962639,False
1610.5999999996307,26.57865093351868,26.57865093351868,3.4213490664813193,6.842698132962639,0.0,6.842698132962639,False
1611.0999999996302,26.57865093351868,26.57865093351868,3.4213490664813193,6.842698132962639,0.0,6.842698132962639,False
1611.5999999996297,26.57865093351868,26.57865093351868,3.4213490664813193,6.842698132962639,0.0,6.842698132962639,False
1612.0999999996293,26.57865093351868,26.57865093351868,3.4213490664813193,6.842698132962639,0.0,6.842698132962639,False
1612.5999999996288,26.57865093351868,26.57865093351868,3.4213490664813193,6.842698132962639,0.0,6.842698132962639,False
1613.0999999996284,26.57865093351868,26.57865093351868,3.4213490664813193,6.842698132962639,0.0,6.842698132962639,False
1613.599999999628,26.57865093351868,26.57865093351868,3.4213490664813193,6.842698132962639,0.0,6.842698132962639,False
1614.0999999996275,26.57865093351868,26.57865093351868,3.4213490664813193,6.842698132962639,0.0,6.842698132962639,False
1614.599999999627,26.57865093351868,26.57865093351868,3.4213490664813193,6.842698132962639,0.0,6.842698132962639,False
1615.0999999996266,26.57865093351868,26.57865093351868,3.4213490664813193,6.842698132962639,0.0,6.842698132962639,False
1615.599999999626,26.57865093351868,26.57865093351868,3.4213490664813193,6.842698132962639,0.0,6.842698132962639,False
1616.0999999996257,26.57865093351868,26.57865093351868,3.4213490664813193,6.842698132962639,0.0,6.842698132962639,False
1616.5999999996252,26.57865093351868,26.57865093351868,3.4213490664813193,6.842698132962639,0.0,6.842698132962639,False
1617.0999999996247,26.57865093351868,26.57865093351868,3.4213490664813193,6.842698132962639,0.0,6.842698132962639,False
1617.5999999996243,26.57865093351868,26.57865093351868,3.4213490664813193,6.842698132962639,0.0,6.842698132962639,False
1618.0999999996238,26.57865093351868,26.57865093351868,3.4213490664813193,6.842698132962639,0.0,6.842698132962639,False
1618.5999999996234,26.57865093351868,26.57865093351868,3.4213490664813193,6.842698132962639,0.0,6.842698132962639,False
1619.099999999623,26.57865093351868,26.57865093351868,3.4213490664813193,6.842698132962639,0.0,6.842698132962639,False
1619.5999999996225,26.57865093351868,26.57865093351868,3.4213490664813193,6.842698132962639,0.0,6.842698132962639,False
1620.099999999622,26.57865093351868,26.57865093351868,3.4213490664813193,6.842698132962639,0.0,6.842698132962639,False
1620.5999999996216,26.57865093351868,26.57865093351868,3.4213490664813193,6.842698132962639,0.0,6.842698132962639,False
1621.099999999621,26.57865093351868,26.57865093351868,3.4213490664813193,6.842698132962639,0.0,6.842698132962639,False
1621.5999999996206,26.57865093351868,26.57865093351868,3.4213490664813193,6.842698132962639,0.0,6.842698132962639,False
1622.0999999996202,26.57865093351868,26.57865093351868,3.4213490664813193,6.842698132962639,0.0,6.842698132962639,False
1622.5999999996197,26.57865093351868,26.57865093351868,3.4213490664813193,6.842698132962639,0.0,6.842698132962639,False
1623.0999999996193,26.57865093351868,26.57865093351868,3.4213490664813193,6.842698132962639,0.0,6.842698132962639,False
1623.5999999996188,26.57865093351868,26.57865093351868,3.4213490664813193,6.842698132962639,0.0,6.842698132962639,False
1624.0999999996184,26.57865093351868,26.57865093351868,3.4213490664813193,6.842698132962639,0.0,6.842698132962639,False
1624.599999999618,26.57865093351868,26.57865093351868,3.4213490664813193,6.842698132962639,0.0,6.842698132962639,False
1625.0999999996175,26.57865093351868,26.57865093351868,3.4213490664813193,6.842698132962639,0.0,6.842698132962639,False
1625.599999999617,26.57865093351868,26.57865093351868,3.4213490664813193,6.842698132962639,0.0,6.842698132962639,False
1626.0999999996166,26.57865093351868,26.57865093351868,3.4213490664813193,6.842698132962639,0.0,6.842698132962639,False
1626.599999999616,26.57865093351868,26.57865093351868,3.4213490664813193,6.842698132962639,0.0,6.842698132962639,False
1627.0999999996156,26.57865093351868,26.57865093351868,3.4213490664813193,6.842698132962639,0.0,6.842698132962639,False
1627.5999999996152,26.57865093351868,26.57865093351868,3.4213490664813193,6.842698132962639,0.0,6.842698132962639,False
1628.0999999996147,26.57865093351868,26.57865093351868,3.4213490664813193,6.842698132962639,0.0,6.842698132962639,False
1628.5999999996143,26.57865093351868,26.57865093351868,3.4213490664813193,6.842698132962639,0.0,6.842698132962639,False
1629.0999999996138,26.57865093351868,26.57865093351868,3.4213490664813193,6.842698132962639,0.0,6.842698132962639,False
1629.5999999996134,26.57865093351868,26.57865093351868,3.4213490664813193,6.842698132962639,0.0,6.842698132962639,False
1630.099999999613,26.57865093351868,26.57865093351868,3.4213490664813193,6.842698132962639,0.0,6.842698132962639,False
1630.5999999996125,26.57865093351868,26.57865093351868,3.4213490664813193,6.842698132962639,0.0,6.842698132962639,False
1631.099999999612,26.57865093351868,26.57865093351868,3.4213490664813193,6.842698132962639,0.0,6.842698132962639,False
1631.5999999996116,26.57865093351868,26.57865093351868,3.4213490664813193,6.842698132962639,0.0,6.842698132962639,False
1632.099999999611,26.57865093351868,26.57865093351868,3.4213490664813193,6.842698132962639,0.0,6.842698132962639,False
1632.5999999996106,26.57865093351868,26.57865093351868,3.4213490664813193,6.842698132962639,0.0,6.842698132962639,False
1633.0999999996102,26.57865093351868,26.57865093351868,3.4213490664813193,6.842698132962639,0.0,6.842698132962639,False
1633.5999999996097,26.57865093351868,26.57865093351868,3.4213490664813193,6.842698132962639,0.0,6.842698132962639,False
1634.0999999996093,26.57865093351868,26.57865093351868,3.4213490664813193,6.842698132962639,0.0,6.842698132962639,False
1634.5999999996088,26.57865093351868,26.57865093351868,3.4213490664813193,6.842698132962639,0.0,6.842698132962639,False
1635.0999999996084,26.57865093351868,26.57865093351868,3.4213490664813193,6.842698132962639,0.0,6.842698132962639,False
1635.599999999608,26.57865093351868,26.57865093351868,3.4213490664813193,6.842698132962639,0.0,6.842698132962639,False
1636.0999999996075,26.57865093351868,26.57865093351868,3.4213490664813193,6.842698132962639,0.0,6.842698132962639,False
1636.599999999607,26.57865093351868,26.57865093351868,3.4213490664813193,6.842698132962639,0.0,6.842698132962639,False
1637.0999999996066,26.57865093351868,26.57865093351868,3.4213490664813193,6.842698132962639,0.0,6.842698132962639,False
1637.599999999606,26.57865093351868,26.57865093351868,3.4213490664813193,6.842698132962639,0.0,6.842698132962639,False
1638.0999999996056,26.57865093351868,26.57865093351868,3.4213490664813193,6.842698132962639,0.0,6.842698132962639,False
1638.5999999996052,26.57865093351868,26.57865093351868,3.4213490664813193,6.842698132962639,0.0,6.842698132962639,False
1639.0999999996047,26.57865093351868,26.57865093351868,3.4213490664813193,6.842698132962639,0.0,6.842698132962639,False
1639.5999999996043,26.57865093351868,26.57865093351868,3.4213490664813193,6.842698132962639,0.0,6.842698132962639,False
1640.0999999996038,26.57865093351868,26.57865093351868,3.4213490664813193,6.842698132962639,0.0,6.842698132962639,False
1640.5999999996034,26.57865093351868,26.57865093351868,3.4213490664813193,6.842698132962639,0.0,6.842698132962639,False
1641.099999999603,26.57865093351868,26.57865093351868,3.4213490664813193,6.842698132962639,0.0,6.842698132962639,False
1641.5999999996025,26.57865093351868,26.57865093351868,3.4213490664813193,6.842698132962639,0.0,6.842698132962639,False
1642.099999999602,26.57865093351868,26.57865093351868,3.4213490664813193,6.842698132962639,0.0,6.842698132962639,False
1642.5999999996016,26.57865093351868,26.57865093351868,3.4213490664813193,6.842698132962639,0.0,6.842698132962639,False
1643.099999999601,26.57865093351868,26.57865093351868,3.4213490664813193,6.842698132962639,0.0,6.842698132962639,False
1643.5999999996006,26.57865093351868,26.57865093351868,3.4213490664813193,6.842698132962639,0.0,6.842698132962639,False
1644.0999999996002,26.57865093351868,26.57865093351868,3.4213490664813193,6.842698132962639,0.0,6.842698132962639,False
1644.5999999995997,26.57865093351868,26.57865093351868,3.4213490664813193,6.842698132962639,0.0,6.842698132962639,False
1645.0999999995993,26.57865093351868,26.57865093351868,3.4213490664813193,6.842698132962639,0.0,6.842698132962639,False
1645.5999999995988,26.57865093351868,26.57865093351868,3.4213490664813193,6.842698132962639,0.0,6.842698132962639,False
1646.0999999995984,26.57865093351868,26.57865093351868,3.4213490664813193,6.842698132962639,0.0,6.842698132962639,False
1646.599999999598,26.57865093351868,26.57865093351868,3.4213490664813193,6.842698132962639,0.0,6.842698132962639,False
1647.0999999995975,26.57865093351868,26.57865093351868,3.4213490664813193,6.842698132962639,0.0,6.842698132962639,False
1647.599999999597,26.57865093351868,26.57865093351868,3.4213490664813193,6.842698132962639,0.0,6.842698132962639,False
1648.0999999995965,26.57865093351868,26.57865093351868,3.4213490664813193,6.842698132962639,0.0,6.842698132962639,False
1648.599999999596,26.57865093351868,26.57865093351868,3.4213490664813193,6.842698132962639,0.0,6.842698132962639,False
1649.0999999995956,26.57865093351868,26.57865093351868,3.4213490664813193,6.842698132962639,0.0,6.842698132962639,False
1649.5999999995952,26.57865093351868,26.57865093351868,3.4213490664813193,6.842698132962639,0.0,6.842698132962639,False
1650.0999999995947,26.57865093351868,26.57865093351868,3.4213490664813193,6.842698132962639,0.0,6.842698132962639,False
1650.5999999995943,26.57865093351868,26.57865093351868,3.4213490664813193,6.842698132962639,0.0,6.842698132962639,False
1651.0999999995938,26.57865093351868,26.57865093351868,3.4213490664813193,6.842698132962639,0.0,6.842698132962639,False
1651.5999999995934,26.57865093351868,26.57865093351868,3.4213490664813193,6.842698132962639,0.0,6.842698132962639,False
1652.099999999593,26.57865093351868,26.57865093351868,3.4213490664813193,6.842698132962639,0.0,6.842698132962639,False
1652.5999999995925,26.57865093351868,26.57865093351868,3.4213490664813193,6.842698132962639,0.0,6.842698132962639,False
1653.099999999592,26.57865093351868,26.57865093351868,3.4213490664813193,6.842698132962639,0.0,6.842698132962639,False
1653.5999999995915,26.57865093351868,26.57865093351868,3.4213490664813193,6.842698132962639,0.0,6.842698132962639,False
1654.099999999591,26.57865093351868,26.57865093351868,3.4213490664813193,6.842698132962639,0.0,6.842698132962639,False
1654.5999999995906,26.57865093351868,26.57865093351868,3.4213490664813193,6.842698132962639,0.0,6.842698132962639,False
1655.0999999995902,26.57865093351868,26.57865093351868,3.4213490664813193,6.842698132962639,0.0,6.842698132962639,False
1655.5999999995897,26.57865093351868,26.57865093351868,3.4213490664813193,6.842698132962639,0.0,6.842698132962639,False
1656.0999999995893,26.57865093351868,26.57865093351868,3.4213490664813193,6.842698132962639,0.0,6.842698132962639,False
1656.5999999995888,26.57865093351868,26.57865093351868,3.4213490664813193,6.842698132962639,0.0,6.842698132962639,False
1657.0999999995884,26.57865093351868,26.57865093351868,3.4213490664813193,6.842698132962639,0.0,6.842698132962639,False
1657.599999999588,26.57865093351868,26.57865093351868,3.4213490664813193,6.842698132962639,0.0,6.842698132962639,False
1658.0999999995875,26.57865093351868,26.57865093351868,3.4213490664813193,6.842698132962639,0.0,6.842698132962639,False
1658.599999999587,26.57865093351868,26.57865093351868,3.4213490664813193,6.842698132962639,0.0,6.842698132962639,False
1659.0999999995865,26.57865093351868,26.57865093351868,3.4213490664813193,6.842698132962639,0.0,6.842698132962639,False
1659.599999999586,26.57865093351868,26.57865093351868,3.4213490664813193,6.842698132962639,0.0,6.842698132962639,False
1660.0999999995856,26.57865093351868,26.57865093351868,3.4213490664813193,6.842698132962639,0.0,6.842698132962639,False
1660.5999999995852,26.57865093351868,26.57865093351868,3.4213490664813193,6.842698132962639,0.0,6.842698132962639,False
1661.0999999995847,26.57865093351868,26.57865093351868,3.4213490664813193,6.842698132962639,0.0,6.842698132962639,False
1661.5999999995843,26.57865093351868,26.57865093351868,3.4213490664813193,6.842698132962639,0.0,6.842698132962639,False
1662.0999999995838,26.57865093351868,26.57865093351868,3.4213490664813193,6.842698132962639,0.0,6.842698132962639,False
1662.5999999995834,26.57865093351868,26.57865093351868,3.4213490664813193,6.842698132962639,0.0,6.842698132962639,False
1663.099999999583,26.57865093351868,26.57865093351868,3.4213490664813193,6.842698132962639,0.0,6.842698132962639,False
1663.5999999995825,26.57865093351868,26.57865093351868,3.4213490664813193,6.842698132962639,0.0,6.842698132962639,False
1664.099999999582,26.57865093351868,26.57865093351868,3.4213490664813193,6.842698132962639,0.0,6.842698132962639,False
1664.5999999995815,26.57865093351868,26.57865093351868,3.4213490664813193,6.842698132962639,0.0,6.842698132962639,False
1665.099999999581,26.57865093351868,26.57865093351868,3.4213490664813193,6.842698132962639,0.0,6.842698132962639,False
1665.5999999995806,26.57865093351868,26.57865093351868,3.4213490664813193,6.842698132962639,0.0,6.842698132962639,False
1666.0999999995802,26.57865093351868,26.57865093351868,3.4213490664813193,6.842698132962639,0.0,6.842698132962639,False
1666.5999999995797,26.57865093351868,26.57865093351868,3.4213490664813193,6.842698132962639,0.0,6.842698132962639,False
1667.0999999995793,26.57865093351868,26.57865093351868,3.4213490664813193,6.842698132962639,0.0,6.842698132962639,False
1667.5999999995788,26.57865093351868,26.57865093351868,3.4213490664813193,6.842698132962639,0.0,6.842698132962639,False
1668.0999999995784,26.57865093351868,26.57865093351868,3.4213490664813193,6.842698132962639,0.0,6.842698132962639,False
1668.599999999578,26.57865093351868,26.57865093351868,3.4213490664813193,6.842698132962639,0.0,6.842698132962639,False
1669.0999999995774,26.57865093351868,26.57865093351868,3.4213490664813193,6.842698132962639,0.0,6.842698132962639,False
1669.599999999577,26.57865093351868,26.57865093351868,3.4213490664813193,6.842698132962639,0.0,6.842698132962639,False
1670.0999999995765,26.57865093351868,26.57865093351868,3.4213490664813193,6.842698132962639,0.0,6.842698132962639,False
1670.599999999576,26.57865093351868,26.57865093351868,3.4213490664813193,6.842698132962639,0.0,6.842698132962639,False
1671.0999999995756,26.57865093351868,26.57865093351868,3.4213490664813193,6.842698132962639,0.0,6.842698132962639,False
1671.5999999995752,26.57865093351868,26.57865093351868,3.4213490664813193,6.842698132962639,0.0,6.842698132962639,False
1672.0999999995747,26.57865093351868,26.57865093351868,3.4213490664813193,6.842698132962639,0.0,6.842698132962639,False
1672.5999999995743,26.57865093351868,26.57865093351868,3.4213490664813193,6.842698132962639,0.0,6.842698132962639,False
1673.0999999995738,26.57865093351868,26.57865093351868,3.4213490664813193,6.842698132962639,0.0,6.842698132962639,False
1673.5999999995734,26.57865093351868,26.57865093351868,3.4213490664813193,6.842698132962639,0.0,6.842698132962639,False
1674.099999999573,26.57865093351868,26.57865093351868,3.4213490664813193,6.842698132962639,0.0,6.842698132962639,False
1674.5999999995724,26.57865093351868,26.57865093351868,3.4213490664813193,6.842698132962639,0.0,6.842698132962639,False
1675.099999999572,26.57865093351868,26.57865093351868,3.4213490664813193,6.842698132962639,0.0,6.842698132962639,False
1675.5999999995715,26.57865093351868,26.57865093351868,3.4213490664813193,6.842698132962639,0.0,6.842698132962639,False
1676.099999999571,26.57865093351868,26.57865093351868,3.4213490664813193,6.842698132962639,0.0,6.842698132962639,False
1676.5999999995706,26.57865093351868,26.57865093351868,3.4213490664813193,6.842698132962639,0.0,6.842698132962639,False
1677.0999999995702,26.57865093351868,26.57865093351868,3.4213490664813193,6.842698132962639,0.0,6.842698132962639,False
1677.5999999995697,26.57865093351868,26.57865093351868,3.4213490664813193,6.842698132962639,0.0,6.842698132962639,False
1678.0999999995693,26.57865093351868,26.57865093351868,3.4213490664813193,6.842698132962639,0.0,6.842698132962639,False
1678.5999999995688,26.57865093351868,26.57865093351868,3.4213490664813193,6.842698132962639,0.0,6.842698132962639,False
1679.0999999995684,26.57865093351868,26.57865093351868,3.4213490664813193,6.842698132962639,0.0,6.842698132962639,False
1679.599999999568,26.57865093351868,26.57865093351868,3.4213490664813193,6.842698132962639,0.0,6.842698132962639,False
1680.0999999995674,26.57865093351868,26.57865093351868,3.4213490664813193,6.842698132962639,0.0,6.842698132962639,False
1680.599999999567,26.57865093351868,26.57865093351868,3.4213490664813193,6.842698132962639,0.0,6.842698132962639,False
1681.0999999995665,26.57865093351868,26.57865093351868,3.4213490664813193,6.842698132962639,0.0,6.842698132962639,False
1681.599999999566,26.57865093351868,26.57865093351868,3.4213490664813193,6.842698132962639,0.0,6.842698132962639,False
1682.0999999995656,26.57865093351868,26.57865093351868,3.4213490664813193,6.842698132962639,0.0,6.842698132962639,False
1682.5999999995652,26.57865093351868,26.57865093351868,3.4213490664813193,6.842698132962639,0.0,6.842698132962639,False
1683.0999999995647,26.57865093351868,26.57865093351868,3.4213490664813193,6.842698132962639,0.0,6.842698132962639,False
1683.5999999995643,26.57865093351868,26.57865093351868,3.4213490664813193,6.842698132962639,0.0,6.842698132962639,False
1684.0999999995638,26.57865093351868,26.57865093351868,3.4213490664813193,6.842698132962639,0.0,6.842698132962639,False
1684.5999999995634,26.57865093351868,26.57865093351868,3.4213490664813193,6.842698132962639,0.0,6.842698132962639,False
1685.099999999563,26.57865093351868,26.57865093351868,3.4213490664813193,6.842698132962639,0.0,6.842698132962639,False
1685.5999999995624,26.57865093351868,26.57865093351868,3.4213490664813193,6.842698132962639,0.0,6.842698132962639,False
1686.099999999562,26.57865093351868,26.57865093351868,3.4213490664813193,6.842698132962639,0.0,6.842698132962639,False
1686.5999999995615,26.57865093351868,26.57865093351868,3.4213490664813193,6.842698132962639,0.0,6.842698132962639,False
1687.099999999561,26.57865093351868,26.57865093351868,3.4213490664813193,6.842698132962639,0.0,6.842698132962639,False
1687.5999999995606,26.57865093351868,26.57865093351868,3.4213490664813193,6.842698132962639,0.0,6.842698132962639,False
1688.0999999995602,26.57865093351868,26.57865093351868,3.4213490664813193,6.842698132962639,0.0,6.842698132962639,False
1688.5999999995597,26.57865093351868,26.57865093351868,3.4213490664813193,6.842698132962639,0.0,6.842698132962639,False
1689.0999999995593,26.57865093351868,26.57865093351868,3.4213490664813193,6.842698132962639,0.0,6.842698132962639,False
1689.5999999995588,26.57865093351868,26.57865093351868,3.4213490664813193,6.842698132962639,0.0,6.842698132962639,False
1690.0999999995583,26.57865093351868,26.57865093351868,3.4213490664813193,6.842698132962639,0.0,6.842698132962639,False
1690.599999999558,26.57865093351868,26.57865093351868,3.4213490664813193,6.842698132962639,0.0,6.842698132962639,False
1691.0999999995574,26.57865093351868,26.57865093351868,3.4213490664813193,6.842698132962639,0.0,6.842698132962639,False
1691.599999999557,26.57865093351868,26.57865093351868,3.4213490664813193,6.842698132962639,0.0,6.842698132962639,False
1692.0999999995565,26.57865093351868,26.57865093351868,3.4213490664813193,6.842698132962639,0.0,6.842698132962639,False
1692.599999999556,26.57865093351868,26.57865093351868,3.4213490664813193,6.842698132962639,0.0,6.842698132962639,False
1693.0999999995556,26.57865093351868,26.57865093351868,3.4213490664813193,6.842698132962639,0.0,6.842698132962639,False
1693.5999999995552,26.57865093351868,26.57865093351868,3.4213490664813193,6.842698132962639,0.0,6.842698132962639,False
1694.0999999995547,26.57865093351868,26.57865093351868,3.4213490664813193,6.842698132962639,0.0,6.842698132962639,False
1694.5999999995543,26.57865093351868,26.57865093351868,3.4213490664813193,6.842698132962639,0.0,6.842698132962639,False
1695.0999999995538,26.57865093351868,26.57865093351868,3.4213490664813193,6.842698132962639,0.0,6.842698132962639,False
1695.5999999995533,26.57865093351868,26.57865093351868,3.4213490664813193,6.842698132962639,0.0,6.842698132962639,False
1696.099999999553,26.57865093351868,26.57865093351868,3.4213490664813193,6.842698132962639,0.0,6.842698132962639,False
1696.5999999995524,26.57865093351868,26.57865093351868,3.4213490664813193,6.842698132962639,0.0,6.842698132962639,False
1697.099999999552,26.57865093351868,26.57865093351868,3.4213490664813193,6.842698132962639,0.0,6.842698132962639,False
1697.5999999995515,26.57865093351868,26.57865093351868,3.4213490664813193,6.842698132962639,0.0,6.842698132962639,False
1698.099999999551,26.57865093351868,26.57865093351868,3.4213490664813193,6.842698132962639,0.0,6.842698132962639,False
1698.5999999995506,26.57865093351868,26.57865093351868,3.4213490664813193,6.842698132962639,0.0,6.842698132962639,False
1699.0999999995502,26.57865093351868,26.57865093351868,3.4213490664813193,6.842698132962639,0.0,6.842698132962639,False
1699.5999999995497,26.57865093351868,26.57865093351868,3.4213490664813193,6.842698132962639,0.0,6.842698132962639,False
1700.0999999995493,26.57865093351868,26.57865093351868,3.4213490664813193,6.842698132962639,0.0,6.842698132962639,False
1700.5999999995488,26.57865093351868,26.57865093351868,3.4213490664813193,6.842698132962639,0.0,6.842698132962639,False
1701.0999999995483,26.57865093351868,26.57865093351868,3.4213490664813193,6.842698132962639,0.0,6.842698132962639,False
1701.599999999548,26.57865093351868,26.57865093351868,3.4213490664813193,6.842698132962639,0.0,6.842698132962639,False
1702.0999999995474,26.57865093351868,26.57865093351868,3.4213490664813193,6.842698132962639,0.0,6.842698132962639,False
1702.599999999547,26.57865093351868,26.57865093351868,3.4213490664813193,6.842698132962639,0.0,6.842698132962639,False
1703.0999999995465,26.57865093351868,26.57865093351868,3.4213490664813193,6.842698132962639,0.0,6.842698132962639,False
1703.599999999546,26.57865093351868,26.57865093351868,3.4213490664813193,6.842698132962639,0.0,6.842698132962639,False
1704.0999999995456,26.57865093351868,26.57865093351868,3.4213490664813193,6.842698132962639,0.0,6.842698132962639,False
1704.5999999995452,26.57865093351868,26.57865093351868,3.4213490664813193,6.842698132962639,0.0,6.842698132962639,False
1705.0999999995447,26.57865093351868,26.57865093351868,3.4213490664813193,6.842698132962639,0.0,6.842698132962639,False
1705.5999999995443,26.57865093351868,26.57865093351868,3.4213490664813193,6.842698132962639,0.0,6.842698132962639,False
1706.0999999995438,26.57865093351868,26.57865093351868,3.4213490664813193,6.842698132962639,0.0,6.842698132962639,False
1706.5999999995433,26.57865093351868,26.57865093351868,3.4213490664813193,6.842698132962639,0.0,6.842698132962639,False
1707.099999999543,26.57865093351868,26.57865093351868,3.4213490664813193,6.842698132962639,0.0,6.842698132962639,False
1707.5999999995424,26.57865093351868,26.57865093351868,3.4213490664813193,6.842698132962639,0.0,6.842698132962639,False
1708.099999999542,26.57865093351868,26.57865093351868,3.4213490664813193,6.842698132962639,0.0,6.842698132962639,False
1708.5999999995415,26.57865093351868,26.57865093351868,3.4213490664813193,6.842698132962639,0.0,6.842698132962639,False
1709.099999999541,26.57865093351868,26.57865093351868,3.4213490664813193,6.842698132962639,0.0,6.842698132962639,False
1709.5999999995406,26.57865093351868,26.57865093351868,3.4213490664813193,6.842698132962639,0.0,6.842698132962639,False
1710.0999999995402,26.57865093351868,26.57865093351868,3.4213490664813193,6.842698132962639,0.0,6.842698132962639,False
1710.5999999995397,26.57865093351868,26.57865093351868,3.4213490664813193,6.842698132962639,0.0,6.842698132962639,False
1711.0999999995392,26.57865093351868,26.57865093351868,3.4213490664813193,6.842698132962639,0.0,6.842698132962639,False
1711.5999999995388,26.57865093351868,26.57865093351868,3.4213490664813193,6.842698132962639,0.0,6.842698132962639,False
1712.0999999995383,26.57865093351868,26.57865093351868,3.4213490664813193,6.842698132962639,0.0,6.842698132962639,False
1712.5999999995379,26.57865093351868,26.57865093351868,3.4213490664813193,6.842698132962639,0.0,6.842698132962639,False
1713.0999999995374,26.57865093351868,26.57865093351868,3.4213490664813193,6.842698132962639,0.0,6.842698132962639,False
1713.599999999537,26.57865093351868,26.57865093351868,3.4213490664813193,6.842698132962639,0.0,6.842698132962639,False
1714.0999999995365,26.57865093351868,26.57865093351868,3.4213490664813193,6.842698132962639,0.0,6.842698132962639,False
1714.599999999536,26.57865093351868,26.57865093351868,3.4213490664813193,6.842698132962639,0.0,6.842698132962639,False
1715.0999999995356,26.57865093351868,26.57865093351868,3.4213490664813193,6.842698132962639,0.0,6.842698132962639,False
1715.5999999995352,26.57865093351868,26.57865093351868,3.4213490664813193,6.842698132962639,0.0,6.842698132962639,False
1716.0999999995347,26.57865093351868,26.57865093351868,3.4213490664813193,6.842698132962639,0.0,6.842698132962639,False
1716.5999999995342,26.57865093351868,26.57865093351868,3.4213490664813193,6.842698132962639,0.0,6.842698132962639,False
1717.0999999995338,26.57865093351868,26.57865093351868,3.4213490664813193,6.842698132962639,0.0,6.842698132962639,False
1717.5999999995333,26.57865093351868,26.57865093351868,3.4213490664813193,6.842698132962639,0.0,6.842698132962639,False
1718.0999999995329,26.57865093351868,26.57865093351868,3.4213490664813193,6.842698132962639,0.0,6.842698132962639,False
1718.5999999995324,26.57865093351868,26.57865093351868,3.4213490664813193,6.842698132962639,0.0,6.842698132962639,False
1719.099999999532,26.57865093351868,26.57865093351868,3.4213490664813193,6.842698132962639,0.0,6.842698132962639,False
1719.5999999995315,26.57865093351868,26.57865093351868,3.4213490664813193,6.842698132962639,0.0,6.842698132962639,False
1720.099999999531,26.57865093351868,26.57865093351868,3.4213490664813193,6.842698132962639,0.0,6.842698132962639,False
1720.5999999995306,26.57865093351868,26.57865093351868,3.4213490664813193,6.842698132962639,0.0,6.842698132962639,False
1721.0999999995302,26.57865093351868,26.57865093351868,3.4213490664813193,6.842698132962639,0.0,6.842698132962639,False
1721.5999999995297,26.57865093351868,26.57865093351868,3.4213490664813193,6.842698132962639,0.0,6.842698132962639,False
1722.0999999995292,26.57865093351868,26.57865093351868,3.4213490664813193,6.842698132962639,0.0,6.842698132962639,False
1722.5999999995288,26.57865093351868,26.57865093351868,3.4213490664813193,6.842698132962639,0.0,6.842698132962639,False
1723.0999999995283,26.57865093351868,26.57865093351868,3.4213490664813193,6.842698132962639,0.0,6.842698132962639,False
1723.5999999995279,26.57865093351868,26.57865093351868,3.4213490664813193,6.842698132962639,0.0,6.842698132962639,False
1724.0999999995274,26.57865093351868,26.57865093351868,3.4213490664813193,6.842698132962639,0.0,6.842698132962639,False
1724.599999999527,26.57865093351868,26.57865093351868,3.4213490664813193,6.842698132962639,0.0,6.842698132962639,False
1725.0999999995265,26.57865093351868,26.57865093351868,3.4213490664813193,6.842698132962639,0.0,6.842698132962639,False
1725.599999999526,26.57865093351868,26.57865093351868,3.4213490664813193,6.842698132962639,0.0,6.842698132962639,False
1726.0999999995256,26.57865093351868,26.57865093351868,3.4213490664813193,6.842698132962639,0.0,6.842698132962639,False
1726.5999999995252,26.57865093351868,26.57865093351868,3.4213490664813193,6.842698132962639,0.0,6.842698132962639,False
1727.0999999995247,26.57865093351868,26.57865093351868,3.4213490664813193,6.842698132962639,0.0,6.842698132962639,False
1727.5999999995242,26.57865093351868,26.57865093351868,3.4213490664813193,6.842698132962639,0.0,6.842698132962639,False
1728.0999999995238,26.57865093351868,26.57865093351868,3.4213490664813193,6.842698132962639,0.0,6.842698132962639,False
1728.5999999995233,26.57865093351868,26.57865093351868,3.4213490664813193,6.842698132962639,0.0,6.842698132962639,False
1729.0999999995229,26.57865093351868,26.57865093351868,3.4213490664813193,6.842698132962639,0.0,6.842698132962639,False
1729.5999999995224,26.57865093351868,26.57865093351868,3.4213490664813193,6.842698132962639,0.0,6.842698132962639,False
1730.099999999522,26.57865093351868,26.57865093351868,3.4213490664813193,6.842698132962639,0.0,6.842698132962639,False
1730.5999999995215,26.57865093351868,26.57865093351868,3.4213490664813193,6.842698132962639,0.0,6.842698132962639,False
1731.099999999521,26.57865093351868,26.57865093351868,3.4213490664813193,6.842698132962639,0.0,6.842698132962639,False
1731.5999999995206,26.57865093351868,26.57865093351868,3.4213490664813193,6.842698132962639,0.0,6.842698132962639,False
1732.0999999995202,26.57865093351868,26.57865093351868,3.4213490664813193,6.842698132962639,0.0,6.842698132962639,False
1732.5999999995197,26.57865093351868,26.57865093351868,3.4213490664813193,6.842698132962639,0.0,6.842698132962639,False
1733.0999999995192,26.57865093351868,26.57865093351868,3.4213490664813193,6.842698132962639,0.0,6.842698132962639,False
1733.5999999995188,26.57865093351868,26.57865093351868,3.4213490664813193,6.842698132962639,0.0,6.842698132962639,False
1734.0999999995183,26.57865093351868,26.57865093351868,3.4213490664813193,6.842698132962639,0.0,6.842698132962639,False
1734.5999999995179,26.57865093351868,26.57865093351868,3.4213490664813193,6.842698132962639,0.0,6.842698132962639,False
1735.0999999995174,26.57865093351868,26.57865093351868,3.4213490664813193,6.842698132962639,0.0,6.842698132962639,False
1735.599999999517,26.57865093351868,26.57865093351868,3.4213490664813193,6.842698132962639,0.0,6.842698132962639,False
1736.0999999995165,26.57865093351868,26.57865093351868,3.4213490664813193,6.842698132962639,0.0,6.842698132962639,False
1736.599999999516,26.57865093351868,26.57865093351868,3.4213490664813193,6.842698132962639,0.0,6.842698132962639,False
1737.0999999995156,26.57865093351868,26.57865093351868,3.4213490664813193,6.842698132962639,0.0,6.842698132962639,False
1737.5999999995151,26.57865093351868,26.57865093351868,3.4213490664813193,6.842698132962639,0.0,6.842698132962639,False
1738.0999999995147,26.57865093351868,26.57865093351868,3.4213490664813193,6.842698132962639,0.0,6.842698132962639,False
1738.5999999995142,26.57865093351868,26.57865093351868,3.4213490664813193,6.842698132962639,0.0,6.842698132962639,False
1739.0999999995138,26.57865093351868,26.57865093351868,3.4213490664813193,6.842698132962639,0.0,6.842698132962639,False
1739.5999999995133,26.57865093351868,26.57865093351868,3.4213490664813193,6.842698132962639,0.0,6.842698132962639,False
1740.0999999995129,26.57865093351868,26.57865093351868,3.4213490664813193,6.842698132962639,0.0,6.842698132962639,False
1740.5999999995124,26.57865093351868,26.57865093351868,3.4213490664813193,6.842698132962639,0.0,6.842698132962639,False
1741.099999999512,26.57865093351868,26.57865093351868,3.4213490664813193,6.842698132962639,0.0,6.842698132962639,False
1741.5999999995115,26.57865093351868,26.57865093351868,3.4213490664813193,6.842698132962639,0.0,6.842698132962639,False
1742.099999999511,26.57865093351868,26.57865093351868,3.4213490664813193,6.842698132962639,0.0,6.842698132962639,False
1742.5999999995106,26.57865093351868,26.57865093351868,3.4213490664813193,6.842698132962639,0.0,6.842698132962639,False
1743.0999999995101,26.57865093351868,26.57865093351868,3.4213490664813193,6.842698132962639,0.0,6.842698132962639,False
1743.5999999995097,26.57865093351868,26.57865093351868,3.4213490664813193,6.842698132962639,0.0,6.842698132962639,False
1744.0999999995092,26.57865093351868,26.57865093351868,3.4213490664813193,6.842698132962639,0.0,6.842698132962639,False
1744.5999999995088,26.57865093351868,26.57865093351868,3.4213490664813193,6.842698132962639,0.0,6.842698132962639,False
1745.0999999995083,26.57865093351868,26.57865093351868,3.4213490664813193,6.842698132962639,0.0,6.842698132962639,False
1745.5999999995079,26.57865093351868,26.57865093351868,3.4213490664813193,6.842698132962639,0.0,6.842698132962639,False
1746.0999999995074,26.57865093351868,26.57865093351868,3.4213490664813193,6.842698132962639,0.0,6.842698132962639,False
1746.599999999507,26.57865093351868,26.57865093351868,3.4213490664813193,6.842698132962639,0.0,6.842698132962639,False
1747.0999999995065,26.57865093351868,26.57865093351868,3.4213490664813193,6.842698132962639,0.0,6.842698132962639,False
1747.599999999506,26.57865093351868,26.57865093351868,3.4213490664813193,6.842698132962639,0.0,6.842698132962639,False
1748.0999999995056,26.57865093351868,26.57865093351868,3.4213490664813193,6.842698132962639,0.0,6.842698132962639,False
1748.5999999995051,26.57865093351868,26.57865093351868,3.4213490664813193,6.842698132962639,0.0,6.842698132962639,False
1749.0999999995047,26.57865093351868,26.57865093351868,3.4213490664813193,6.842698132962639,0.0,6.842698132962639,False
1749.5999999995042,26.57865093351868,26.57865093351868,3.4213490664813193,6.842698132962639,0.0,6.842698132962639,False
1750.0999999995038,26.57865093351868,26.57865093351868,3.4213490664813193,6.842698132962639,0.0,6.842698132962639,False
1750.5999999995033,26.57865093351868,26.57865093351868,3.4213490664813193,6.842698132962639,0.0,6.842698132962639,False
1751.0999999995029,26.57865093351868,26.57865093351868,3.4213490664813193,6.842698132962639,0.0,6.842698132962639,False
1751.5999999995024,26.57865093351868,26.57865093351868,3.4213490664813193,6.842698132962639,0.0,6.842698132962639,False
1752.099999999502,26.57865093351868,26.57865093351868,3.4213490664813193,6.842698132962639,0.0,6.842698132962639,False
1752.5999999995015,26.57865093351868,26.57865093351868,3.4213490664813193,6.842698132962639,0.0,6.842698132962639,False
1753.099999999501,26.57865093351868,26.57865093351868,3.4213490664813193,6.842698132962639,0.0,6.842698132962639,False
1753.5999999995006,26.57865093351868,26.57865093351868,3.4213490664813193,6.842698132962639,0.0,6.842698132962639,False
1754.0999999995001,26.57865093351868,26.57865093351868,3.4213490664813193,6.842698132962639,0.0,6.842698132962639,False
1754.5999999994997,26.57865093351868,26.57865093351868,3.4213490664813193,6.842698132962639,0.0,6.842698132962639,False
1755.0999999994992,26.57865093351868,26.57865093351868,3.4213490664813193,6.842698132962639,0.0,6.842698132962639,False
1755.5999999994988,26.57865093351868,26.57865093351868,3.4213490664813193,6.842698132962639,0.0,6.842698132962639,False
1756.0999999994983,26.57865093351868,26.57865093351868,3.4213490664813193,6.842698132962639,0.0,6.842698132962639,False
1756.5999999994979,26.57865093351868,26.57865093351868,3.4213490664813193,6.842698132962639,0.0,6.842698132962639,False
1757.0999999994974,26.57865093351868,26.57865093351868,3.4213490664813193,6.842698132962639,0.0,6.842698132962639,False
1757.599999999497,26.57865093351868,26.57865093351868,3.4213490664813193,6.842698132962639,0.0,6.842698132962639,False
1758.0999999994965,26.57865093351868,26.57865093351868,3.4213490664813193,6.842698132962639,0.0,6.842698132962639,False
1758.599999999496,26.57865093351868,26.57865093351868,3.4213490664813193,6.842698132962639,0.0,6.842698132962639,False
1759.0999999994956,26.57865093351868,26.57865093351868,3.4213490664813193,6.842698132962639,0.0,6.842698132962639,False
1759.5999999994951,26.57865093351868,26.57865093351868,3.4213490664813193,6.842698132962639,0.0,6.842698132962639,False
1760.0999999994947,26.57865093351868,26.57865093351868,3.4213490664813193,6.842698132962639,0.0,6.842698132962639,False
1760.5999999994942,26.57865093351868,26.57865093351868,3.4213490664813193,6.842698132962639,0.0,6.842698132962639,False
1761.0999999994938,26.57865093351868,26.57865093351868,3.4213490664813193,6.842698132962639,0.0,6.842698132962639,False
1761.5999999994933,26.57865093351868,26.57865093351868,3.4213490664813193,6.842698132962639,0.0,6.842698132962639,False
1762.0999999994929,26.57865093351868,26.57865093351868,3.4213490664813193,6.842698132962639,0.0,6.842698132962639,False
1762.5999999994924,26.57865093351868,26.57865093351868,3.4213490664813193,6.842698132962639,0.0,6.842698132962639,False
1763.099999999492,26.57865093351868,26.57865093351868,3.4213490664813193,6.842698132962639,0.0,6.842698132962639,False
1763.5999999994915,26.57865093351868,26.57865093351868,3.4213490664813193,6.842698132962639,0.0,6.842698132962639,False
1764.099999999491,26.57865093351868,26.57865093351868,3.4213490664813193,6.842698132962639,0.0,6.842698132962639,False
1764.5999999994906,26.57865093351868,26.57865093351868,3.4213490664813193,6.842698132962639,0.0,6.842698132962639,False
1765.0999999994901,26.57865093351868,26.57865093351868,3.4213490664813193,6.842698132962639,0.0,6.842698132962639,False
1765.5999999994897,26.57865093351868,26.57865093351868,3.4213490664813193,6.842698132962639,0.0,6.842698132962639,False
1766.0999999994892,26.57865093351868,26.57865093351868,3.4213490664813193,6.842698132962639,0.0,6.842698132962639,False
1766.5999999994888,26.57865093351868,26.57865093351868,3.4213490664813193,6.842698132962639,0.0,6.842698132962639,False
1767.0999999994883,26.57865093351868,26.57865093351868,3.4213490664813193,6.842698132962639,0.0,6.842698132962639,False
1767.5999999994879,26.57865093351868,26.57865093351868,3.4213490664813193,6.842698132962639,0.0,6.842698132962639,False
1768.0999999994874,26.57865093351868,26.57865093351868,3.4213490664813193,6.842698132962639,0.0,6.842698132962639,False
1768.599999999487,26.57865093351868,26.57865093351868,3.4213490664813193,6.842698132962639,0.0,6.842698132962639,False
1769.0999999994865,26.57865093351868,26.57865093351868,3.4213490664813193,6.842698132962639,0.0,6.842698132962639,False
1769.599999999486,26.57865093351868,26.57865093351868,3.4213490664813193,6.842698132962639,0.0,6.842698132962639,False
1770.0999999994856,26.57865093351868,26.57865093351868,3.4213490664813193,6.842698132962639,0.0,6.842698132962639,False
1770.5999999994851,26.57865093351868,26.57865093351868,3.4213490664813193,6.842698132962639,0.0,6.842698132962639,False
1771.0999999994847,26.57865093351868,26.57865093351868,3.4213490664813193,6.842698132962639,0.0,6.842698132962639,False
1771.5999999994842,26.57865093351868,26.57865093351868,3.4213490664813193,6.842698132962639,0.0,6.842698132962639,False
1772.0999999994838,26.57865093351868,26.57865093351868,3.4213490664813193,6.842698132962639,0.0,6.842698132962639,False
1772.5999999994833,26.57865093351868,26.57865093351868,3.4213490664813193,6.842698132962639,0.0,6.842698132962639,False
1773.0999999994829,26.57865093351868,26.57865093351868,3.4213490664813193,6.842698132962639,0.0,6.842698132962639,False
1773.5999999994824,26.57865093351868,26.57865093351868,3.4213490664813193,6.842698132962639,0.0,6.842698132962639,False
1774.099999999482,26.57865093351868,26.57865093351868,3.4213490664813193,6.842698132962639,0.0,6.842698132962639,False
1774.5999999994815,26.57865093351868,26.57865093351868,3.4213490664813193,6.842698132962639,0.0,6.842698132962639,False
1775.099999999481,26.57865093351868,26.57865093351868,3.4213490664813193,6.842698132962639,0.0,6.842698132962639,False
1775.5999999994806,26.57865093351868,26.57865093351868,3.4213490664813193,6.842698132962639,0.0,6.842698132962639,False
1776.0999999994801,26.57865093351868,26.57865093351868,3.4213490664813193,6.842698132962639,0.0,6.842698132962639,False
1776.5999999994797,26.57865093351868,26.57865093351868,3.4213490664813193,6.842698132962639,0.0,6.842698132962639,False
1777.0999999994792,26.57865093351868,26.57865093351868,3.4213490664813193,6.842698132962639,0.0,6.842698132962639,False
1777.5999999994788,26.57865093351868,26.57865093351868,3.4213490664813193,6.842698132962639,0.0,6.842698132962639,False
1778.0999999994783,26.57865093351868,26.57865093351868,3.4213490664813193,6.842698132962639,0.0,6.842698132962639,False
1778.5999999994779,26.57865093351868,26.57865093351868,3.4213490664813193,6.842698132962639,0.0,6.842698132962639,False
1779.0999999994774,26.57865093351868,26.57865093351868,3.4213490664813193,6.842698132962639,0.0,6.842698132962639,False
1779.599999999477,26.57865093351868,26.57865093351868,3.4213490664813193,6.842698132962639,0.0,6.842698132962639,False
1780.0999999994765,26.57865093351868,26.57865093351868,3.4213490664813193,6.842698132962639,0.0,6.842698132962639,False
1780.599999999476,26.57865093351868,26.57865093351868,3.4213490664813193,6.842698132962639,0.0,6.842698132962639,False
1781.0999999994756,26.57865093351868,26.57865093351868,3.4213490664813193,6.842698132962639,0.0,6.842698132962639,False
1781.5999999994751,26.57865093351868,26.57865093351868,3.4213490664813193,6.842698132962639,0.0,6.842698132962639,False
1782.0999999994747,26.57865093351868,26.57865093351868,3.4213490664813193,6.842698132962639,0.0,6.842698132962639,False
1782.5999999994742,26.57865093351868,26.57865093351868,3.4213490664813193,6.842698132962639,0.0,6.842698132962639,False
1783.0999999994738,26.57865093351868,26.57865093351868,3.4213490664813193,6.842698132962639,0.0,6.842698132962639,False
1783.5999999994733,26.57865093351868,26.57865093351868,3.4213490664813193,6.842698132962639,0.0,6.842698132962639,False
1784.0999999994729,26.57865093351868,26.57865093351868,3.4213490664813193,6.842698132962639,0.0,6.842698132962639,False
1784.5999999994724,26.57865093351868,26.57865093351868,3.4213490664813193,6.842698132962639,0.0,6.842698132962639,False
1785.099999999472,26.57865093351868,26.57865093351868,3.4213490664813193,6.842698132962639,0.0,6.842698132962639,False
1785.5999999994715,26.57865093351868,26.57865093351868,3.4213490664813193,6.842698132962639,0.0,6.842698132962639,False
1786.099999999471,26.57865093351868,26.57865093351868,3.4213490664813193,6.842698132962639,0.0,6.842698132962639,False
1786.5999999994706,26.57865093351868,26.57865093351868,3.4213490664813193,6.842698132962639,0.0,6.842698132962639,False
1787.0999999994701,26.57865093351868,26.57865093351868,3.4213490664813193,6.842698132962639,0.0,6.842698132962639,False
1787.5999999994697,26.57865093351868,26.57865093351868,3.4213490664813193,6.842698132962639,0.0,6.842698132962639,False
1788.0999999994692,26.57865093351868,26.57865093351868,3.4213490664813193,6.842698132962639,0.0,6.842698132962639,False
1788.5999999994688,26.57865093351868,26.57865093351868,3.4213490664813193,6.842698132962639,0.0,6.842698132962639,False
1789.0999999994683,26.57865093351868,26.57865093351868,3.4213490664813193,6.842698132962639,0.0,6.842698132962639,False
1789.5999999994679,26.57865093351868,26.57865093351868,3.4213490664813193,6.842698132962639,0.0,6.842698132962639,False
1790.0999999994674,26.57865093351868,26.57865093351868,3.4213490664813193,6.842698132962639,0.0,6.842698132962639,False
1790.599999999467,26.57865093351868,26.57865093351868,3.4213490664813193,6.842698132962639,0.0,6.842698132962639,False
1791.0999999994665,26.57865093351868,26.57865093351868,3.4213490664813193,6.842698132962639,0.0,6.842698132962639,False
1791.599999999466,26.57865093351868,26.57865093351868,3.4213490664813193,6.842698132962639,0.0,6.842698132962639,False
1792.0999999994656,26.57865093351868,26.57865093351868,3.4213490664813193,6.842698132962639,0.0,6.842698132962639,False
1792.5999999994651,26.57865093351868,26.57865093351868,3.4213490664813193,6.842698132962639,0.0,6.842698132962639,False
1793.0999999994647,26.57865093351868,26.57865093351868,3.4213490664813193,6.842698132962639,0.0,6.842698132962639,False
1793.5999999994642,26.57865093351868,26.57865093351868,3.4213490664813193,6.842698132962639,0.0,6.842698132962639,False
1794.0999999994638,26.57865093351868,26.57865093351868,3.4213490664813193,6.842698132962639,0.0,6.842698132962639,False
1794.5999999994633,26.57865093351868,26.57865093351868,3.4213490664813193,6.842698132962639,0.0,6.842698132962639,False
1795.0999999994629,26.57865093351868,26.57865093351868,3.4213490664813193,6.842698132962639,0.0,6.842698132962639,False
1795.5999999994624,26.57865093351868,26.57865093351868,3.4213490664813193,6.842698132962639,0.0,6.842698132962639,False
1796.099999999462,26.57865093351868,26.57865093351868,3.4213490664813193,6.842698132962639,0.0,6.842698132962639,False
1796.5999999994615,26.57865093351868,26.57865093351868,3.4213490664813193,6.842698132962639,0.0,6.842698132962639,False
1797.099999999461,26.57865093351868,26.57865093351868,3.4213490664813193,6.842698132962639,0.0,6.842698132962639,False
1797.5999999994606,26.57865093351868,26.57865093351868,3.4213490664813193,6.842698132962639,0.0,6.842698132962639,False
1798.0999999994601,26.57865093351868,26.57865093351868,3.4213490664813193,6.842698132962639,0.0,6.842698132962639,False
1798.5999999994597,26.57865093351868,26.57865093351868,3.4213490664813193,6.842698132962639,0.0,6.842698132962639,False
1799.0999999994592,26.57865093351868,26.57865093351868,3.4213490664813193,6.842698132962639,0.0,6.842698132962639,False
1799.5999999994588,26.57865093351868,26.57865093351868,3.4213490664813193,6.842698132962639,0.0,6.842698132962639,False
1800.0999999994583,26.57865093351868,26.57865093351868,3.4213490664813193,6.842698132962639,0.0,6.842698132962639,False
