time_s,tec_temperature_c,measured_temperature_c,error_c,p_pwm,i_pwm,applied_pwm,saturated
0.1,23.197708581735046,23.197708581735046,6.802291418264954,13.623076923076916,0.006811538461538458,13.629888461538455,False
0.6,23.243635875124085,23.243635875124085,6.756364124875915,13.531017385667212,0.04073093626439521,13.571748321931608,False
1.0999999999999999,23.28905450298989,23.28905450298989,6.710945497010108,13.439977649307203,0.07442171739832577,13.514399366705529,False
1.6000000000000003,23.333970595161414,23.333970595161414,6.666029404838586,13.34994542426874,0.10788641290125509,13.457831837169994,False
2.1000000000000005,23.37839020684259,23.37839020684259,6.621609793157411,13.26090857044018,0.14112752331157943,13.402036093751759,False
2.600000000000001,23.422319319521883,23.422319319521883,6.577680680478117,13.172855095502868,0.174147519039468,13.347002614542337,False
3.1000000000000014,23.465763841870768,23.465763841870768,6.534236158129232,13.08577315312975,0.2069488407336386,13.292721993863388,False
3.600000000000002,23.508729610631217,23.508729610631217,6.491270389368783,12.99965104120605,0.23953389964366373,13.239184940849714,False
4.100000000000001,23.55122239149241,23.55122239149241,6.448777608507591,12.914477200071524,0.2719050779778601,13.186382278049384,False
4.6,23.593247879956714,23.593247879956714,6.406752120043286,12.830240210784261,0.30406472925681644,13.134304940041078,False
5.099999999999998,23.63481170219515,23.63481170219515,6.365188297804849,12.746928793405552,0.33601517866261227,13.082943972068163,False
5.599999999999996,23.675919415892416,23.675919415892416,6.324080584107584,12.664531805305671,0.3677587233837808,13.032290528689453,False
6.099999999999994,23.71657651108158,23.71657651108158,6.2834234889184195,12.583038239490406,0.3992976329560667,12.982335872446473,False
6.5999999999999925,23.756788410968642,23.756788410968642,6.2432115890313575,12.502437222947904,0.4306341495990313,12.933071372546936,False
7.099999999999991,23.79656047274704,23.79656047274704,6.203439527252961,12.422718015015612,0.46177048854855485,12.884488503564166,False
7.599999999999989,23.835897988402184,23.835897988402184,6.164102011597816,12.343870005767279,0.4927088383852863,12.836578844152566,False
8.099999999999987,23.874806185506227,23.874806185506227,6.125193814493773,12.26588271441954,0.52345136135909,12.78933407577863,False
8.599999999999985,23.913290228003145,23.913290228003145,6.086709771996855,12.188745787757846,0.554000193709538,12.742745981467383,False
9.099999999999984,23.95135521698421,23.95135521698421,6.048644783015789,12.112448998581748,0.5843574459824964,12.696806444564244,False
9.599999999999982,23.989006191454067,23.989006191454067,6.010993808545933,12.036982244168982,0.6145252033428523,12.651507447511834,False
10.09999999999998,24.026248129087413,24.026248129087413,5.9737518709125865,11.96233554475834,0.6445055258834307,12.60684107064177,False
10.599999999999978,24.063085946976496,24.063085946976496,5.936914053023504,11.888499042051073,0.674300448930145,12.562799490981218,False
11.099999999999977,24.09952450236948,24.09952450236948,5.90047549763052,11.8154629977305,0.7039119833434291,12.519374981073929,False
11.599999999999975,24.135568593399825,24.135568593399825,5.8644314066001755,11.743217791999655,0.7333421158159953,12.47655990781565,False
12.099999999999973,24.17122295980676,24.17122295980676,5.828777040193241,11.671753922136823,0.762592809166964,12.434346731303787,False
12.599999999999971,24.206492283646973,24.206492283646973,5.793507716353027,11.601062001068634,0.7916660026324065,12.392728003701041,False
13.09999999999997,24.241381189997664,24.241381189997664,5.758618810002336,11.531132755960563,0.8205636121523502,12.351696368112913,False
13.599999999999968,24.275894247650953,24.275894247650953,5.724105752349047,11.461957026824635,0.8492875306542821,12.311244557478917,False
14.099999999999966,24.31003596979991,24.31003596979991,5.689964030200091,11.393525765144041,0.8778396283331996,12.271365393477241,False
14.599999999999964,24.343810814716143,24.343810814716143,5.656189185283857,11.325830032514595,0.9062217529282469,12.232051785442842,False
15.099999999999962,24.377223186419194,24.377223186419194,5.622776813580806,11.258860999302712,0.9344357299959808,12.193296729298693,False
15.59999999999996,24.410277435337726,24.410277435337726,5.589722564662274,11.192609943319724,0.9624833631803046,12.155093306500028,False
16.09999999999996,24.442977858962678,24.442977858962678,5.557022141037322,11.127068248512401,0.9903664344791134,12.117434682991515,False
16.599999999999966,24.475328702492444,24.475328702492444,5.524671297507556,11.062227403669404,1.0180867045076896,12.080314108177094,False
17.099999999999973,24.507334159470197,24.507334159470197,5.492665840529803,10.99807900114353,1.045645912758887,12.043724913902418,False
17.59999999999998,24.538998372413435,24.538998372413435,5.461001627586565,10.934614735589491,1.0730457778601457,12.007660513449636,False
18.099999999999987,24.570325433435848,24.570325433435848,5.429674566564152,10.871826402717168,1.1002879978273723,11.972114400544541,False
18.599999999999994,24.601319384861643,24.601319384861643,5.398680615138357,10.80970589805991,1.1273742503157287,11.937080148375639,False
19.1,24.631984219832326,24.631984219832326,5.368015780167674,10.748245215757997,1.1543061928673626,11.90255140862536,False
19.60000000000001,24.662323882906126,24.662323882906126,5.337676117093874,10.687436447356873,1.1810854631561185,11.868521910512992,False
20.100000000000016,24.692342270650084,24.692342270650084,5.307657729349916,10.627271780620013,1.207713679229268,11.834985459849282,False
20.600000000000023,24.722043232224962,24.722043232224962,5.277956767775038,10.567743498356286,1.2341924397462922,11.801935938102579,False
21.10000000000003,24.75143056996298,24.75143056996298,5.248569430037019,10.508843977261584,1.260523324214755,11.76936730147634,False
21.600000000000037,24.780508039938542,24.780508039938542,5.2194919600614575,10.450565686774624,1.286707893223303,11.737273579997927,False
22.100000000000044,24.809279352531995,24.809279352531995,5.190720647468005,10.392901187946634,1.3127476886718208,11.705648876618454,False
22.60000000000005,24.837748172986494,24.837748172986494,5.162251827013506,10.335843132324868,1.338644233998789,11.674487366323657,False
23.10000000000006,24.865918121958135,24.865918121958135,5.134081878041865,10.279384260849682,1.3643990344058643,11.643783295255545,False
23.600000000000065,24.89379277605931,24.89379277605931,5.1062072239406895,10.223517402765111,1.3900135770797266,11.613530979844837,False
24.100000000000072,24.921375668395502,24.921375668395502,5.078624331604498,10.168235474542684,1.4154893314112211,11.583724805953905,False
24.60000000000008,24.948670289095496,24.948670289095496,5.051329710904504,10.11353147881836,1.44082774921183,11.55435922803019,False
25.100000000000087,24.975680085835137,24.975680085835137,5.024319914164863,10.059398503342457,1.4660302649275048,11.525428768269961,False
25.600000000000094,25.00240846435472,25.00240846435472,4.997591535645281,10.005829719942348,1.491098295849895,11.496928015792243,False
26.1000000000001,25.02885878897006,25.02885878897006,4.971141211029941,9.952818383497778,1.5160332423250014,11.46885162582278,False
26.600000000000108,25.055034383077302,25.055034383077302,4.944965616922698,9.900357830928762,1.540836487959285,11.441194318888048,False
27.100000000000115,25.080938529651664,25.080938529651664,4.9190614703483355,9.848441480195703,1.5655093998232668,11.41395088001897,False
27.600000000000122,25.10657447173999,25.10657447173999,4.8934255282600105,9.797062829311812,1.5900533286526437,11.387116157964456,False
28.10000000000013,25.131945412947374,25.131945412947374,4.868054587052626,9.74621545536747,1.6144696090469555,11.360685064414424,False
28.600000000000136,25.157054517917853,25.157054517917853,4.842945482082147,9.695893013566533,1.6387595596658302,11.334652573232363,False
29.100000000000144,25.18190491280918,25.18190491280918,4.8180950871908195,9.646089236274385,1.6629244834228356,11.309013719697221,False
29.60000000000015,25.206499685761866,25.206499685761866,4.793500314238134,9.596797932077614,1.6869656676769733,11.283763599754588,False
30.100000000000158,25.2308418873625,25.2308418873625,4.7691581126374984,9.548012984855042,1.7108843844218335,11.258897369276875,False
30.600000000000165,25.25493453110139,25.25493453110139,4.745065468898609,9.499728352860238,1.7346818904724484,11.234410243332686,False
31.100000000000172,25.27878059382466,25.27878059382466,4.72121940617534,9.451938067815085,1.7583594276498664,11.210297495464951,False
31.60000000000018,25.302383016180794,25.302383016180794,4.697616983819206,9.404636234014482,1.781918222963478,11.18655445697796,False
32.100000000000186,25.325744703061783,25.325744703061783,4.674255296938217,9.35781702744191,1.8053594887911197,11.16317651623303,False
32.60000000000019,25.348868524038892,25.348868524038892,4.651131475961108,9.311474694895757,1.8286844230569832,11.140159117952741,False
33.1000000000002,25.371757313793047,25.371757313793047,4.628242686206953,9.265603553126404,1.8518942094073554,11.117497762533759,False
33.60000000000021,25.394413872540074,25.394413872540074,4.605586127459926,9.220197987983688,1.8749900173842178,11.095188005367906,False
34.100000000000215,25.416840966450675,25.416840966450675,4.583159033549325,9.175252453574863,1.8979730025967296,11.073225456171594,False
34.60000000000022,25.43904132806534,25.43904132806534,4.56095867193466,9.130761471432756,1.9208443068906227,11.051605778323378,False
35.10000000000023,25.461017656704165,25.461017656704165,4.538982343295835,9.086719629694109,1.9436050585155296,11.030324688209639,False
35.600000000000236,25.48277261887168,25.48277261887168,4.517227381128318,9.043121582287938,1.9662563722902742,11.009377954578213,False
36.10000000000024,25.504308848656773,25.504308848656773,4.495691151343227,8.999962048133725,1.9887993497661485,10.988761397899873,False
36.60000000000025,25.52562894812769,25.52562894812769,4.4743710518723105,8.95723581034946,2.0112350793881983,10.968470889737658,False
37.10000000000026,25.546735487722255,25.546735487722255,4.453264512277745,8.9149377154693,2.0335646366545443,10.948502352123844,False
37.600000000000264,25.56763100663333,25.56763100663333,4.432368993366669,8.873062672670756,2.0557890842737607,10.928851756944516,False
38.10000000000027,25.588318013189568,25.588318013189568,4.411681986810432,8.831605653011316,2.077909472320338,10.909515125331653,False
38.60000000000028,25.608798985231513,25.608798985231513,4.3912010147684875,8.79056168867438,2.0999268383882486,10.89048852706263,False
39.100000000000286,25.629076370483155,25.629076370483155,4.370923629516845,8.74992587222436,2.1218422077426426,10.871768079967001,False
39.60000000000029,25.64915258691891,25.64915258691891,4.350847413081091,8.709693355870876,2.143656593469696,10.853349949340572,False
40.1000000000003,25.669030023126147,25.669030023126147,4.3309699768738525,8.669859350741952,2.1653709966246306,10.835230347366583,False
40.60000000000031,25.688711038663314,25.688711038663314,4.311288961336686,8.630419126166004,2.1869864063779323,10.817405532543937,False
41.100000000000314,25.708197964413667,25.708197964413667,4.291802035586333,8.591368008962625,2.208503800159783,10.799871809122408,False
41.60000000000032,25.727493102934705,25.727493102934705,4.272506897065295,8.552701382742015,2.229924143802743,10.782625526544757,False
42.10000000000033,25.746598728803328,25.746598728803328,4.253401271196672,8.514414687212948,2.251248391682681,10.76566307889563,False
42.600000000000335,25.765517088956816,25.765517088956816,4.234482911043184,8.476503417499181,2.272477486857995,10.748980904357175,False
43.10000000000034,25.784250403029645,25.784250403029645,4.215749596970355,8.438963123464127,2.293612361207139,10.732575484671266,False
43.60000000000035,25.802800863686166,25.802800863686166,4.197199136313834,8.401789409043879,2.3146539355644644,10.716443344608344,False
44.10000000000036,25.821170636949276,25.821170636949276,4.178829363050724,8.364977931588257,2.335603119854416,10.700581051442672,False
44.600000000000364,25.839361862525024,25.839361862525024,4.160638137474976,8.328524401209982,2.356460813224087,10.68498521443407,False
45.10000000000037,25.85737665412333,25.85737665412333,4.142623345876672,8.292424580141706,2.3772279041741586,10.669652484315865,False
45.60000000000038,25.875217099774733,25.875217099774733,4.1247829002252665,8.256674282100889,2.397905270688249,10.654579552789137,False
46.100000000000385,25.892885262143338,25.892885262143338,4.107114737856662,8.221269371662473,2.4184937803606794,10.639763152023152,False
46.60000000000039,25.910383178835875,25.910383178835875,4.089616821164125,8.186205763639116,2.4389942905226882,10.625200054161803,False
47.1000000000004,25.927712862707054,25.927712862707054,4.072287137292946,8.151479422469102,2.4594076483671077,10.61088707083621,False
47.600000000000406,25.94487630216117,25.94487630216117,4.05512369783883,8.11708636161157,2.479734691071514,10.596821052683083,False
48.10000000000041,25.96187546145002,25.96187546145002,4.0381245385499795,8.083022642949253,2.499976245919888,10.582998888869142,False
48.60000000000042,25.978712280967244,25.978712280967244,4.021287719032756,8.049284376198344,2.520133130422784,10.569417506621129,False
49.10000000000043,25.99538867753898,25.99538867753898,4.00461132246102,8.015867718325737,2.5402061524360384,10.556073870761775,False
49.600000000000435,26.0119065447111,26.0119065447111,3.988093455288901,7.982768872973196,2.5601961102780315,10.542964983251228,False
50.10000000000044,26.028267753032818,26.028267753032818,3.971732246967182,7.949984089888687,2.58010379284552,10.530087882734207,False
50.60000000000045,26.044474150336942,26.044474150336942,3.955525849663058,7.91750966436453,2.5999299797280604,10.51743964409259,False
51.100000000000456,26.060527562016663,26.060527562016663,3.939472437983337,7.885341936682458,2.6196754413210335,10.505017378003492,False
51.60000000000046,26.07642979129896,26.07642979129896,3.9235702087010402,7.853477291565461,2.6393409389372944,10.492818230502756,False
52.10000000000047,26.09218261951471,26.09218261951471,3.907817380485291,7.821912157636241,2.658927224917464,10.480839382553706,False
52.60000000000048,26.10778780636547,26.10778780636547,3.8922121936345313,7.79064300688232,2.6784350427388723,10.469078049621192,False
53.100000000000485,26.12324709018703,26.12324709018703,3.8767529098129714,7.759666354127681,2.6978651271231797,10.45753148125086,False
53.60000000000049,26.138562188209747,26.138562188209747,3.8614378117902532,7.728978756510777,2.7172182041426813,10.44619696065346,False
54.1000000000005,26.153734796815698,26.153734796815698,3.846265203184302,7.69857681296898,2.7364949913253187,10.4350718042943,False
54.600000000000506,26.168766591792707,26.168766591792707,3.831233408207293,7.6684571637293,2.755696197758411,10.424153361487711,False
55.10000000000051,26.183659228585277,26.183659228585277,3.8163407714147226,7.638616489805251,2.7748225241911273,10.413439013996378,False
55.60000000000052,26.198414342542442,26.198414342542442,3.801585657457558,7.609051512499946,2.7938746631357043,10.402926175635649,False
56.10000000000053,26.213033549162652,26.213033549162652,3.7869664508373475,7.5797589929151385,2.8128532989674295,10.392612291882568,False
56.600000000000534,26.22751844433559,26.22751844433559,3.7724815556644096,7.550735731466368,2.831759108023412,10.38249483948978,False
57.10000000000054,26.241870604581123,26.241870604581123,3.7581293954188766,7.52197856740392,2.850592758700149,10.372571326104069,False
57.60000000000055,26.25609158728528,26.25609158728528,3.7439084127147204,7.493484378339687,2.8693549115498986,10.362839289889585,False
58.100000000000556,26.270182930933412,26.270182930933412,3.7298170690665877,7.465250079779722,2.888046219375882,10.353296299155604,False
58.60000000000056,26.28414615534044,26.28414615534044,3.7158538446595593,7.437272624662583,2.906667327326328,10.343939951988911,False
59.10000000000057,26.297982761878348,26.297982761878348,3.702017238121652,7.409549002903262,2.925218872987366,10.334767875890627,False
59.60000000000058,26.311694233700898,26.311694233700898,3.688305766299102,7.382076240942624,2.943701486474791,10.325777727417414,False
60.100000000000584,26.325282035965568,26.325282035965568,3.674717964034432,7.354851401302469,2.96211579052471,10.316967191827178,False
60.60000000000059,26.33874761605285,26.33874761605285,3.6612523839471507,7.327871582145832,2.980462400583085,10.308333982728918,False
61.1000000000006,26.352092403782805,26.352092403782805,3.6479075962171947,7.301133916842822,2.998741924894182,10.299875841737004,False
61.600000000000605,26.365317811629033,26.365317811629033,3.6346821883709666,7.27463557354163,3.016954964587944,10.291590538129574,False
62.10000000000061,26.37842523492999,26.37842523492999,3.6215747650700116,7.248373754744861,3.0351021137662997,10.283475868511161,False
62.60000000000062,26.391416052097764,26.391416052097764,3.608583947902236,7.22234569689094,3.053183959588422,10.275529656479362,False
63.10000000000063,26.40429162482431,26.40429162482431,3.5957083751756898,7.196548669940661,3.0712010823549467,10.267749752295607,False
63.600000000000634,26.417053298285133,26.417053298285133,3.5829467017148673,7.170979976968795,3.0891540555911634,10.260134032559957,False
64.10000000000063,26.42970240134051,26.42970240134051,3.57029759865949,7.145636953760636,3.107043446129192,10.252680399889828,False
64.6000000000006,26.44224024673426,26.44224024673426,3.5577597532657386,7.120516968413554,3.124869814189167,10.245386782602722,False
65.10000000000058,26.454668131290113,26.454668131290113,3.545331868709887,7.095617420943228,3.142633713459419,10.238251134402647,False
65.60000000000055,26.466987336105642,26.466987336105642,3.5330126638943575,7.070935742894854,3.1603356911756904,10.231271434070544,False
66.10000000000052,26.479199126743847,26.479199126743847,3.520800873256153,7.046469396959033,3.177976288199381,10.224445685158415,False
66.60000000000049,26.491304753422433,26.491304753422433,3.5086952465775667,7.022215876592291,3.1955560390948414,10.217771915687132,False
67.10000000000046,26.503305451200735,26.503305451200735,3.4966945487992653,6.998172705642311,3.2130754722057255,10.211248177848036,False
67.60000000000043,26.515202440164387,26.515202440164387,3.484797559835613,6.974337437977674,3.230535109730409,10.204872547708083,False
68.1000000000004,26.526996925607765,26.526996925607765,3.473003074392235,6.950707657122088,3.247935467796498,10.198643124918586,False
68.60000000000038,26.53869009821414,26.53869009821414,3.46130990178586,6.927280975893197,3.2652770565344174,10.192558032427614,False
69.10000000000035,26.550283134233716,26.550283134233716,3.449716865766284,6.9040550360456265,3.282560380150114,10.18661541619574,False
69.60000000000032,26.56177719565942,26.56177719565942,3.4382228043405796,6.881027507918546,3.2997859369968694,10.180813444915415,False
70.10000000000029,26.57317343040062,26.57317343040062,3.426826569599381,6.8581960900873895,3.3169542196462336,10.175150309733624,False
70.60000000000026,26.58447297245467,26.58447297245467,3.4155270275453304,6.835558509019876,3.3340657149581037,10.16962422397798,False
71.10000000000024,26.5956769420764,26.5956769420764,3.4043230579236017,6.813112518736261,3.351120904149943,10.164233422886204,False
71.60000000000021,26.60678644594551,26.60678644594551,3.3932135540544905,6.79085590047368,3.368120262865157,10.158976163338837,False
72.10000000000018,26.617802577331954,26.617802577331954,3.382197422668046,6.768786462354591,3.3850642612406365,10.153850723595227,False
72.60000000000015,26.628726416259294,26.628726416259294,3.371273583740706,6.746902039059258,3.4019533639734836,10.14885540303274,False
73.10000000000012,26.639559029666064,26.639559029666064,3.3604409703339364,6.725200491502235,3.4187880303869136,10.143988521889149,False
73.6000000000001,26.65030147156514,26.65030147156514,3.3496985284348604,6.7036797065128155,3.435568714495364,10.13924842100818,False
74.10000000000007,26.660954783201227,26.660954783201227,3.339045216798773,6.682337596519339,3.45229586506881,10.134633461588148,False
74.60000000000004,26.671519993206385,26.671519993206385,3.3284800067936153,6.661172099237319,3.468969925696287,10.130142024933606,False
75.10000000000001,26.68199811775365,26.68199811775365,3.3180018822463495,6.640181177361477,3.4855913348486514,10.125772512210128,False
75.59999999999998,26.692390160708822,26.692390160708822,3.307609839291178,6.619362818261436,3.502160525940567,10.121523344202004,False
76.09999999999995,26.702697113780356,26.702697113780356,3.2973028862196436,6.598715033681138,3.518677927391745,10.117392961072884,False
76.59999999999992,26.71291995666748,26.71291995666748,3.2870800433325194,6.578235859441975,3.5351439626874304,10.113379822129405,False
77.0999999999999,26.72305965720645,26.72305965720645,3.2769403427935515,6.557923355149477,3.5515590504381573,10.109482405587634,False
77.59999999999987,26.733117171515065,26.733117171515065,3.2668828284849347,6.537775603903597,3.567923604438771,10.105699208342369,False
78.09999999999984,26.743093444135408,26.743093444135408,3.2569065558645924,6.5177907120125695,3.5842380337267374,10.102028745739307,False
78.59999999999981,26.752989408174834,26.752989408174834,3.247010591825166,6.497966808710181,3.6005027426397374,10.098469551349918,False
79.09999999999978,26.762805985445254,26.762805985445254,3.2371940145547455,6.4783020458765534,3.6167181308725618,10.095020176749115,False
79.59999999999975,26.772544086600725,26.772544086600725,3.2274559133992753,6.458794597762285,3.632884593533311,10.091679191295597,False
80.09999999999972,26.782204611273357,26.782204611273357,3.2177953887266426,6.439442660715962,3.6490025211989137,10.088445181914874,False
80.5999999999997,26.79178844820754,26.79178844820754,3.208211551792459,6.4202444529150355,3.6650722999699683,10.085316752885003,False
81.09999999999967,26.80129647539259,26.80129647539259,3.19870352460741,6.401198214099914,3.6810943115249115,10.082292525624826,False
81.59999999999964,26.810729560193707,26.810729560193707,3.189270439806293,6.382302205311348,3.697068933173534,10.07937113848488,False
82.09999999999961,26.820088559481405,26.820088559481405,3.1799114405185946,6.363554708630993,3.7129965379098433,10.076551246540836,False
82.59999999999958,26.82937431975933,26.82937431975933,3.1706256802406685,6.344954026925102,3.7288774944642786,10.07383152138938,False
83.09999999999955,26.83858767729052,26.83858767729052,3.161412322709481,6.326498483591422,3.7447121673552903,10.071210650946712,False
83.59999999999953,26.847729458222116,26.847729458222116,3.1522705417778845,6.30818642230912,3.760500916940296,10.068687339249417,False
84.0999999999995,26.85680047870859,26.85680047870859,3.143199521291411,6.290016206791741,3.776244099466014,10.066260306257755,False
84.59999999999947,26.86580154503343,26.86580154503343,3.134198454966569,6.271986220543255,3.791942067118177,10.063928287661431,False
85.09999999999944,26.874733453729384,26.874733453729384,3.125266546270616,6.25409486661696,3.8075951680706503,10.06169003468761,False
85.59999999999941,26.88359699169719,26.88359699169719,3.116403008302811,6.236340567377447,3.82320374653395,10.059544313911397,False
86.09999999999938,26.892392936322878,26.892392936322878,3.107607063677122,6.218721764265389,3.838768142803161,10.05748990706855,False
86.59999999999935,26.901122055593696,26.901122055593696,3.098877944406304,6.20123691756519,3.8542886933052825,10.055525610870472,False
87.09999999999933,26.909785108212507,26.909785108212507,3.090214891787493,6.183884506175545,3.8697657306459923,10.053650236821538,False
87.5999999999993,26.918382843710916,26.918382843710916,3.0816171562890844,6.166663027382704,3.8851995836558415,10.051862611038546,False
88.09999999999927,26.92691600256092,26.92691600256092,3.073083997439081,6.149570996636577,3.9005905774358873,10.050161574072463,False
88.59999999999924,26.935385316285267,26.935385316285267,3.0646146837147334,6.132606947329471,3.915939033402767,10.048545980732237,False
89.09999999999921,26.94379150756642,26.94379150756642,3.05620849243358,6.1157694305776715,3.931245269333231,10.047014699910903,False
89.59999999999918,26.95213529035424,26.95213529035424,3.0478647096457614,6.0990570150055134,3.946509599408122,10.045566614413636,False
90.09999999999916,26.96041736997229,26.96041736997229,3.0395826300277093,6.082468286532233,3.96173233425583,10.044200620788063,False
90.59999999999913,26.96863844322294,26.96863844322294,3.0313615567770604,6.0660018481613065,3.9769137809952126,10.04291562915652,False
91.0999999999991,26.976799198491086,26.976799198491086,3.0232008015089136,6.049656319772431,3.9920542432779906,10.041710563050422,False
91.59999999999907,26.984900315846666,26.984900315846666,3.015099684153334,6.033430337916023,4.007154021330631,10.040584359246655,False
92.09999999999904,26.992942467145927,26.992942467145927,3.0070575328540734,6.0173225556102,4.02221341199572,10.03953596760592,False
92.59999999999901,27.00092631613143,27.00092631613143,2.99907368386857,6.001331642140244,4.037232708772825,10.038564350913068,False
93.09999999999899,27.00885251853087,27.00885251853087,2.991147481469131,5.985456282860525,4.052212201858876,10.0376684847194,False
93.59999999999896,27.01672172215465,27.01672172215465,2.9832782778453506,5.969695178998798,4.067152178188033,10.036847357186831,False
94.09999999999893,27.024534566992298,27.024534566992298,2.9754654330077024,5.954047047462993,4.082052921471089,10.036099968934082,False
94.5999999999989,27.032291685307705,27.032291685307705,2.9677083146922953,5.938510620650177,4.096914712234373,10.03542533288455,False
95.09999999999887,27.039993701733184,27.039993701733184,2.9600062982668156,5.923084646258054,4.111737827858198,10.034822474116252,False
95.59999999999884,27.047641233362402,27.047641233362402,2.952358766637598,5.907767887098572,4.126522542614829,10.034290429713401,False
96.09999999999881,27.05523488984217,27.05523488984217,2.9447651101578316,5.892559120913965,4.141269127705994,10.033828248619958,False
96.59999999999879,27.062775273463114,27.062775273463114,2.9372247265368863,5.877457140194892,4.155977851299934,10.033434991494826,False
97.09999999999876,27.070262979249257,27.070262979249257,2.9297370207507427,5.862460752000892,4.170648978568006,10.0331097305689,False
97.59999999999873,27.07769859504647,27.07769859504647,2.9223014049535294,5.8475687777830245,4.18528277172084,10.032851549503864,False
98.0999999999987,27.08508270160989,27.08508270160989,2.9149172983901117,5.832780053208602,4.19987949004405,10.032659543252652,False
98.59999999999867,27.092415872690246,27.092415872690246,2.907584127309754,5.818093427988103,4.21443938993352,10.032532817921624,False
99.09999999999864,27.099698675119143,27.099698675119143,2.900301324880857,5.803507765704218,4.228962724930249,10.032470490634466,False
99.59999999999862,27.106931668893292,27.106931668893292,2.893068331106708,5.7890219436429575,4.243449745754786,10.032471689397743,False
100.09999999999859,27.114115407257735,27.114115407257735,2.885884592742265,5.774634852626775,4.257900700341231,10.032535552968007,False
100.59999999999856,27.12125043678804,27.12125043678804,2.8787495632119615,5.760345396849807,4.272315833870827,10.032661230720635,False
101.09999999999853,27.128337297471496,27.128337297471496,2.8716627025285035,5.746152493715051,4.286695388805154,10.032847882520205,False
101.5999999999985,27.13537652278735,27.13537652278735,2.8646234772126498,5.732055073673543,4.3010396049188975,10.033094678592441,False
102.09999999999847,27.14236863978599,27.14236863978599,2.857631360214011,5.718052080065547,4.315348719332242,10.03340079939779,False
102.59999999999845,27.149314169167237,27.149314169167237,2.850685830832763,5.704142468963624,4.329622966542847,10.03376543550647,False
103.09999999999842,27.15621362535766,27.15621362535766,2.8437863746423417,5.690325209017615,4.343862578457453,10.03418778747507,False
103.59999999999839,27.163067516586935,27.163067516586935,2.836932483413065,5.6765992813015345,4.358067784423091,10.034667065724626,False
104.09999999999836,27.16987634496329,27.16987634496329,2.8301236550367115,5.662963679162338,4.372238811257918,10.035202490420257,False
104.59999999999833,27.176640606548013,27.176640606548013,2.8233593934519874,5.649417408070505,4.386375883281669,10.035793291352174,False
105.0999999999983,27.183360791429077,27.183360791429077,2.8166392085709226,5.635959485472448,4.400479222345756,10.036438707818203,False
105.59999999999827,27.19003738379384,27.19003738379384,2.8099626162061604,5.622588940644761,4.414549047862972,10.037137988507734,False
106.09999999999825,27.196670862000875,27.196670862000875,2.8033291379991248,5.6093048145501925,4.428585576836867,10.037890391387059,False
106.59999999999822,27.203261698650934,27.203261698650934,2.796738301349066,5.596106159695374,4.442589023890738,10.038695183586112,False
107.09999999999819,27.209810360657013,27.209810360657013,2.7901896393429872,5.582992039990344,4.456559601296283,10.039551641286629,False
107.59999999999816,27.21631730931361,27.21631730931361,2.7836826906863905,5.56996153060971,4.470497519001899,10.04045904961161,False
108.09999999999813,27.22278300036509,27.22278300036509,2.777216999634909,5.55701371785554,4.48440298466064,10.04141670251618,False
108.5999999999981,27.229207884073254,27.229207884073254,2.7707921159267457,5.5441476990219485,4.498276203657826,10.042423902679776,False
109.09999999999808,27.235592405284063,27.235592405284063,2.764407594715937,5.531362582261266,4.5121173791383296,10.043479961399596,False
109.59999999999805,27.24193700349357,27.24193700349357,2.7580629965064283,5.518657486451893,4.5259267120335185,10.044584198485412,False
110.09999999999802,27.248242112913022,27.248242112913022,2.7517578870869777,5.506031541067763,4.539704401087876,10.04573594215564,False
110.59999999999799,27.254508162533178,27.254508162533178,2.7454918374668225,5.493483886049368,4.553450642885295,10.046934528934663,False
111.09999999999796,27.260735576187866,27.260735576187866,2.739264423812134,5.481013671676379,4.567165631875055,10.048179303551434,False
111.59999999999793,27.266924772616726,27.266924772616726,2.7330752273832744,5.4686200584418145,4.580849560397477,10.049469618839291,False
112.0999999999979,27.273076165527222,27.273076165527222,2.726923834472778,5.456302216927703,4.594502618709276,10.05080483563698,False
112.59999999999788,27.279190163655873,27.279190163655873,2.7208098363441273,5.444059327682375,4.608124995008594,10.05218432269097,False
113.09999999999785,27.285267170828764,27.285267170828764,2.7147328291712363,5.43189058109909,4.621716875459736,10.053607456558826,False
113.59999999999782,27.29130758602129,27.29130758602129,2.70869241397871,5.419795177296265,4.635278444217602,10.055073621513866,False
114.09999999999779,27.297311803417195,27.297311803417195,2.7026881965828053,5.40777232599914,4.648809883451821,10.056582209450962,False
114.59999999999776,27.303280212466877,27.303280212466877,2.696719787533123,5.395821246422834,4.662311373370594,10.058132619793428,False
115.09999999999773,27.309213197945,27.309213197945,2.690786802055001,5.38394116715687,4.675783092244243,10.059724259401113,False
115.5999999999977,27.315111140007375,27.315111140007375,2.6848888599926255,5.372131326051132,4.68922521642848,10.061356542479611,False
116.09999999999768,27.32097441424718,27.32097441424718,2.6790255857528216,5.360390970103133,4.702637920387381,10.063028890490514,False
116.59999999999765,27.32680339175048,27.32680339175048,2.673196608249519,5.348719355346709,4.716021376716096,10.064740732062806,False
117.09999999999762,27.332598439151056,27.332598439151056,2.667401560848944,5.337115746742107,4.72937575616327,10.066491502905377,False
117.59999999999759,27.338359918684603,27.338359918684603,2.6616400813153973,5.325579418067299,4.742701227653197,10.068280645720495,False
118.09999999999756,27.344088188242207,27.344088188242207,2.655911811757793,5.314109651810774,4.755997958307702,10.070107610118477,False
118.59999999999754,27.349783601423248,27.349783601423248,2.6502163985767524,5.30270573906548,4.769266113467761,10.071971852533242,False
119.09999999999751,27.355446507587597,27.355446507587597,2.6445534924124026,5.2913669794241684,4.78250585671485,10.073872836139017,False
119.59999999999748,27.361077251907204,27.361077251907204,2.6389227480927957,5.28009268087596,4.795717349892045,10.075810030768004,False
120.09999999999745,27.366676175417048,27.366676175417048,2.633323824582952,5.268882159704212,4.8089007531248535,10.077782912829065,False
120.59999999999742,27.372243615065464,27.372243615065464,2.6277563849345356,5.2577347403855725,4.822056224841805,10.079790965227378,False
121.0999999999974,27.377779903763876,27.377779903763876,2.6222200962361235,5.246649755490338,4.835183921794777,10.081833677285115,False
121.59999999999737,27.383285370435903,27.383285370435903,2.616714629564097,5.235626545583955,4.848283999079088,10.083910544663043,False
122.09999999999734,27.388760340065858,27.388760340065858,2.6112396599341423,5.224664459129762,4.861356610153336,10.086021069283099,False
122.59999999999731,27.394205133746706,27.394205133746706,2.6057948662532944,5.213762852392918,4.874401906858996,10.088164759251914,False
123.09999999999728,27.39962006872736,27.39962006872736,2.6003799312726414,5.202921089345487,4.887420039439788,10.090341128785276,False
123.59999999999725,27.405005458459474,27.405005458459474,2.594994541540526,5.192138541572682,4.900411156560802,10.092549698133483,False
124.09999999999722,27.410361612643626,27.410361612643626,2.5896383873563735,5.181414588180253,4.913375405327387,10.09478999350764,False
124.5999999999972,27.41568883727495,27.41568883727495,2.584311162725051,5.170748615703012,4.926312931303819,10.097061547006831,False
125.09999999999717,27.4209874346882,27.4209874346882,2.5790125653117997,5.160140018014445,4.939223878531739,10.099363896546183,False
125.59999999999714,27.426257703602285,27.426257703602285,2.5737422963977146,5.149588196237474,4.952108389548361,10.101696585785835,False
126.09999999999711,27.43149993916424,27.43149993916424,2.5685000608357598,5.139092558656273,4.9649666054044665,10.10405916406074,False
126.59999999999708,27.436714432992673,27.436714432992673,2.563285567007327,5.128652520629139,4.977798665682177,10.106451186311315,False
127.09999999999705,27.441901473220693,27.441901473220693,2.5580985267793075,5.118267504502477,4.990604708512508,10.108872213014983,False
127.59999999999702,27.44706134453828,27.44706134453828,2.5529386554617197,5.107936939525814,5.003384870592711,10.111321810118525,False
128.099999999997,27.45219432823419,27.45219432823419,2.5478056717658113,5.097660261767793,5.01613928720341,10.113799548971203,False
128.59999999999698,27.45730070223729,27.45730070223729,2.5426992977627094,5.08743691403329,5.028868092225521,10.116305006258811,False
129.09999999999695,27.462380741157443,27.462380741157443,2.5376192588425575,5.0772663457814815,5.041571418156967,10.118837763938448,False
129.59999999999692,27.467434716325858,27.467434716325858,2.532565283674142,5.067148013044886,5.054249396129198,10.121397409174083,False
130.0999999999969,27.472462895834976,27.472462895834976,2.527537104165024,5.0570813783494515,5.066902155923499,10.12398353427295,False
130.59999999999687,27.477465544577832,27.477465544577832,2.522534455422168,5.047065910635602,5.07952982598711,10.126595736622711,False
131.09999999999684,27.482442924286982,27.482442924286982,2.517557075713018,5.037101085180211,5.092132533449139,10.12923361862935,False
131.5999999999968,27.48739529357293,27.48739529357293,2.5126047064270693,5.027186383519556,5.104710404136295,10.131896787655851,False
132.09999999999678,27.492322907962087,27.492322907962087,2.5076770920379126,5.017321293373207,5.117263562588412,10.13458485596162,False
132.59999999999675,27.497226019934267,27.497226019934267,2.502773980065733,5.007505308568852,5.129792132073805,10.137297440642659,False
133.09999999999673,27.50210487895975,27.50210487895975,2.4978951210402514,4.997737928968,5.142296234604422,10.140034163572423,False
133.5999999999967,27.50695973153585,27.50695973153585,2.4930402684641493,4.9880186603926475,5.154775990950819,10.142794651343467,False
134.09999999999667,27.511790821223084,27.511790821223084,2.4882091787769163,4.978347014552789,5.167231520656954,10.145578535209744,False
134.59999999999664,27.516598388680848,27.516598388680848,2.4834016113191524,4.9687225089748495,5.179662942054799,10.148385451029649,False
135.0999999999966,27.521382671702728,27.521382671702728,2.478617328297272,4.959144666930939,5.192070372278777,10.151215039209717,False
135.59999999999658,27.526143905251306,27.526143905251306,2.473856094748694,4.949613017369018,5.204453927280014,10.154066944649031,False
136.09999999999656,27.530882321492594,27.530882321492594,2.4691176785074056,4.940127094843909,5.216813721840436,10.156940816684344,False
136.59999999999653,27.535598149830022,27.535598149830022,2.4644018501699776,4.9306864394491114,5.229149869586671,10.159836309035782,False
137.0999999999965,27.540291616938028,27.540291616938028,2.4597083830619724,4.921290596749493,5.241462483003807,10.162753079753301,False
137.59999999999647,27.544962946795234,27.544962946795234,2.455037053204766,4.911939117714752,5.253751673448959,10.165690791163712,False
138.09999999999644,27.549612360717187,27.549612360717187,2.4503876392828126,4.902631558653759,5.266017551164695,10.168649109818453,False
138.5999999999964,27.554240077388773,27.554240077388773,2.445759922611227,4.893367481149632,5.278260225292273,10.171627706441905,False
139.09999999999638,27.558846312896165,27.558846312896165,2.441153687103835,4.884146451995612,5.2904798038847405,10.174626255880352,False
139.59999999999636,27.56343128075841,27.56343128075841,2.4365687192415884,4.874968043131766,5.302676393919859,10.177644437051626,False
140.09999999999633,27.56799519195863,27.56799519195863,2.43200480804137,4.865831831582447,5.314850101312881,10.180681932895329,False
140.5999999999963,27.57253825497486,27.57253825497486,2.4274617450251412,4.85673739939444,5.327001030929164,10.183738430323604,False
141.09999999999627,27.577060675810458,27.577060675810458,2.4229393241895423,4.847684333575991,5.339129286596637,10.186813620172629,False
141.59999999999624,27.581562658024215,27.581562658024215,2.4184373419757854,4.838672226036465,5.351234971118114,10.189907197154579,False
142.09999999999621,27.586044402760038,27.586044402760038,2.413955597239962,4.829700673526823,5.363318186283456,10.193018859810278,False
142.5999999999962,27.590506108776317,27.590506108776317,2.4094938912236827,4.82076927758073,5.375379032881587,10.196148310462316,False
143.09999999999616,27.59494797247489,27.59494797247489,2.405052027525109,4.811877644456494,5.387417610712366,10.19929525516886,False
143.59999999999613,27.599370187929694,27.599370187929694,2.4006298120703065,4.803025385079643,5.399434018598307,10.202459403677949,False
144.0999999999961,27.603772946915033,27.603772946915033,2.396227053084967,4.794212114986188,5.411428354396167,10.205640469382356,False
144.59999999999607,27.60815643893354,27.60815643893354,2.391843561066459,4.785437454266635,5.423400715008385,10.208838169275019,False
145.09999999999604,27.612520851243772,27.612520851243772,2.3874791487562277,4.77670102751064,5.435351196394385,10.212052223905026,False
145.59999999999602,27.616866368887468,27.616866368887468,2.383133631112532,4.76800246375231,5.447279893581741,10.21528235733405,False
146.099999999996,27.62119317471647,27.62119317471647,2.3788068252835295,4.759341396416289,5.459186900677216,10.218528297093506,False
146.59999999999596,27.62550144941936,27.62550144941936,2.3744985505806397,4.75071746326433,5.471072310877645,10.221789774141975,False
147.09999999999593,27.629791371547707,27.629791371547707,2.3702086284522927,4.742130306342673,5.482936216480705,10.22506652282338,False
147.5999999999959,27.63406311754204,27.63406311754204,2.3659368824579587,4.733579571929951,5.494778708895548,10.2283582808255,False
148.09999999999587,27.638316861757502,27.638316861757502,2.3616831382424976,4.725064910485813,5.5065998786533035,10.231664789139117,False
148.59999999999584,27.642552776489154,27.642552776489154,2.357447223510846,4.716585976600115,5.518399815417459,10.234985792017575,False
149.09999999999582,27.646771031997012,27.646771031997012,2.3532289680029876,4.708142428942786,5.530178607994105,10.238321036936892,False
149.5999999999958,27.650971796530783,27.650971796530783,2.349028203469217,4.699733930214215,5.541936344342063,10.241670274556277,False
150.09999999999576,27.655155236354233,27.655155236354233,2.344844763645767,4.691360147096368,5.553673111582882,10.24503325867925,False
150.59999999999573,27.65932151576936,27.65932151576936,2.34067848423064,4.683020750204378,5.565388996010732,10.24840974621511,False
151.0999999999957,27.663470797140175,27.663470797140175,2.3365292028598255,4.674715414038808,5.5770840831021555,10.251799497140963,False
151.59999999999567,27.667603240916268,27.667603240916268,2.332396759083732,4.666443816938447,5.5887584575257145,10.25520227446416,False
152.09999999999565,27.671719005656026,27.671719005656026,2.3282809943439737,4.658205641033732,5.600412203151514,10.258617844185245,False
152.59999999999562,27.675818248049627,27.675818248049627,2.3241817519503734,4.650000572200675,5.612045403060613,10.262045975261287,False
153.0999999999956,27.679901122941704,27.679901122941704,2.320098877058296,4.641828300015391,5.623658139554318,10.26548643956971,False
153.59999999999556,27.68396778335375,27.68396778335375,2.3160322166462493,4.633688517709196,5.63525049416337,10.268939011872565,False
154.09999999999553,27.688018380506282,27.688018380506282,2.311981619493718,4.625580922124186,5.6468225476570115,10.272403469781198,False
154.5999999999955,27.69205306384066,27.69205306384066,2.3079469361593397,4.617505213669446,5.658374380051948,10.275879593721395,False
155.09999999999548,27.69607198104073,27.69607198104073,2.303928018959269,4.6094610962777125,5.6699060706212085,10.279367166898922,False
155.59999999999545,27.70007527805414,27.70007527805414,2.2999247219458603,4.6014482773626,5.6814176979028765,10.282865975265477,False
156.09999999999542,27.70406309911341,27.70406309911341,2.2959369008865913,4.593466467776359,5.692909339708738,10.286375807485097,False
156.5999999999954,27.708035586756758,27.708035586756758,2.2919644132432424,4.58551538176814,5.704381073132813,10.289896454900953,False
157.09999999999536,27.711992881848673,27.711992881848673,2.2880071181513273,4.57759473694275,5.715832974559788,10.293427711502538,False
157.59999999999533,27.715935123600214,27.715935123600214,2.2840648763997855,4.569704254219907,5.72726511967334,10.296969373893248,False
158.0999999999953,27.719862449589098,27.719862449589098,2.2801375504109025,4.561843657794043,5.738677583464367,10.300521241258409,False
158.59999999999528,27.72377499577949,27.72377499577949,2.2762250042205103,4.554012675094555,5.750070440239112,10.304083115333666,False
159.09999999999525,27.727672896541616,27.727672896541616,2.272327103458384,4.546211036746513,5.761443763627193,10.307654800373706,False
159.59999999999522,27.731556284671097,27.731556284671097,2.268443715328903,4.5384384765319155,5.772797626589535,10.31123610312145,False
160.0999999999952,27.735425291408035,27.735425291408035,2.264574708591965,4.530694731351389,5.784132101426202,10.314826832777591,False
160.59999999999516,27.73928004645592,27.73928004645592,2.260719953544079,4.522979541186295,5.795447259784138,10.318426800970434,False
161.09999999999513,27.743120678000253,27.743120678000253,2.2568793219997474,4.515292649061401,5.806743172664816,10.322035821726217,False
161.5999999999951,27.746947312726974,27.746947312726974,2.2530526872730263,4.507633801007934,5.818019910431785,10.325653711439719,False
162.09999999999508,27.750760075840642,27.750760075840642,2.249239924159358,4.500002746027107,5.829277542818131,10.329280288845238,False
162.59999999999505,27.754559091082417,27.754559091082417,2.2454409089175833,4.492399236054091,5.840516138933861,10.332915374987952,False
163.09999999999502,27.7583444807478,27.7583444807478,2.2416555192521983,4.484823025922445,5.851735767273166,10.33655879319561,False
163.599999999995,27.762116365704188,27.762116365704188,2.2378836342958124,4.477273873328926,5.862936495721625,10.340210369050551,False
164.09999999999496,27.765874865408176,27.765874865408176,2.2341251345918245,4.469751538798768,5.87411839156331,10.343869930362079,False
164.59999999999494,27.769620097922687,27.769620097922687,2.2303799020773134,4.462255785651365,5.885281521487802,10.347537307139167,False
165.0999999999949,27.77335217993385,27.77335217993385,2.2266478200661517,4.454786379966436,5.8964259515971325,10.351212331563568,False
165.59999999999488,27.777071226767724,27.777071226767724,2.222928773232276,4.447343090550483,5.90755174741262,10.354894837963101,False
166.09999999999485,27.780777352406773,27.780777352406773,2.2192226475932273,4.439925688903763,5.918658973881652,10.358584662785415,False
166.59999999999482,27.784470669506163,27.784470669506163,2.215529330493837,4.432533949187608,5.929747695384367,10.362281644571976,False
167.0999999999948,27.788151289409864,27.788151289409864,2.211848710590136,4.425167648192165,5.940817975740255,10.36598562393242,False
167.59999999999476,27.791819322166525,27.791819322166525,2.208180677833475,4.417826565304523,5.951869878214681,10.369696443519203,False
168.09999999999474,27.79547487654521,27.79547487654521,2.20452512345479,4.410510482477214,5.962903465525334,10.373413948002547,False
168.5999999999947,27.799118060050883,27.799118060050883,2.2008819399491166,4.403219184197134,5.9739187998485885,10.377137984045723,False
169.09999999999468,27.802748978939746,27.802748978939746,2.1972510210602536,4.395952457454818,5.984915942825806,10.380868400280624,False
169.59999999999465,27.80636773823438,27.80636773823438,2.1936322617656216,4.388710091714053,5.99589495556953,10.384605047283582,False
170.09999999999462,27.809974441738674,27.809974441738674,2.1900255582613255,4.381491878881953,6.006855898669642,10.388347777551594,False
170.5999999999946,27.813569192052636,27.813569192052636,2.1864308079473638,4.374297613279303,6.0177988321994125,10.392096445478716,False
171.09999999999457,27.81715209058694,27.81715209058694,2.1828479094130593,4.367127091611337,6.028723815721502,10.39585090733284,False
171.59999999999454,27.820723237577365,27.820723237577365,2.179276762422635,4.359980112938828,6.039630908293868,10.399611021232698,False
172.0999999999945,27.824282732099025,27.824282732099025,2.175717267900975,4.352856478649549,6.05052016847562,10.40337664712517,False
172.59999999999448,27.82783067208044,27.82783067208044,2.1721693279195584,4.345755992430043,6.0613916543327875,10.40714764676283,False
173.09999999999445,27.83136715431742,27.83136715431742,2.1686328456825805,4.338678460237823,6.072245423444031,10.410923883681853,False
173.59999999999442,27.83489227448678,27.83489227448678,2.16510772551322,4.331623690273844,6.083081532906272,10.414705223180116,False
174.0999999999944,27.838406127159928,27.838406127159928,2.161593872840072,4.324591492955264,6.0939000393402685,10.418491532295533,False
174.59999999999437,27.84190880581622,27.84190880581622,2.158091194183779,4.317581680888686,6.104700998896109,10.422282679784796,False
175.09999999999434,27.845400402856203,27.845400402856203,2.154599597143797,4.310594068843606,6.115484467258646,10.426078536102253,False
175.5999999999943,27.848881009614686,27.848881009614686,2.1511189903853136,4.303628473726164,6.12625049965287,10.429878973379033,False
176.09999999999428,27.852350716373635,27.852350716373635,2.1476492836263645,4.296684714553358,6.136999150849204,10.43368386540256,False
176.59999999999425,27.855809612374948,27.855809612374948,2.144190387625052,4.289762612427381,6.147730475168749,10.437493087596131,False
177.09999999999422,27.859257785833027,27.859257785833027,2.1407422141669734,4.282861990510433,6.158444526488454,10.441306516998887,False
177.5999999999942,27.86269532394721,27.86269532394721,2.137304676052789,4.275982673999785,6.169141358246236,10.44512403224602,False
178.09999999999417,27.8661223129141,27.8661223129141,2.1338776870858993,4.269124490103096,6.179821023446022,10.448945513549116,False
178.59999999999414,27.869538837939672,27.869538837939672,2.130461162060328,4.2622872680140915,6.19048357466274,10.45277084267683,False
179.0999999999941,27.872944983251273,27.872944983251273,2.127055016748727,4.255470838888527,6.201129064047255,10.456599902935782,False
179.59999999999408,27.87634083210948,27.87634083210948,2.1236591678905192,4.248675035820426,6.211757543331232,10.460432579151657,False
180.09999999999405,27.879726466819786,27.879726466819786,2.120273533180214,4.241899693818624,6.222369063831946,10.46426875765057,False
180.59999999999403,27.883101968744167,27.883101968744167,2.1168980312558325,4.235144649783599,6.232963676457039,10.468108326240639,False
181.099999999994,27.886467418312506,27.886467418312506,2.113532581687494,4.2284097424845655,6.243541431709208,10.471951174193773,False
181.59999999999397,27.889822895033877,27.889822895033877,2.110177104966123,4.221694812536839,6.25410237969085,10.475797192227688,False
182.09999999999394,27.893168477507654,27.893168477507654,2.106831522492346,4.214999702379565,6.264646570108639,10.479646272488203,False
182.5999999999939,27.896504243434556,27.896504243434556,2.1034957565654437,4.208324256253583,6.2751740522780555,10.483498308531638,False
183.09999999999388,27.899830269627515,27.899830269627515,2.1001697303724853,4.20166832017965,6.2856848751278545,10.487353195307504,False
183.59999999999386,27.903146632022384,27.903146632022384,2.096853367977616,4.195031741936937,6.296179087204485,10.491210829141423,False
184.09999999999383,27.906453405688584,27.906453405688584,2.093546594311416,4.188414371041702,6.306656736676453,10.495071107718156,False
184.5999999999938,27.90975066483957,27.90975066483957,2.090249335160429,4.181816058726319,6.317117871338637,10.498933930064958,False
185.09999999999377,27.913038482843177,27.913038482843177,2.0869615171568228,4.175236657918518,6.32756253861654,10.502799196535058,False
185.59999999999374,27.916316932231844,27.916316932231844,2.083683067768156,4.168676023220883,6.337990785570503,10.506666808791387,False
186.0999999999937,27.919586084712734,27.919586084712734,2.0804139152872665,4.162134010890583,6.3484026588998566,10.51053666979044,False
186.59999999999368,27.9228460111777,27.9228460111777,2.0771539888222996,4.155610478819369,6.358798204947032,10.514408683766401,False
187.09999999999366,27.926096781713145,27.926096781713145,2.073903218286855,4.14910528651383,6.369177469701618,10.518282756215449,False
187.59999999999363,27.92933846560976,27.92933846560976,2.07066153439024,4.142618295075842,6.37954049880436,10.522158793880202,False
188.0999999999936,27.93257113137214,27.93257113137214,2.067428868627861,4.1361493671833,6.3898873375511345,10.526036704734434,False
188.59999999999357,27.935794846728285,27.935794846728285,2.0642051532717147,4.129698367071072,6.400218030896847,10.529916397967918,False
189.09999999999354,27.939009678638996,27.939009678638996,2.060990321361004,4.123265160512176,6.410532623459302,10.533797783971478,False
189.5999999999935,27.942215693307123,27.942215693307123,2.057784306692877,4.1168496147992,6.42083115952302,10.53768077432222,False
190.09999999999349,27.945412956186747,27.945412956186747,2.054587043813253,4.1104515987259305,6.431113683043007,10.541565281768937,False
190.59999999999346,27.94860153199222,27.94860153199222,2.051398468007779,4.104070982569212,6.441380237648481,10.545451220217693,False
191.09999999999343,27.9517814847071,27.9517814847071,2.0482185152928984,4.097707638071022,6.451630866646558,10.549338504717579,False
191.5999999999934,27.954952877592984,27.954952877592984,2.0450471224070164,4.09136143842079,6.461865613025882,10.553227051446672,False
192.09999999999337,27.95811577319822,27.95811577319822,2.0418842268017805,4.085032258237902,6.472084519460213,10.557116777698116,False
192.59999999999334,27.961270233366527,27.961270233366527,2.038729766633473,4.078719973554442,6.482287628311992,10.561007601866434,False
193.09999999999332,27.964416319245494,27.964416319245494,2.035583680754506,4.0724244617981284,6.492474981635829,10.564899443433958,False
193.5999999999933,27.967554091295014,27.967554091295014,2.032445908704986,4.066145601775425,6.502646621181977,10.568792222957402,False
194.09999999999326,27.97068360929555,27.97068360929555,2.0293163907044516,4.059883273654968,6.5128025883997545,10.572685862054723,False
194.59999999999323,27.973804932356362,27.973804932356362,2.0261950676436378,4.053637358951043,6.522942924440918,10.576580283391962,False
195.0999999999932,27.976918118923614,27.976918118923614,2.0230818810763864,4.047407740507381,6.53306767016301,10.580475410670392,False
195.59999999999317,27.980023226788354,27.980023226788354,2.0199767732116456,4.0411943024811094,6.543176866132658,10.584371168613767,False
196.09999999999314,27.983120313094435,27.983120313094435,2.0168796869055647,4.034996930326898,6.553270552628828,10.588267482955725,False
196.59999999999312,27.986209434346325,27.986209434346325,2.013790565653675,4.028815510781293,6.5633487696460495,10.592164280427342,False
197.0999999999931,27.98929064641683,27.98929064641683,2.01070935358317,4.022649931847248,6.573411556897599,10.596061488744848,False
197.59999999999306,27.99236400455469,27.99236400455469,2.007635995445309,4.016500082778869,6.583458953818637,10.599959036597506,False
198.09999999999303,27.99542956339214,27.99542956339214,2.0045704366078603,4.010365854066279,6.593490999569318,10.603856853635598,False
198.599999999993,27.99848737695231,27.99848737695231,2.0015126230476916,4.004247137420755,6.603507733037855,10.60775487045861,False
199.09999999999297,28.001537498656603,28.001537498656603,1.998462501343397,3.9981438257599606,6.613509192843552,10.611653018603512,False
199.59999999999295,28.004579981331936,28.004579981331936,1.9954200186680637,3.9920558131934314,6.623495417339797,10.615551230533228,False
200.09999999999292,28.007614877217918,28.007614877217918,1.992385122782082,3.9859829950081576,6.633466444617024,10.619449439625182,False
200.5999999999929,28.01064223797392,28.01064223797392,1.9893577620260814,3.97992526765443,6.64342231250563,10.623347580160061,False
201.09999999999286,28.013662114686074,28.013662114686074,1.986337885313926,3.9738825287317994,6.653363058578865,10.627245587310664,False
201.59999999999283,28.01667455787418,28.01667455787418,1.983325442125821,3.9678546769752288,6.663288720155682,10.631143397130911,False
202.0999999999928,28.019679617498536,28.019679617498536,1.9803203825014641,3.9618416122414075,6.673199334303559,10.635040946544967,False
202.59999999999278,28.022677342966684,28.022677342966684,1.9773226570333158,3.955843235495216,6.68309493784128,10.638938173336495,False
203.09999999999275,28.02566778314006,28.02566778314006,1.9743322168599384,3.9498594487964027,6.692975567341684,10.642835016138086,False
203.59999999999272,28.028650986340583,28.028650986340583,1.9713490136594167,3.9438901552863683,6.70284125913439,10.646731414420758,False
204.0999999999927,28.031627000357147,28.031627000357147,1.9683729996428525,3.9379352591751413,6.712692049308471,10.650627308483612,False
204.59999999999266,28.03459587245204,28.03459587245204,1.9654041275479592,3.9319946657285243,6.722527973715113,10.654522639443638,False
205.09999999999263,28.037557649367297,28.037557649367297,1.9624423506327027,3.926068281255361,6.732349067970233,10.658417349225594,False
205.5999999999926,28.04051237733096,28.04051237733096,1.959487622669041,3.92015601309496,6.742155367457071,10.662311380552032,False
206.09999999999258,28.043460102063253,28.043460102063253,1.9565398979367465,3.914257769604724,6.75194690732874,10.666204676933464,False
206.59999999999255,28.046400868782715,28.046400868782715,1.9535991312172847,3.908373460147878,6.761723722510759,10.670097182658637,False
207.09999999999252,28.049334722212226,28.049334722212226,1.950665277787774,3.902502995081349,6.771485847703552,10.673988842784901,False
207.5999999999925,28.052261706584975,28.052261706584975,1.947738293415025,3.8966462857438486,6.781233317384909,10.677879603128758,False
208.09999999999246,28.055181865650347,28.055181865650347,1.944818134349653,3.890803244444001,6.790966165812421,10.681769410256422,False
208.59999999999243,28.058095242679766,28.058095242679766,1.9419047573202342,3.884973784448711,6.800684427025892,10.685658211474603,False
209.0999999999924,28.061001880472418,28.061001880472418,1.9389981195275823,3.879157819971624,6.810388134849713,10.689545954821337,False
209.59999999999238,28.063901821360947,28.063901821360947,1.9360981786390532,3.873355266161724,6.82007732289522,10.693432589056943,False
210.09999999999235,28.06679510721706,28.06679510721706,1.933204892782939,3.8675660390921323,6.829752024563007,10.697318063655139,False
210.59999999999232,28.069681779457067,28.069681779457067,1.930318220542933,3.8617900557489335,6.839412273045221,10.701202328794155,False
211.0999999999923,28.072561879047367,28.072561879047367,1.9274381209526332,3.856027234020246,6.8490581013278335,10.70508533534808,False
211.59999999999226,28.07543544650984,28.07543544650984,1.9245645534901605,3.8502774926853647,6.858689542192869,10.708967034878235,False
212.09999999999224,28.07830252192721,28.07830252192721,1.9216974780727902,3.8445407514040113,6.868306628220628,10.71284737962464,False
212.5999999999922,28.0811631449483,28.0811631449483,1.9188368550517012,3.838816930705832,6.877909391791867,10.7167263224977,False
213.09999999999218,28.08401735479327,28.08401735479327,1.9159826452067286,3.83310595197986,6.887497865089956,10.720603817069815,False
213.59999999999215,28.086865190258752,28.086865190258752,1.9131348097412477,3.8274077374642417,6.8970720801030145,10.724479817567257,False
214.09999999999212,28.08970668972292,28.08970668972292,1.9102933102770798,3.821722210236061,6.906632068626016,10.728354278862078,False
214.5999999999921,28.092541891150564,28.092541891150564,1.9074581088494362,3.8160492942011786,6.916177862262872,10.73222715646405,False
215.09999999999206,28.095370832098,28.095370832098,1.9046291679020015,3.8103889140843563,6.925709492428492,10.736098406512848,False
215.59999999999204,28.09819354971801,28.09819354971801,1.9018064502819882,3.804740995419394,6.935226990350811,10.739967985770205,False
216.099999999992,28.101010080764684,28.101010080764684,1.8989899192353157,3.7991054645394087,6.9447303870728,10.743835851612209,False
216.59999999999198,28.10382046159818,28.10382046159818,1.896179538401821,3.7934822485672797,6.954219713454449,10.74770196202173,False
217.09999999999195,28.106624728189477,28.106624728189477,1.8933752718105232,3.7878712754061112,6.963695000174724,10.751566275580835,False
217.59999999999192,28.10942291612503,28.10942291612503,1.8905770838749696,3.7822724737299396,6.97315627773351,10.75542875146345,False
218.0999999999919,28.112215060611387,28.112215060611387,1.887784939388613,3.7766857729744316,6.982603576453527,10.75928934942796,False
218.59999999999187,28.115001196479746,28.115001196479746,1.8849988035202543,3.771111103327776,6.992036926482206,10.763148029809983,False
219.09999999999184,28.117781358190456,28.117781358190456,1.8822186418095441,3.765548395721652,7.001456357793568,10.76700475351522,False
219.5999999999918,28.12055557983747,28.12055557983747,1.8794444201625318,3.7599975818222973,7.010861900190069,10.770859482012366,False
220.09999999999178,28.123323895152723,28.123323895152723,1.8766761048472773,3.7544585940217345,7.020253583304419,10.774712177326155,False
220.59999999999175,28.126086337510475,28.126086337510475,1.8739136624895245,3.7489313654290655,7.029631436601386,10.778562802030452,False
221.09999999999172,28.12884293993161,28.12884293993161,1.8711570600683913,3.7434158298618527,7.038995489379577,10.78241131924143,False
221.5999999999917,28.131593735087847,28.131593735087847,1.868406264912153,3.7379119218376573,7.04834577077319,10.786257692610846,False
222.09999999999167,28.13433875530595,28.13433875530595,1.8656612446940493,3.73241957656564,7.05768230975376,10.7901018863194,False
222.59999999999164,28.13707803257184,28.13707803257184,1.8629219674281607,3.7269387299382757,7.067005135131873,10.793943865070148,False
223.0999999999916,28.13981159853467,28.13981159853467,1.8601884014653294,3.721469318523198,7.076314275558854,10.797783594082052,False
223.59999999999158,28.14253948451088,28.14253948451088,1.8574605154891195,3.716011279555083,7.085609759528455,10.801621039083539,False
224.09999999999155,28.14526172148816,28.14526172148816,1.8547382785118387,3.7105645509276926,7.094891615378502,10.805456166306195,False
224.59999999999152,28.147978340129395,28.147978340129395,1.852021659870605,3.7051290711859437,7.104159871292536,10.80928894247848,False
225.0999999999915,28.15068937077655,28.15068937077655,1.8493106292234494,3.6997047795181643,7.113414555301424,10.81311933481959,False
225.59999999999147,28.1533948434545,28.1533948434545,1.8466051565455004,3.6942916157483836,7.122655695284964,10.816947311033347,False
226.09999999999144,28.156094787874828,28.156094787874828,1.843905212125172,3.6888895203287078,7.1318833189734505,10.820772839302158,False
226.5999999999914,28.15878923343957,28.15878923343957,1.8412107665604296,3.6834984343318453,7.1410974539492456,10.824595888281092,False
227.09999999999138,28.161478209244923,28.161478209244923,1.8385217907550775,3.6781182994436605,7.1502981276483135,10.828416427091973,False
227.59999999999135,28.164161744084893,28.164161744084893,1.8358382559151067,3.6727490579558406,7.159485367361744,10.832234425317584,False
228.09999999999133,28.16683986645491,28.16683986645491,1.833160133545089,3.6673906527586695,7.1686592002372524,10.836049852995922,False
228.5999999999913,28.169512604555386,28.169512604555386,1.8304873954446137,3.662043027333887,7.177819653280673,10.839862680614559,False
229.09999999999127,28.172179986295244,28.172179986295244,1.8278200137047556,3.656706125747604,7.186966753357417,10.843672879105021,False
229.59999999999124,28.17484203929541,28.17484203929541,1.8251579607045905,3.6513798926433267,7.1961005271939325,10.84748041983726,False
230.0999999999912,28.177498790892233,28.177498790892233,1.8225012091077666,3.646064273235069,7.2052210013791305,10.851285274614199,False
230.59999999999118,28.180150268140896,28.180150268140896,1.8198497318591045,3.640759213300541,7.214328202365809,10.85508741566635,False
231.09999999999116,28.182796497818767,28.182796497818767,1.8172035021812327,3.635464659174417,7.223422156472041,10.858886815646457,False
231.59999999999113,28.18543750642871,28.18543750642871,1.814562493571291,3.6301805577416886,7.232502889882566,10.862683447624255,False
232.0999999999911,28.188073320202356,28.188073320202356,1.8119266797976437,3.6249068564311173,7.241570428650152,10.86647728508127,False
232.59999999999107,28.19070396510336,28.19070396510336,1.80929603489664,3.619643503208721,7.25062479869695,10.870268301905671,False
233.09999999999104,28.193329466830566,28.193329466830566,1.8066705331694344,3.6143904465713987,7.259666025815814,10.874056472387213,False
233.599999999991,28.195949850821176,28.195949850821176,1.8040501491788241,3.6091476355405874,7.26869413567164,10.877841771212228,False
234.09999999999098,28.198565142253877,28.198565142253877,1.8014348577461234,3.603915019656,7.2777091538026495,10.88162417345865,False
234.59999999999096,28.201175366051924,28.201175366051924,1.798824633948076,3.5986925489694457,7.286711105621682,10.885403654591126,False
235.09999999999093,28.20378054688614,28.20378054688614,1.79621945311386,3.5934801740387883,7.29570001641747,10.889180190456258,False
235.5999999999909,28.206380709177985,28.206380709177985,1.793619290822015,3.588277845921837,7.304675911355892,10.892953757277729,False
236.09999999999087,28.208975877102475,28.208975877102475,1.7910241228975252,3.5830855161704633,7.31363881548121,10.896724331651672,False
236.59999999999084,28.21156607459114,28.21156607459114,1.7884339254088601,3.5779031368246663,7.3225887537173024,10.900491890541968,False
237.0999999999908,28.214151325334914,28.214151325334914,1.7858486746650861,3.5727306604068048,7.331525750868869,10.904256411275675,False
237.59999999999079,28.216731652787004,28.216731652787004,1.7832683472129958,3.567568039915834,7.340449831622635,10.908017871538469,False
238.09999999999076,28.219307080165695,28.219307080165695,1.7806929198343049,3.5624152288216564,7.349361020548526,10.911776249370181,False
238.59999999999073,28.22187763045718,28.22187763045718,1.778122369542821,3.5572721810594956,7.3582593421008475,10.915531523160343,False
239.0999999999907,28.22444332641828,28.22444332641828,1.7755566735817183,3.5521388510244023,7.36714482061943,10.919283671643832,False
239.59999999999067,28.22700419057921,28.22700419057921,1.7729958094207916,3.547015193565734,7.376017480330773,10.923032673896508,False
240.09999999999064,28.22956024524622,28.22956024524622,1.770439754753781,3.5419011639818265,7.384877345349179,10.926778509331005,False
240.59999999999062,28.232111512504307,28.232111512504307,1.7678884874956928,3.536796718014614,7.393724439677858,10.930521157692471,False
241.0999999999906,28.234658014219807,28.234658014219807,1.7653419857801929,3.5317018118443784,7.402558787210033,10.934260599054412,False
241.59999999999056,28.23719977204301,28.23719977204301,1.7628002279569905,3.526616402084535,7.4113804117300335,10.937996813814568,False
242.09999999999053,28.239736807410715,28.239736807410715,1.760263192589285,3.5215404457764876,7.420189336914362,10.94172978269085,False
242.5999999999905,28.242269141548753,28.242269141548753,1.7577308584512465,3.5164739003845966,7.428985586332758,10.945459486717354,False
243.09999999999047,28.244796795474517,28.244796795474517,1.7552032045254826,3.5114167237910934,7.437769183449254,10.949185907240349,False
243.59999999999044,28.247319789999406,28.247319789999406,1.7526802100005945,3.5063688742911836,7.446540151623208,10.95290902591439,False
244.09999999999042,28.249838145731275,28.249838145731275,1.7501618542687254,3.5013303105881164,7.455298514110326,10.956628824698441,False
244.5999999999904,28.252351883076855,28.252351883076855,1.7476481169231448,3.4963009917883667,7.464044294063681,10.960345285852048,False
245.09999999999036,28.25486102224413,28.25486102224413,1.7451389777558717,3.4912808773968536,7.472777514534707,10.96405839193156,False
245.59999999999033,28.257365583244674,28.257365583244674,1.742634416755326,3.486269927312229,7.481498198474196,10.967768125786424,False
246.0999999999903,28.259865585896012,28.259865585896012,1.7401344141039878,3.481268101822195,7.49020636873327,10.971474470555465,False
246.59999999999027,28.26236104982389,28.26236104982389,1.737638950176109,3.4762753615989155,7.498902048064346,10.97517740966326,False
247.09999999999025,28.264851994464546,28.264851994464546,1.7351480055354536,3.471291667694473,7.507585259122093,10.978876926816566,False
247.59999999999022,28.26733843906695,28.26733843906695,1.7326615609330496,3.466316981536373,7.5162560244643775,10.98257300600075,False
248.0999999999902,28.26982040269504,28.26982040269504,1.7301795973049607,3.4613512649230813,7.524914366553186,10.986265631476268,False
248.59999999999016,28.27229790422988,28.27229790422988,1.7277020957701197,3.456394480019661,7.5335603077555575,10.989954787775218,False
249.09999999999013,28.274770962371832,28.274770962371832,1.7252290376281678,3.451446589353459,7.542193870344485,10.993640459697943,False
249.5999999999901,28.277239595642698,28.277239595642698,1.7227604043573024,3.446507555809781,7.550815076499816,10.997322632309597,False
250.09999999999008,28.27970382238782,28.27970382238782,1.7202961776121803,3.4415773426276886,7.55942394830915,11.001001290936838,False
250.59999999999005,28.28216366077816,28.28216366077816,1.71783633922184,3.436655913395853,7.5680205077687015,11.004676421164554,False
251.09999999999002,28.284619128812366,28.284619128812366,1.7153808711876337,3.431743232048362,7.576604776784178,11.00834800883254,False
251.59999999999,28.287070244318805,28.287070244318805,1.7129297556811949,3.426839262860703,7.585176777171636,11.01201604003234,False
252.09999999998996,28.289517024957558,28.289517024957558,1.7104829750424422,3.4219439704457173,7.593736530658328,11.015680501104045,False
252.59999999998993,28.291959488222407,28.291959488222407,1.7080405117775932,3.417057319749631,7.602284058883539,11.01934137863317,False
253.0999999999899,28.294397651442814,28.294397651442814,1.7056023485571856,3.412179276048107,7.610819383399415,11.022998659447522,False
253.59999999998988,28.296831531785838,28.296831531785838,1.7031684682141623,3.407309804942372,7.619342525671778,11.02665233061415,False
254.09999999998985,28.299261146258043,28.299261146258043,1.7007388537419565,3.402448872355407,7.6278535070809355,11.030302379436343,False
254.59999999998982,28.301686511707402,28.301686511707402,1.698313488292598,3.3975964445281264,7.636352348922489,11.033948793450616,False
255.0999999999898,28.304107644825148,28.304107644825148,1.695892355174852,3.3927524880156668,7.644839072408102,11.037591560423769,False
255.59999999998976,28.30652456214763,28.30652456214763,1.6934754378523706,3.3879169696836655,7.6533136986663015,11.041230668349968,False
256.09999999998973,28.30893728005813,28.30893728005813,1.6910627199418684,3.383089856704622,7.661776248743234,11.044866105447856,False
256.59999999998985,28.311345814788655,28.311345814788655,1.6886541852113446,3.378271116554302,7.670226743603438,11.04849786015774,False
257.09999999998996,28.313750182421725,28.313750182421725,1.6862498175782754,3.3734607170081503,7.678665204130587,11.052125921138737,False
257.5999999999901,28.316150398892113,28.316150398892113,1.6838496011078874,3.368658626137801,7.687091651128242,11.055750277266043,False
258.0999999999902,28.318546479988605,28.318546479988605,1.6814535200113951,3.363864812307561,7.695506105320577,11.059370917628138,False
258.5999999999903,28.32093844135569,28.32093844135569,1.6790615586443103,3.3590792441710065,7.703908587353119,11.062987831524126,False
259.0999999999904,28.32332629849525,28.32332629849525,1.6766737015047504,3.3543018906676068,7.712299117793452,11.06660100846106,False
259.59999999999053,28.32571006676825,28.32571006676825,1.6742899332317513,3.3495327210193224,7.720677717131939,11.07021043815126,False
260.09999999999064,28.328089761396374,28.328089761396374,1.6719102386036262,3.3447717047273287,7.729044405782411,11.073816110509739,False
260.59999999999076,28.330465397463676,28.330465397463676,1.6695346025363236,3.34001881156874,7.73739920408287,11.07741801565161,False
261.09999999999087,28.332836989918167,28.332836989918167,1.6671630100818327,3.335274011593363,7.745742132296169,11.081016143889531,False
261.599999999991,28.335204553573416,28.335204553573416,1.6647954464265844,3.330537275120541,7.754073210610693,11.084610485731234,False
262.0999999999911,28.337568103110126,28.337568103110126,1.6624318968898741,3.3258085727359656,7.762392459141026,11.088201031876991,False
262.5999999999912,28.3399276530777,28.3399276530777,1.6600723469222984,3.321087875288562,7.770699897928607,11.091787773217169,False
263.0999999999913,28.342283217895744,28.342283217895744,1.6577167821042558,3.316375153887442,7.77899554694239,11.095370700829832,False
263.59999999999144,28.344634811855613,28.344634811855613,1.655365188144387,3.3116703798988425,7.78727942607949,11.098949805978332,False
264.09999999999155,28.346982449121892,28.346982449121892,1.6530175508781078,3.3069735249431105,7.795551555165819,11.10252508010893,False
264.59999999999167,28.34932614373388,28.34932614373388,1.6506738562661205,3.3022845608917777,7.803811953956717,11.106096514848495,False
265.0999999999918,28.351665909607057,28.351665909607057,1.648334090392943,3.2976034598645896,7.812060642137571,11.10966410200216,False
265.5999999999919,28.35400176053453,28.35400176053453,1.6459982394654702,3.2929301942265994,7.820297639324447,11.113227833551047,False
266.099999999992,28.35633371018843,28.35633371018843,1.64366628981157,3.288264736585404,7.8285229650646775,11.116787701650082,False
266.5999999999921,28.35866177212137,28.35866177212137,1.6413382278786308,3.2836070597881744,7.836736638837476,11.12034369862565,False
267.09999999999224,28.360985959767802,28.360985959767802,1.6390140402321975,3.2789571369189616,7.844938680054534,11.123895816973496,False
267.59999999999235,28.363306286445393,28.363306286445393,1.6366937135546067,3.2743149412959554,7.853129108060601,11.127444049356557,False
268.09999999999246,28.365622765356395,28.365622765356395,1.6343772346436047,3.2696804464686835,7.861307942134073,11.130988388602756,False
268.5999999999926,28.367935409588988,28.367935409588988,1.6320645904110123,3.2650536262153835,7.869475201487558,11.13452882770294,False
269.0999999999927,28.370244232118605,28.370244232118605,1.6297557678813952,3.2604344545402952,7.877630905268453,11.13806535980875,False
269.5999999999928,28.372549245809235,28.372549245809235,1.6274507541907646,3.25582290567106,7.885775072559501,11.14159797823056,False
270.0999999999929,28.374850463414717,28.374850463414717,1.6251495365852833,3.2512189540561707,7.893907722379346,11.145126676435517,False
270.59999999999303,28.37714789758002,28.37714789758002,1.62285210241998,3.24662257436232,7.902028873683081,11.1486514480454,False
271.09999999999314,28.379441560842512,28.379441560842512,1.620558439157488,3.2420337414719427,7.910138545362787,11.15217228683473,False
271.59999999999326,28.381731465633198,28.381731465633198,1.618268534366802,3.2374524304806798,7.918236756248078,11.155689186728758,False
272.0999999999934,28.38401762427796,28.38401762427796,1.6159823757220408,3.2328786166949186,7.926323525106616,11.159202141801535,False
272.5999999999935,28.386300048998773,28.386300048998773,1.6136999510012267,3.228312275629335,7.934398870644647,11.162711146273981,False
273.0999999999936,28.388578751914892,28.388578751914892,1.611421248085108,3.223753383004521,7.942462811507509,11.16621619451203,False
273.5999999999937,28.390853745044065,28.390853745044065,1.6091462549559346,3.2192019147445663,7.950515366280152,11.169717281024719,False
274.0999999999938,28.39312504030369,28.39312504030369,1.6068749596963094,3.214657846974731,7.958556553487637,11.173214400462367,False
274.59999999999394,28.39539264951198,28.39539264951198,1.6046073504880205,3.2101211560190848,7.966586391595633,11.176707547614718,False
275.09999999999405,28.397656584389118,28.397656584389118,1.602343415610882,3.20559181839824,7.9746048990109175,11.180196717409157,False
275.59999999999417,28.399916856558356,28.399916856558356,1.600083143441644,3.2010698108271,7.982612094081864,11.183681904908964,False
276.0999999999943,28.40217347754717,28.40217347754717,1.5978265224528307,3.1965551102125787,7.990607995098915,11.187163105311495,False
276.5999999999944,28.404426458788347,28.404426458788347,1.5955735412116532,3.1920476936513964,7.998592620295073,11.190640313946469,False
277.0999999999945,28.40667581162107,28.40667581162107,1.5933241883789293,3.1875475384279213,8.006565987846358,11.194113526274279,False
277.5999999999946,28.408921547292014,28.408921547292014,1.5910784527079862,3.18305462201198,8.014528115872283,11.197582737884263,False
278.09999999999474,28.41116367695639,28.41116367695639,1.5888363230436084,3.1785689220567264,8.022479022436313,11.20104794449304,False
278.59999999999485,28.41340221167902,28.41340221167902,1.5865977883209794,3.174090416396531,8.03041872554631,11.204509141942841,False
279.09999999999496,28.415637162435345,28.415637162435345,1.5843628375646546,3.169619083044921,8.038347243154998,11.20796632619992,False
279.5999999999951,28.417868540112476,28.417868540112476,1.582131459887524,3.165154900192505,8.046264593160403,11.211419493352908,False
280.0999999999952,28.420096355510204,28.420096355510204,1.5799036444897965,3.1606978462049398,8.054170793406282,11.214868639611222,False
280.5999999999953,28.422320619341985,28.422320619341985,1.5776793806580152,3.1562478996209364,8.062065861682573,11.21831376130351,False
281.0999999999954,28.42454134223597,28.42454134223597,1.575458657764031,3.1518050391502257,8.069949815725815,11.22175485487604,False
281.59999999999553,28.426758534735928,28.426758534735928,1.573241465264072,3.147369243671669,8.077822673219577,11.225191916891246,False
282.09999999999565,28.428972207302248,28.428972207302248,1.5710277926977518,3.142940492231297,8.085684451794872,11.22862494402617,False
282.59999999999576,28.431182370312893,28.431182370312893,1.568817629687107,3.138518764040356,8.093535169030583,11.232053933070938,False
283.0999999999959,28.43338903406432,28.43338903406432,1.5666109659356806,3.134104038473488,8.101374842453861,11.23547888092735,False
283.599999999996,28.435592208772437,28.435592208772437,1.5644077912275627,3.1296962950668004,8.109203489540539,11.238899784607339,False
284.0999999999961,28.437791904573505,28.437791904573505,1.5622080954264952,3.1252955135160647,8.117021127715528,11.242316641231593,False
284.5999999999962,28.439988131525045,28.439988131525045,1.5600118684749553,3.1209016736748794,8.124827774353218,11.245729448028097,False
285.0999999999963,28.442180899606754,28.442180899606754,1.557819100393246,3.1165147555528705,8.132623446777867,11.249138202330737,False
285.59999999999644,28.444370218721378,28.444370218721378,1.555629781278622,3.1121347393138947,8.140408162263986,11.25254290157788,False
286.09999999999656,28.446556098695588,28.446556098695588,1.5534439013044121,3.1077616052743338,8.148181938036732,11.255943543311066,False
286.59999999999667,28.448738549280854,28.448738549280854,1.5512614507191458,3.1033953339012967,8.155944791272269,11.259340125173566,False
287.0999999999968,28.45091758015429,28.45091758015429,1.5490824198457105,3.0990359058109505,8.163696739098159,11.262732644909109,False
287.5999999999969,28.453093200919508,28.453093200919508,1.5469067990804923,3.094683301766807,8.171437798593725,11.266121100360532,False
288.099999999997,28.455265421107438,28.455265421107438,1.5447345788925624,3.090337502678061,8.179167986790418,11.269505489468479,False
288.5999999999971,28.457434250177172,28.457434250177172,1.5425657498228276,3.0859984895979267,8.186887320672177,11.272885810270104,False
289.09999999999724,28.45959969751677,28.45959969751677,1.5404003024832313,3.0816662437219975,8.19459581717579,11.276262060897787,False
289.59999999999735,28.461761772444053,28.461761772444053,1.5382382275559472,3.0773407463866747,8.20229349319124,11.279634239577915,False
290.09999999999746,28.46392048420742,28.46392048420742,1.5360795157925793,3.073021979067498,8.209980365562068,11.283002344629566,False
290.5999999999976,28.466075841986616,28.466075841986616,1.5339241580133844,3.0687099233776607,8.217656451085706,11.286366374463366,False
291.0999999999977,28.46822785489351,28.46822785489351,1.5317721451064905,3.0644045610663895,8.225321766513824,11.289726327580214,False
291.5999999999978,28.47037653197287,28.47037653197287,1.529623468027129,3.060105874017424,8.232976328552665,11.293082202570089,False
292.0999999999979,28.472521882203118,28.472521882203118,1.527478117796882,3.05581384424751,8.24062015386339,11.2964339981109,False
292.59999999999803,28.47466391449707,28.47466391449707,1.5253360855029285,3.0515284539048935,8.248253259062386,11.29978171296728,False
293.09999999999815,28.476802637702686,28.476802637702686,1.5231973622973136,3.047249685267822,8.255875660721614,11.303125345989436,False
293.59999999999826,28.478938060603777,28.478938060603777,1.5210619393962226,3.042977520743136,8.263487375368925,11.306464896112061,False
294.0999999999984,28.481070191920765,28.481070191920765,1.5189298080792355,3.0387119428647438,8.271088419488375,11.30980036235312,False
294.5999999999985,28.483199040311362,28.483199040311362,1.5168009596886378,3.034452934292254,8.278678809520546,11.3131317438128,False
295.0999999999986,28.485324614371297,28.485324614371297,1.5146753856287027,3.0302004778095295,8.286258561862848,11.316459039672377,False
295.5999999999987,28.487446922634987,28.487446922634987,1.5125530773650127,3.0259545563233203,8.293827692869847,11.319782249193167,False
296.09999999999883,28.489565973576248,28.489565973576248,1.5104340264237521,3.0217151528618658,8.301386218853546,11.323101371715412,False
296.59999999999894,28.49168177560895,28.49168177560895,1.5083182243910507,3.0174822505735506,8.308934156083712,11.326416406657263,False
297.09999999999906,28.493794337087714,28.493794337087714,1.5062056629122864,3.013255832725541,8.31647152078815,11.329727353513691,False
297.59999999999917,28.495903666308557,28.495903666308557,1.504096333691443,3.00903588270247,8.323998329153019,11.33303421185549,False
298.0999999999993,28.498009771509555,28.498009771509555,1.5019902284904454,3.0048223840051094,8.331514597323107,11.336336981328216,False
298.5999999999994,28.50011266087148,28.50011266087148,1.4998873391285201,3.0006153202490964,8.33902034140213,11.339635661651226,False
299.0999999999995,28.50221234251844,28.50221234251844,1.4977876574815596,2.996414675163649,8.34651557745301,11.342930252616659,False
299.5999999999996,28.504308824518528,28.504308824518528,1.495691175481472,2.9922204325902797,8.354000321498166,11.346220754088446,False
300.09999999999974,28.50640211488442,28.50640211488442,1.4935978851155802,2.9880325764815723,8.361474589519784,11.349507166001356,False
300.59999999999985,28.508492221574002,28.508492221574002,1.4915077784259978,2.9838510908999254,8.368938397460097,11.352789488360022,False
301.09999999999997,28.510579152490994,28.510579152490994,1.489420847509006,2.979675960016337,8.376391761221658,11.356067721237995,False
301.6000000000001,28.51266291548552,28.51266291548552,1.487337084514479,2.9755071681092176,8.383834696667607,11.359341864776825,False
302.1000000000002,28.514743518354724,28.514743518354724,1.4852564816452762,2.9713446995631756,8.391267219621945,11.36261191918512,False
302.6000000000003,28.516820968843355,28.516820968843355,1.483179031156645,2.967188538867859,8.398689345869784,11.365877884737642,False
303.1000000000004,28.51889527464434,28.51889527464434,1.4811047253556602,2.9630386706167613,8.406101091157623,11.369139761774385,False
303.60000000000053,28.52096644339936,28.52096644339936,1.4790335566006405,2.958895079506121,8.413502471193594,11.372397550699715,False
304.10000000000065,28.52303448269942,28.52303448269942,1.476965517300581,2.954757750333748,8.420893501647727,11.375651251981475,False
304.60000000000076,28.525099400085388,28.525099400085388,1.474900599914612,2.9506266679979447,8.428274198152195,11.37890086615014,False
305.1000000000009,28.527161203048582,28.527161203048582,1.472838796951418,2.9465018174963333,8.435644576301565,11.382146393797898,False
305.600000000001,28.529219899031286,28.529219899031286,1.4707801009687138,2.942383183924825,8.443004651653046,11.385387835577871,False
306.1000000000011,28.531275495427312,28.531275495427312,1.4687245045726876,2.938270752476491,8.450354439726734,11.388625192203225,False
306.6000000000012,28.533327999582504,28.533327999582504,1.4666720004174962,2.9341645084405386,8.457693956005853,11.391858464446392,False
307.10000000000133,28.535377418795285,28.535377418795285,1.464622581204715,2.9300644372012457,8.465023215936991,11.395087653138237,False
307.60000000000144,28.537423760317175,28.537423760317175,1.462576239682825,2.925970524236881,8.472342234930338,11.398312759167219,False
308.10000000000156,28.5394670313533,28.5394670313533,1.4605329686466995,2.9218827551187303,8.479651028359921,11.401533783478651,False
308.60000000000167,28.541507239062902,28.541507239062902,1.458492760937098,2.9178011155100236,8.486949611563832,11.404750727073855,False
309.1000000000018,28.54354439055985,28.54354439055985,1.4564556094401517,2.9137255911649618,8.494237999844454,11.407963591009416,False
309.6000000000019,28.5455784929131,28.5455784929131,1.4544215070868987,2.9096561679277357,8.5015162084687,11.411172376396436,False
310.100000000002,28.54760955314723,28.54760955314723,1.452390446852771,2.905592831731532,8.50878425266822,11.414377084399751,False
310.6000000000021,28.549637578242894,28.549637578242894,1.4503624217571058,2.901535568597538,8.516042147639627,11.417577716237165,False
311.10000000000224,28.551662575137314,28.551662575137314,1.448337424862686,2.8974843646340176,8.523289908544726,11.420774273178743,False
311.60000000000235,28.55368455072474,28.55368455072474,1.4463154492752608,2.89343920603536,8.530527550510715,11.423966756546076,False
312.10000000000247,28.555703511856926,28.555703511856926,1.444296488143074,2.8894000790811205,8.53775508863041,11.42715516771153,False
312.6000000000026,28.55771946534358,28.55771946534358,1.442280534656419,2.885366970135145,8.54497253796245,11.430339508097594,False
313.1000000000027,28.559732417952834,28.559732417952834,1.4402675820471664,2.8813398656446196,8.55217991353151,11.43351977917613,False
313.6000000000028,28.561742376411676,28.561742376411676,1.4382576235883242,2.8773187521391677,8.559377230328508,11.436695982467675,False
314.1000000000029,28.563749347406414,28.563749347406414,1.4362506525935856,2.8733036162299825,8.566564503310808,11.43986811954079,False
314.60000000000304,28.565753337583104,28.565753337583104,1.4342466624168964,2.8692944446089186,8.573741747402417,11.443036192011336,False
315.10000000000315,28.567754353547976,28.567754353547976,1.4322456464520243,2.8652912240476525,8.580908977494204,11.446200201541856,False
315.60000000000326,28.569752401867873,28.569752401867873,1.4302475981321265,2.8612939413968093,8.588066208444074,11.449360149840883,False
316.1000000000034,28.571747489070674,28.571747489070674,1.428252510929326,2.857302583585117,8.595213455077182,11.4525160386623,False
316.6000000000035,28.57373962164571,28.57373962164571,1.4262603783542893,2.8533171376185607,8.602350732186121,11.455667869804682,False
317.1000000000036,28.57572880604418,28.57572880604418,1.4242711939558212,2.8493375905795517,8.609478054531111,11.458815645110663,False
317.6000000000037,28.577715048679536,28.577715048679536,1.4222849513204636,2.845363929626153,8.616595436840194,11.461959366466347,False
318.10000000000383,28.579698355927935,28.579698355927935,1.4203016440720653,2.841396141991197,8.623702893809416,11.465099035800613,False
318.60000000000394,28.5816787341286,28.5816787341286,1.4183212658713984,2.8374342149815277,8.630800440103018,11.468234655084546,False
319.10000000000406,28.583656189584215,28.583656189584215,1.4163438104157855,2.8334781359772307,8.637888090353622,11.471366226330852,False
319.6000000000042,28.585630728561313,28.585630728561313,1.4143692714386873,2.829527892430832,8.644965859162404,11.474493751593236,False
320.1000000000043,28.587602357290685,28.587602357290685,1.4123976427093154,2.8255834718665156,8.652033761099283,11.477617232965798,False
320.6000000000044,28.589571081967744,28.589571081967744,1.410428918032256,2.8216448618793635,8.659091810703089,11.480736672582452,False
321.1000000000045,28.59153690875289,28.59153690875289,1.4084630912471106,2.817712050134638,8.66614002248175,11.483852072616388,False
321.6000000000046,28.593499843771898,28.593499843771898,1.4065001562281019,2.813785024366993,8.673178410912461,11.486963435279455,False
322.10000000000474,28.595459893116267,28.595459893116267,1.4045401068837329,2.809863772379771,8.680206990441857,11.490070762821627,False
322.60000000000485,28.597417062843604,28.597417062843604,1.4025829371563958,2.8059482820442696,8.68722577548618,11.49317405753045,False
323.10000000000497,28.59937135897795,28.59937135897795,1.400628641022049,2.8020385412990336,8.694234780431456,11.49627332173049,False
323.6000000000051,28.60132278751017,28.60132278751017,1.3986772124898295,2.798134538149114,8.701234019633658,11.499368557782772,False
324.1000000000052,28.603271354398274,28.603271354398274,1.3967286456017263,2.7942362606654143,8.708223507418861,11.502459768084275,False
324.6000000000053,28.60521706556777,28.60521706556777,1.3947829344322287,2.7903436969839603,8.715203258083424,11.505546955067384,False
325.1000000000054,28.60715992691202,28.60715992691202,1.3928400730879815,2.7864568353052377,8.72217328589414,11.508630121199378,False
325.60000000000554,28.60909994429254,28.60909994429254,1.3909000557074584,2.7825756638935175,8.729133605088403,11.511709268981921,False
326.10000000000565,28.611037123539383,28.611037123539383,1.3889628764606172,2.778700171076167,8.736084229874356,11.514784400950523,False
326.60000000000576,28.61297147045141,28.61297147045141,1.3870285295485907,2.774830345243039,8.743025174431057,11.517855519674097,False
327.1000000000059,28.614902990796665,28.614902990796665,1.385097009203335,2.7709661748457606,8.749956452908632,11.520922627754393,False
327.600000000006,28.61683169031267,28.61683169031267,1.3831683096873313,2.7671076483971504,8.75687807942843,11.52398572782558,False
328.1000000000061,28.618757574706738,28.618757574706738,1.3812424252932622,2.7632547544705304,8.763790068083166,11.527044822553696,False
328.6000000000062,28.62068064965631,28.62068064965631,1.379319350343689,2.759407481699128,8.770692432937086,11.530099914636214,False
329.10000000000633,28.622600920809248,28.622600920809248,1.3773990791907522,2.7555658187754375,8.777585188026107,11.533151006801544,False
329.60000000000645,28.62451839378413,28.62451839378413,1.375481606215871,2.7517297544506363,8.78446834735796,11.536198101808596,False
330.10000000000656,28.626433074170574,28.626433074170574,1.3735669258294259,2.7478992775339535,8.791341924912345,11.539241202446298,False
330.6000000000067,28.62834496752953,28.62834496752953,1.3716550324704713,2.7440743768920655,8.798205934641071,11.542280311533137,False
331.1000000000068,28.630254079393556,28.630254079393556,1.3697459206064444,2.740255041448549,8.8050603904682,11.545315431916748,False
331.6000000000069,28.632160415267148,28.632160415267148,1.3678395847328524,2.736441260183227,8.811905306290184,11.54834656647341,False
332.100000000007,28.63406398062698,28.63406398062698,1.3659360193730201,2.7326330221316795,8.818740695976015,11.551373718107694,False
332.6000000000071,28.635964780922237,28.635964780922237,1.3640352190777634,2.728830316384581,8.82556657336735,11.554396889751931,False
333.10000000000724,28.63786282157486,28.63786282157486,1.3621371784251401,2.725033132087198,8.832382952278659,11.557416084365856,False
333.60000000000736,28.639758107979834,28.639758107979834,1.3602418920201664,2.7212414584388185,8.839189846497352,11.56043130493617,False
334.10000000000747,28.641650645505475,28.641650645505475,1.3583493544945249,2.7174552846921927,8.845987269783919,11.563442554476111,False
334.6000000000076,28.64354043949368,28.64354043949368,1.3564595605063197,2.7136746001529914,8.852775235872064,11.566449836025056,False
335.1000000000077,28.645427495260215,28.645427495260215,1.3545725047397852,2.7098993941792884,8.859553758468834,11.569453152648123,False
335.6000000000078,28.64731181809496,28.64731181809496,1.352688181905041,2.706129656180998,8.866322851254745,11.572452507435743,False
336.1000000000079,28.64919341326219,28.64919341326219,1.3508065867378107,2.7023653756193724,8.87308252788392,11.575447903503292,False
336.60000000000804,28.651072286000826,28.651072286000826,1.3489277139991742,2.6986065420064733,8.879832801984204,11.578439343990677,False
337.10000000000815,28.652948441524686,28.652948441524686,1.3470515584753144,2.6948531449046627,8.886573687157307,11.58142683206197,False
337.60000000000827,28.65482188502273,28.65482188502273,1.3451781149772692,2.691105173926111,8.893305196978913,11.584410370905024,False
338.1000000000084,28.656692621659335,28.656692621659335,1.3433073783406648,2.68736261873228,8.900027344998811,11.587389963731091,False
338.6000000000085,28.658560656574515,28.658560656574515,1.3414393434254848,2.68362546903343,8.90674014474102,11.59036561377445,False
339.1000000000086,28.660425994884182,28.660425994884182,1.3395740051158178,2.6798937145881396,8.913443609703906,11.593337324292046,False
339.6000000000087,28.662288641680373,28.662288641680373,1.337711358319627,2.6761673452028205,8.920137753360303,11.596305098563123,False
340.10000000000883,28.6641486020315,28.6641486020315,1.3358513979685007,2.672446350731235,8.92682258915763,11.599268939888866,False
340.60000000000895,28.666005880982578,28.666005880982578,1.3339941190174223,2.668730721074027,8.933498130518018,11.602228851592045,False
341.10000000000906,28.667860483555465,28.667860483555465,1.3321395164445349,2.665020446178268,8.94016439083841,11.605184837016678,False
341.6000000000092,28.66971241474907,28.66971241474907,1.3302875852509288,2.6613155160369786,8.946821383490692,11.60813689952767,False
342.1000000000093,28.67156167953961,28.67156167953961,1.3284383204603891,2.6576159206887056,8.953469121821795,11.611085042510501,False
342.6000000000094,28.673408282880807,28.673408282880807,1.326591717119193,2.653921650217029,8.960107619153824,11.614029269370853,False
343.1000000000095,28.67525222970412,28.67525222970412,1.324747770295879,2.6502326947501587,8.96673688878415,11.616969583534308,False
343.60000000000963,28.677093524918973,28.677093524918973,1.3229064750810267,2.6465490444604782,8.973356943985536,11.619905988446014,False
344.10000000000974,28.678932173412964,28.678932173412964,1.3210678265870364,2.6428706895640843,8.97996779800624,11.622838487570323,False
344.60000000000986,28.68076818005206,28.68076818005206,1.319231819947941,2.639197620320431,8.986569464070122,11.625767084390553,False
345.10000000000997,28.682601549680836,28.682601549680836,1.317398450319164,2.6355298270318386,8.993161955376767,11.628691782408605,False
345.6000000000101,28.684432287122675,28.684432287122675,1.3155677128773249,2.6318673000431048,8.999745285101566,11.631612585144671,False
346.1000000000102,28.686260397179968,28.686260397179968,1.313739602820032,2.6282100297410835,9.006319466395842,11.634529496136926,False
346.6000000000103,28.688085884634322,28.688085884634322,1.3119141153656777,2.624558006554274,9.012884512386945,11.637442518941219,False
347.1000000000104,28.68990875424675,28.68990875424675,1.3100912457532488,2.6209112209524505,9.01944043617836,11.640351657130811,False
347.60000000001054,28.6917290107579,28.6917290107579,1.3082709892421,2.6172696634461943,9.025987250849811,11.643256914296005,False
348.10000000001065,28.693546658888202,28.693546658888202,1.3064533411117978,2.6136333245866012,9.03252496945735,11.646158294043952,False
348.60000000001077,28.695361703338115,28.695361703338115,1.304638296661885,2.6100021949647783,9.039053605033473,11.649055799998251,False
349.1000000000109,28.69717414878828,28.69717414878828,1.3028258512117183,2.6063762652115656,9.045573170587216,11.651949435798782,False
349.600000000011,28.69898399989974,28.69898399989974,1.3010160001002617,2.602755525997061,9.052083679104248,11.65483920510131,False
350.1000000000111,28.70079126131409,28.70079126131409,1.299208738685909,2.5991399680303218,9.058585143546967,11.657725111577289,False
350.6000000000112,28.702595937653708,28.702595937653708,1.297404062346292,2.595529582058937,9.06507757685461,11.660607158913548,False
351.10000000001133,28.704398033521898,28.704398033521898,1.2956019664781024,2.5919243588686953,9.071560991943336,11.663485350812032,False
351.60000000001145,28.706197553503085,28.706197553503085,1.2938024464969153,2.5883242892832286,9.078035401706325,11.666359690989553,False
352.10000000001156,28.707994502163004,28.707994502163004,1.2920054978369961,2.5847293641636213,9.084500819013872,11.669230183177493,False
352.6000000000117,28.709788884048855,28.709788884048855,1.290211115951145,2.581139574408077,9.090957256713484,11.67209683112156,False
353.1000000000118,28.711580703689503,28.711580703689503,1.2884192963104972,2.5775549109515694,9.097404727629963,11.674959638581532,False
353.6000000000119,28.71336996559563,28.71336996559563,1.2866300344043715,2.573975364765481,9.103843244565509,11.67781860933099,False
354.100000000012,28.715156674259912,28.715156674259912,1.2848433257400877,2.570400926857289,9.1102728202998,11.680673747157089,False
354.60000000001213,28.71694083415718,28.71694083415718,1.2830591658428183,2.566831588270219,9.116693467590093,11.683525055860311,False
355.10000000001224,28.718722449744618,28.718722449744618,1.281277550255382,2.5632673400828736,9.123105199171297,11.68637253925417,False
355.60000000001236,28.720501525461884,28.720501525461884,1.2794984745381157,2.55970817340895,9.129508027756076,11.689216201165026,False
356.10000000001247,28.722278065731295,28.722278065731295,1.2777219342687047,2.5561540793969044,9.135901966034933,11.692056045431837,False
356.6000000000126,28.724052074957978,28.724052074957978,1.275947925042022,2.5526050492296264,9.142287026676282,11.694892075905909,False
357.1000000000127,28.725823557530052,28.725823557530052,1.2741764424699475,2.5490610741241113,9.148663222326562,11.697724296450673,False
357.6000000000128,28.727592517818753,28.727592517818753,1.2724074821812472,2.545522145331148,9.155030565610293,11.700552710941441,False
358.1000000000129,28.729358960178615,28.729358960178615,1.2706410398213848,2.5419882541350205,9.161389069130175,11.703377323265196,False
358.60000000001304,28.731122888947603,28.731122888947603,1.2688771110523973,2.5384593918531877,9.167738745467172,11.70619813732036,False
359.10000000001315,28.73288430844727,28.73288430844727,1.2671156915527284,2.534935549836007,9.174079607180591,11.709015157016598,False
359.60000000001327,28.73464322298292,28.73464322298292,1.2653567770170788,2.5314167194663995,9.180411666808157,11.711828386274556,False
360.1000000000134,28.736399636843743,28.736399636843743,1.2636003631562573,2.5279028921595597,9.186734936866106,11.714637829025666,False
360.6000000000135,28.738153554302958,28.738153554302958,1.2618464456970422,2.5243940593626775,9.19304942984926,11.717443489211938,False
361.1000000000136,28.739904979617968,28.739904979617968,1.2600950203820318,2.5208902125546473,9.199355158231105,11.720245370785753,False
361.6000000000137,28.741653917030497,28.741653917030497,1.2583460829695028,2.5173913432457766,9.205652134463875,11.723043477709652,False
362.10000000001384,28.743400370766736,28.743400370766736,1.2565996292332642,2.5138974429774947,9.211940370978622,11.725837813956117,False
362.60000000001395,28.745144345037467,28.745144345037467,1.2548556549625332,2.5104085033220827,9.218219880185302,11.728628383507385,False
363.10000000001406,28.746885844038218,28.746885844038218,1.2531141559617822,2.5069245158824174,9.224490674472841,11.731415190355259,False
363.6000000000142,28.748624871949392,28.748624871949392,1.2513751280506078,2.5034454722916593,9.230752766209228,11.734198238500888,False
364.1000000000143,28.750361432936405,28.750361432936405,1.2496385670635952,2.4999713642130104,9.23700616774157,11.73697753195458,False
364.6000000000144,28.752095531149813,28.752095531149813,1.2479044688501872,2.496502183339423,9.243250891396178,11.739753074735601,False
365.1000000000145,28.75382717072545,28.75382717072545,1.246172829274549,2.493037921393366,9.24948694947865,11.742524870872016,False
365.60000000001463,28.755556355784552,28.755556355784552,1.2444436442154476,2.489578570126554,9.255714354273918,11.745292924400472,False
366.10000000001475,28.757283090433887,28.757283090433887,1.2427169095661128,2.4861241213196834,9.261933118046354,11.748057239366037,False
366.60000000001486,28.759007378765883,28.759007378765883,1.240992621234117,2.4826745667821726,9.26814325303981,11.750817819821982,False
367.100000000015,28.76072922485876,28.76072922485876,1.2392707751412395,2.4792298983519316,9.274344771477713,11.753574669829645,False
367.6000000000151,28.762448632776632,28.762448632776632,1.237551367223368,2.475790107895101,9.280537685563125,11.756327793458226,False
368.1000000000152,28.764165606569662,28.764165606569662,1.2358343934303377,2.4723551873057943,9.286722007478813,11.759077194784608,False
368.6000000000153,28.765880150274157,28.765880150274157,1.2341198497258432,2.46892512850588,9.292897749387327,11.761822877893207,False
369.1000000000154,28.76759226791269,28.76759226791269,1.2324077320873101,2.4654999234447317,9.299064923431056,11.764564846875787,False
369.60000000001554,28.769301963494236,28.769301963494236,1.230698036505764,2.4620795640989783,9.305223541732307,11.767303105831285,False
370.10000000001565,28.771009241014273,28.771009241014273,1.2289907589857272,2.458664042472293,9.311373616393368,11.770037658865661,False
370.60000000001577,28.7727141044549,28.7727141044549,1.2272858955451014,2.455253350595136,9.317515159496578,11.772768510091714,False
371.1000000000159,28.77441655778495,28.77441655778495,1.2255834422150507,2.451847480524556,9.323648183104392,11.775495663628949,False
371.600000000016,28.776116604960116,28.776116604960116,1.2238833950398842,2.4484464243439206,9.329772699259445,11.778219123603366,False
372.1000000000161,28.777814249923043,28.777814249923043,1.2221857500769566,2.445050174162752,9.335888719984622,11.780938894147374,False
372.6000000000162,28.77950949660346,28.77950949660346,1.2204905033965403,2.4416587221164363,9.341996257283116,11.783654979399552,False
373.10000000001634,28.78120234891826,28.78120234891826,1.21879765108174,2.4382720603660673,9.348095323138507,11.786367383504574,False
373.60000000001645,28.782892810771635,28.782892810771635,1.217107189228365,2.434890181098204,9.354185929514802,11.789076110613006,False
374.10000000001656,28.78458088605517,28.78458088605517,1.2154191139448294,2.431513076524645,9.360268088356525,11.79178116488117,False
374.6000000000167,28.78626657864795,28.78626657864795,1.2137334213520496,2.4281407388822487,9.366341811588761,11.79448255047101,False
375.1000000000168,28.78794989241666,28.78794989241666,1.212050107583341,2.424773160432686,9.372407111117226,11.797180271549912,False
375.6000000000169,28.789630831215696,28.789630831215696,1.210369168784304,2.4214103334622763,9.378463998828327,11.799874332290603,False
376.100000000017,28.791309398887265,28.791309398887265,1.2086906011127354,2.4180522502817396,9.384512486589221,11.802564736870961,False
376.60000000001713,28.792985599261478,28.792985599261478,1.2070144007385224,2.4146989032260393,9.390552586247884,11.805251489473923,False
377.10000000001725,28.794659436156465,28.794659436156465,1.205340563843535,2.4113502846541266,9.396584309633155,11.807934594287282,False
377.60000000001736,28.796330913378448,28.796330913378448,1.2036690866215523,2.40800638694882,9.40260766855482,11.81061405550364,False
378.1000000000175,28.798000034721856,28.798000034721856,1.2019999652781443,2.4046672025165563,9.408622674803647,11.813289877320203,False
378.6000000000176,28.799666803969423,28.799666803969423,1.2003331960305772,2.401332723787206,9.41462934015146,11.815962063938667,False
379.1000000000177,28.801331224892277,28.801331224892277,1.1986687751077234,2.398002943213889,9.42062767635119,11.818630619565079,False
379.6000000000178,28.80299330125003,28.80299330125003,1.19700669874997,2.394677853272775,9.426617695136937,11.821295548409712,False
380.1000000000179,28.80465303679087,28.80465303679087,1.1953469632091291,2.391357446462955,9.432599408224027,11.823956854686982,False
380.60000000001804,28.806310435251678,28.806310435251678,1.1936895647483219,2.3880417153061444,9.438572827309065,11.826614542615209,False
381.10000000001816,28.807965500358076,28.807965500358076,1.1920344996419239,2.3847306523466116,9.444537964069996,11.829268616416607,False
381.60000000001827,28.80961823582454,28.80961823582454,1.1903817641754593,2.381424250150964,9.450494830166159,11.831919080317123,False
382.1000000000184,28.811268645354502,28.811268645354502,1.1887313546454976,2.378122501307928,9.456443437238342,11.83456593854627,False
382.6000000000185,28.812916732640407,28.812916732640407,1.1870832673595935,2.374825398428243,9.462383796908838,11.837209195337081,False
383.1000000000186,28.814562501363824,28.814562501363824,1.1854374986361762,2.371532934144426,9.468315920781498,11.839848854925924,False
383.6000000000187,28.816205955195517,28.816205955195517,1.1837940448044826,2.368245101110638,9.474239820441792,11.84248492155243,False
384.10000000001884,28.817847097795536,28.817847097795536,1.1821529022044643,2.364961892002519,9.480155507456853,11.845117399459372,False
384.60000000001895,28.8194859328133,28.8194859328133,1.1805140671866994,2.361683299516976,9.486062993375535,11.847746292892511,False
385.10000000001907,28.821122463887676,28.821122463887676,1.1788775361123243,2.3584093163720823,9.49196228972847,11.850371606100552,False
385.6000000000192,28.82275669464707,28.82275669464707,1.1772433053529312,2.355139935306852,9.497853408028112,11.852993343334964,False
386.1000000000193,28.824388628709492,28.824388628709492,1.1756113712905076,2.3518751490811027,9.503736359768794,11.855611508849897,False
386.6000000000194,28.826018269682656,28.826018269682656,1.1739817303173439,2.348614950475323,9.509611156426784,11.858226106902107,False
387.1000000000195,28.827645621164034,28.827645621164034,1.1723543788359656,2.345359332290471,9.51547780946033,11.860837141750801,False
387.60000000001963,28.829270686740966,28.829270686740966,1.1707293132590344,2.342108287347834,9.52133633030971,11.863444617657544,False
388.10000000001975,28.830893469990695,28.830893469990695,1.169106530009305,2.3388618084888932,9.52718673039729,11.866048538886183,False
388.60000000001986,28.832513974480484,28.832513974480484,1.1674860255195156,2.3356198885751454,9.533029021127563,11.868648909702708,False
389.10000000002,28.834132203767677,28.834132203767677,1.1658677962323232,2.332382520487947,9.538863213887215,11.871245734375162,False
389.6000000000201,28.835748161399756,28.835748161399756,1.1642518386002436,2.3291496971284005,9.54468932004516,11.87383901717356,False
390.1000000000202,28.837361850914448,28.837361850914448,1.1626381490855522,2.3259214114171627,9.550507350952591,11.876428762369754,False
390.6000000000203,28.83897327583976,28.83897327583976,1.1610267241602408,2.322697656294345,9.556317317943037,11.879014974237382,False
391.10000000002043,28.84058243969408,28.84058243969408,1.1594175603059185,2.3194784247193283,9.562119232332403,11.881597657051731,False
391.60000000002054,28.84218934598624,28.84218934598624,1.1578106540137583,2.3162637096706433,9.567913105419022,11.884176815089665,False
392.10000000002066,28.843793998215585,28.843793998215585,1.1562060017844153,2.3130535041458202,9.573698948483706,11.886752452629526,False
392.60000000002077,28.845396399872037,28.845396399872037,1.1546036001279631,2.309847801161247,9.579476772789784,11.889324573951031,False
393.1000000000209,28.846996554436174,28.846996554436174,1.1530034455638258,2.306646593752049,9.585246589583152,11.8918931833352,False
393.600000000021,28.848594465379296,28.848594465379296,1.1514055346207037,2.3034498749719177,9.591008410092329,11.894458285064246,False
394.1000000000211,28.85019013616348,28.85019013616348,1.14980986383652,2.3002576378930257,9.596762245528494,11.89701988342152,False
394.6000000000212,28.85178357024167,28.85178357024167,1.1482164297583317,2.2970698756058496,9.602508107085525,11.899577982691374,False
395.10000000002134,28.85337477105771,28.85337477105771,1.1466252289422911,2.2938865812190556,9.608246005940067,11.902132587159123,False
395.60000000002145,28.854963742046444,28.854963742046444,1.1450362579535565,2.290707747859379,9.613975953251556,11.904683701110935,False
396.10000000002157,28.85655048663376,28.85655048663376,1.1434495133662388,2.287533368671461,9.619697960162272,11.907231328833733,False
396.6000000000217,28.85813500823666,28.85813500823666,1.1418649917633417,2.2843634368177703,9.625412037797386,11.909775474615156,False
397.1000000000218,28.859717310263303,28.859717310263303,1.140282689736697,2.2811979454784463,9.631118197265,11.912316142743446,False
397.6000000000219,28.861297396113113,28.861297396113113,1.1387026038868875,2.278036887851165,9.636816449656191,11.914853337507356,False
398.100000000022,28.8628752691768,28.8628752691768,1.1371247308231993,2.2748802571510183,9.64250680604506,11.917387063196077,False
398.60000000002213,28.864450932836426,28.864450932836426,1.1355490671635735,2.2717280466104484,9.648189277488768,11.919917324099217,False
399.10000000002225,28.866024390465476,28.866024390465476,1.1339756095345237,2.268580249479058,9.65386387502759,11.922444124506647,False
399.60000000002236,28.867595645428914,28.867595645428914,1.1324043545710865,2.2654368590235165,9.659530609684941,11.924967468708457,False
400.1000000000225,28.869164701083246,28.869164701083246,1.1308352989167538,2.2622978685274404,9.665189492467434,11.927487360994874,False
400.6000000000226,28.87073156077657,28.87073156077657,1.1292684392234307,2.2591632712912855,9.670840534364917,11.930003805656202,False
401.1000000000227,28.872296227848633,28.872296227848633,1.1277037721513672,2.2560330606322125,9.676483746350508,11.93251680698272,False
401.6000000000228,28.873858705630894,28.873858705630894,1.1261412943691056,2.2529072298840163,9.682119139380651,11.935026369264667,False
402.10000000002293,28.87541899744658,28.87541899744658,1.1245810025534198,2.2497857723969403,9.687746724395142,11.937532496792082,False
402.60000000002304,28.876977106610745,28.876977106610745,1.1230228933892548,2.2466686815376278,9.693366512317183,11.940035193854811,False
403.10000000002316,28.878533036430312,28.878533036430312,1.121466963569688,2.243555950688986,9.698978514053413,11.9425344647424,False
403.6000000000233,28.880086790204125,28.880086790204125,1.1199132097958753,2.2404475732501083,9.704582740493954,11.945030313744063,False
404.1000000000234,28.88163837122303,28.88163837122303,1.1183616287769702,2.237343542636104,9.71017920251245,11.947522745148554,False
404.6000000000235,28.8831877827699,28.8831877827699,1.1168122172300983,2.2342438522780412,9.715767910966107,11.950011763244149,False
405.1000000000236,28.88473502811971,28.88473502811971,1.1152649718802898,2.23114849562284,9.721348876695732,11.952497372318572,False
405.6000000000237,28.886280110539566,28.886280110539566,1.1137198894604339,2.22805746613313,9.726922110525775,11.954979576658905,False
406.10000000002384,28.887823033288768,28.887823033288768,1.1121769667112318,2.2249707572872097,9.732487623264362,11.957458380551572,False
406.60000000002395,28.889363799618867,28.889363799618867,1.1106362003811334,2.2218883625788806,9.738045425703339,11.95993378828222,False
407.10000000002407,28.890902412773695,28.890902412773695,1.1090975872263051,2.2188102755173915,9.743595528618313,11.962405804135704,False
407.6000000000242,28.892438875989452,28.892438875989452,1.107561124010548,2.215736489627311,9.749137942768682,11.964874432395993,False
408.1000000000243,28.893973192494713,28.893973192494713,1.1060268075052875,2.2126669984484337,9.754672678897684,11.967339677346118,False
408.6000000000244,28.895505365510495,28.895505365510495,1.1044946344895052,2.2096017955357183,9.760199747732427,11.969801543268145,False
409.1000000000245,28.897035398250317,28.897035398250317,1.102964601749683,2.2065408744591366,9.765719159983925,11.972260034443062,False
409.60000000002464,28.89856329392023,28.89856329392023,1.1014367060797703,2.203484228803603,9.771230926347148,11.97471515515075,False
410.10000000002475,28.900089055718873,28.900089055718873,1.0999109442811275,2.200431852168883,9.776735057501039,11.977166909669922,False
410.60000000002486,28.90161268683751,28.90161268683751,1.0983873131624904,2.1973837381695063,9.782231564108573,11.979615302278079,False
411.100000000025,28.903134190460086,28.903134190460086,1.0968658095399135,2.1943398804346543,9.787720456816777,11.982060337251431,False
411.6000000000251,28.904653569763276,28.904653569763276,1.0953464302367237,2.191300272608096,9.793201746256777,11.984502018864873,False
412.1000000000252,28.906170827916508,28.906170827916508,1.0938291720834918,2.188264908348067,9.798675443043827,11.986940351391894,False
412.6000000000253,28.907685968082042,28.907685968082042,1.092314031917958,2.1852337813271916,9.804141557777347,11.989375339104539,False
413.10000000002543,28.909198993414975,28.909198993414975,1.0908010065850249,2.182206885232425,9.809600101040967,11.991806986273392,False
413.60000000002555,28.910709907063325,28.910709907063325,1.0892900929366753,2.1791842137648914,9.81505108340255,11.99423529716744,False
414.10000000002566,28.912218712168038,28.912218712168038,1.0877812878319624,2.17616576063989,9.820494515414234,11.996660276054124,False
414.6000000000258,28.91372541186306,28.91372541186306,1.0862745881369413,2.1731515195867317,9.825930407612466,11.999081927199198,False
415.1000000000259,28.915230009275355,28.915230009275355,1.084769990724645,2.1701414843486972,9.831358770518037,12.001500254866734,False
415.600000000026,28.91673250752496,28.91673250752496,1.0832674924750414,2.167135648682951,9.836779614636118,12.003915263319069,False
416.1000000000261,28.918232909725024,28.918232909725024,1.081767090274976,2.164134006360456,9.842192950456296,12.006326956816752,False
416.6000000000262,28.91973121898185,28.91973121898185,1.0802687810181517,2.1611365511658605,9.847598788452599,12.00873533961846,False
417.10000000002634,28.921227438394933,28.921227438394933,1.0787725616050672,2.1581432768974693,9.852997139083545,12.011140415981014,False
417.60000000002645,28.922721571057004,28.922721571057004,1.0772784289429964,2.155154177367109,9.858388012792163,12.013542190159272,False
418.10000000002657,28.924213620054065,28.924213620054065,1.075786379945935,2.152169246400099,9.863771420006035,12.015940666406134,False
418.6000000000267,28.925703588465424,28.925703588465424,1.0742964115345757,2.1491884778351533,9.869147371137323,12.018335848972477,False
419.1000000000268,28.927191479363753,28.927191479363753,1.0728085206362472,2.146211865524272,9.874515876582807,12.020727742107079,False
419.6000000000269,28.928677295815092,28.928677295815092,1.071322704184908,2.1432394033327355,9.879876946723918,12.023116350056654,False
420.100000000027,28.930161040878932,28.930161040878932,1.0698389591210677,2.1402710851389415,9.88523059192677,12.025501677065712,False
420.60000000002714,28.931642717608213,28.931642717608213,1.068357282391787,2.1373069048344036,9.890576822542194,12.027883727376597,False
421.10000000002725,28.933122329049375,28.933122329049375,1.0668776709506247,2.1343468563236385,9.895915648905763,12.030262505229402,False
421.60000000002736,28.934599878242402,28.934599878242402,1.0654001217575981,2.1313909335241092,9.901247081337837,12.032638014861947,False
422.1000000000275,28.936075368220855,28.936075368220855,1.0639246317791446,2.1284391303661323,9.906571130143588,12.03501026050972,False
422.6000000000276,28.937548802011904,28.937548802011904,1.0624511979880964,2.125491440792807,9.911887805613032,12.03737924640584,False
423.1000000000277,28.93902018263635,28.93902018263635,1.0609798173636484,2.1225478587599937,9.917197118021061,12.039744976781055,False
423.6000000000278,28.9404895131087,28.9404895131087,1.0595104868912983,2.1196083782361725,9.922499077627476,12.042107455863649,False
424.10000000002793,28.941956796437164,28.941956796437164,1.0580432035628355,2.1166729932023998,9.92779369467702,12.044466687879419,False
424.60000000002805,28.9434220356237,28.9434220356237,1.0565779643762987,2.113741697652273,9.933080979399401,12.046822677051674,False
425.10000000002816,28.944885233664056,28.944885233664056,1.0551147663359437,2.110814485591817,9.938360942009343,12.04917542760116,False
425.6000000000283,28.94634639354779,28.94634639354779,1.0536536064522117,2.1078913510394415,9.94363359270659,12.051524943746031,False
426.1000000000284,28.947805518258317,28.947805518258317,1.052194481741683,2.104972288025863,9.948898941675957,12.05387122970182,False
426.6000000000285,28.94926261077294,28.94926261077294,1.0507373892270593,2.1020572905940327,9.95415699908735,12.056214289681384,False
427.1000000000286,28.95071767406288,28.95071767406288,1.0492823259371207,2.099146352799096,9.959407775095809,12.058554127894904,False
427.60000000002873,28.9521707110933,28.9521707110933,1.0478292889067014,2.0962394687082977,9.964651279841522,12.06089074854982,False
428.10000000002884,28.95362172482334,28.95362172482334,1.0463782751766608,2.0933366324009555,9.969887523449868,12.063224155850824,False
428.60000000002896,28.955070718206173,28.955070718206173,1.0449292817938272,2.090437837968338,9.975116516031436,12.065554353999774,False
429.10000000002907,28.956517694188996,28.956517694188996,1.043482305811004,2.0875430795136722,9.980338267682068,12.06788134719574,False
429.6000000000292,28.957962655713096,28.957962655713096,1.0420373442869035,2.084652351152016,9.985552788482877,12.070205139634893,False
430.1000000000293,28.959405605713858,28.959405605713858,1.040594394286142,2.0817656470102577,9.99076008850029,12.072525735510547,False
430.6000000000294,28.960846547120813,28.960846547120813,1.0391534528791873,2.078882961226988,9.995960177786053,12.07484313901304,False
431.1000000000295,28.962285482857645,28.962285482857645,1.037714517142355,2.0760042879525074,10.001153066377292,12.077157354329799,False
431.60000000002964,28.963722415842252,28.963722415842252,1.036277584157748,2.0731296213487127,10.006338764296515,12.079468385645228,False
432.10000000002975,28.965157348986743,28.965157348986743,1.034842651013257,2.0702589555890683,10.01151728155166,12.081776237140728,False
432.60000000002987,28.966590285197487,28.966590285197487,1.033409714802513,2.067392284858549,10.016688628136112,12.084080912994661,False
433.10000000003,28.968021227375132,28.968021227375132,1.0319787726248677,2.064529603353577,10.021852814028737,12.086382417382314,False
433.6000000000301,28.96945017841465,28.96945017841465,1.0305498215853497,2.061670905281943,10.027009849193904,12.088680754475847,False
434.1000000000302,28.970877141205346,28.970877141205346,1.0291228587946541,2.0588161848627706,10.032159743581527,12.090975928444298,False
434.6000000000303,28.972302118630896,28.972302118630896,1.0276978813691038,2.05596543632646,10.037302507127078,12.093267943453538,False
435.10000000003043,28.973725113569373,28.973725113569373,1.0262748864306275,2.0531186539146375,10.042438149751629,12.095556803666266,False
435.60000000003055,28.97514612889327,28.97514612889327,1.0248538711067283,2.0502758318800716,10.047566681361861,12.097842513241932,False
436.10000000003066,28.97656516746954,28.97656516746954,1.0234348325304587,2.047436964486657,10.052688111850115,12.100125076336772,False
436.6000000000308,28.977982232159604,28.977982232159604,1.0220177678403957,2.044602046009352,10.057802451094405,12.102404497103757,False
437.1000000000309,28.979397325819395,28.979397325819395,1.020602674180605,2.041771070734086,10.062909708958445,12.104680779692531,False
437.600000000031,28.98081045129937,28.98081045129937,1.0191895487006306,2.038944032957758,10.068009895291686,12.106953928249444,False
438.1000000000311,28.98222161144455,28.98222161144455,1.017778388555449,2.0361209269881613,10.073103019929334,12.109223946917496,False
438.60000000003123,28.983630809094535,28.983630809094535,1.0163691909054648,2.0333017471439305,10.078189092692382,12.111490839836312,False
439.10000000003134,28.985038047083535,28.985038047083535,1.0149619529164653,2.0304864877544944,10.083268123387633,12.113754611142127,False
439.60000000003146,28.986443328240384,28.986443328240384,1.0135566717596163,2.027675143160039,10.088340121807734,12.116015264967773,False
440.10000000003157,28.987846655388587,28.987846655388587,1.0121533446114128,2.0248677077114223,10.093405097731198,12.11827280544262,False
440.6000000000317,28.98924803134633,28.98924803134633,1.0107519686536683,2.0220641757701543,10.098463060922425,12.12052723669258,False
441.1000000000318,28.990647458926514,28.990647458926514,1.0093525410734863,2.019264541708317,10.103514021131744,12.122778562840061,False
441.6000000000319,28.992044940936747,28.992044940936747,1.007955059063253,2.016468799908587,10.108557988095425,12.125026788004012,False
442.100000000032,28.993440480179423,28.993440480179423,1.006559519820577,2.013676944764093,10.113594971535708,12.1272719162998,False
442.60000000003214,28.994834079451692,28.994834079451692,1.0051659205483077,2.0108889706784367,10.118624981160835,12.129513951839272,False
443.10000000003225,28.996225741545526,28.996225741545526,1.0037742584544738,2.0081048720656085,10.123648026665077,12.131752898730685,False
443.60000000003237,28.997615469247716,28.997615469247716,1.002384530752284,2.005324643349965,10.128664117728745,12.13398876107871,False
444.1000000000325,28.999003265339898,28.999003265339898,1.0009967346601023,2.0025482789661666,10.133673264018233,12.1362215429844,False
444.6000000000326,29.000389132598592,29.000389132598592,0.9996108674014081,1.99977577335914,10.138675475186037,12.138451248545177,False
445.1000000000327,29.001773073795206,29.001773073795206,0.9982269262047936,1.9970071209840157,10.14367076087078,12.140677881854796,False
445.6000000000328,29.00315509169607,29.00315509169607,0.996844908303931,1.9942423163061136,10.148659130697238,12.142901447003352,False
446.10000000003294,29.004535189062455,29.004535189062455,0.9954648109375448,1.9914813538008715,10.153640594276363,12.145121948077234,False
446.60000000003305,29.00591336865059,29.00591336865059,0.9940866313494112,1.988724227953817,10.158615161205313,12.14733938915913,False
447.10000000003316,29.007289633211688,29.007289633211688,0.9927103667883124,1.9859709332605178,10.163582841067477,12.149553774327995,False
447.6000000000333,29.008663985491975,29.008663985491975,0.9913360145080254,1.9832214642265384,10.168543643432495,12.151765107659033,False
448.1000000000334,29.01003642823269,29.01003642823269,0.9899635717673085,1.9804758153673987,10.173497577856285,12.153973393223684,False
448.6000000000335,29.011406964170146,29.011406964170146,0.9885930358298545,1.977733981208516,10.178444653881071,12.156178635089587,False
449.1000000000336,29.012775596035695,29.012775596035695,0.987224403964305,1.9749959562852055,10.183384881035405,12.15838083732061,False
449.60000000003373,29.0141423265558,29.0141423265558,0.985857673444201,1.972261735142581,10.188318268834193,12.160580003976774,False
450.10000000003384,29.01550715845202,29.01550715845202,0.9844928415479792,1.9695313123355689,10.193244826778717,12.162776139114285,False
450.60000000003396,29.016870094441064,29.016870094441064,0.9831299055589362,1.9668046824288155,10.198164564356658,12.164969246785473,False
451.1000000000341,29.018231137234775,29.018231137234775,0.9817688627652252,1.9640818399966946,10.203077491042128,12.167159331038823,False
451.6000000000342,29.019590289540176,29.019590289540176,0.9804097104598242,1.9613627796232294,10.20798361629569,12.16934639591892,False
452.1000000000343,29.02094755405948,29.02094755405948,0.9790524459405212,1.9586474959020777,10.212882949564376,12.171530445466454,False
452.6000000000344,29.02230293349011,29.02230293349011,0.9776970665098901,1.9559359834364756,10.217775500281721,12.173711483718197,False
453.1000000000345,29.02365643052471,29.02365643052471,0.97634356947529,1.9532282368392302,10.22266127786778,12.175889514707011,False
453.60000000003464,29.025008047851184,29.025008047851184,0.974991952148816,1.9505242507326415,10.227540291729158,12.178064542461799,False
454.10000000003475,29.026357788152705,29.026357788152705,0.9736422118472952,1.9478240197484737,10.232412551259026,12.1802365710075,False
454.60000000003487,29.027705654107734,29.027705654107734,0.9722943458922657,1.9451275385279203,10.23727806583715,12.182405604365071,False
455.100000000035,29.02905164839003,29.02905164839003,0.9709483516099695,1.942434801721589,10.242136844829913,12.184571646551502,False
455.6000000000351,29.030395773668673,29.030395773668673,0.9696042263313274,1.939745803989446,10.246988897590336,12.186734701579782,False
456.1000000000352,29.031738032608104,29.031738032608104,0.9682619673918964,1.9370605400007648,10.25183423345811,12.188894773458875,False
456.6000000000353,29.03307842786811,29.03307842786811,0.9669215721318913,1.9343790044341063,10.256672861759608,12.191051866193714,False
457.10000000003544,29.034416962103858,29.034416962103858,0.9655830378961419,1.9317011919772895,10.261504791807916,12.193205983785205,False
457.60000000003555,29.03575363796593,29.03575363796593,0.9642463620340713,1.929027097327328,10.26633003290285,12.195357130230178,False
458.10000000003566,29.037088458100293,29.037088458100293,0.9629115418997074,1.9263567151904368,10.27114859433099,12.197505309521427,False
458.6000000000358,29.038421425148364,29.038421425148364,0.9615785748516359,1.9236900402819614,10.275960485365683,12.199650525647645,False
459.1000000000359,29.039752541747006,29.039752541747006,0.9602474582529936,1.9210270673263707,10.280765715267094,12.201792782593465,False
459.600000000036,29.04108181052855,29.04108181052855,0.9589181894714507,1.918367791057186,10.285564293282198,12.203932084339383,False
460.1000000000361,29.04240923412081,29.04240923412081,0.9575907658791891,1.9157122062169663,10.290356228644821,12.206068434861788,False
460.60000000003623,29.04373481514711,29.04373481514711,0.9562651848528887,1.9130603075572807,10.29514153057566,12.208201838132942,False
461.10000000003635,29.045058556226277,29.045058556226277,0.9549414437737234,1.9104120898386796,10.29992020828231,12.21033229812099,False
461.60000000003646,29.04638045997267,29.04638045997267,0.9536195400273293,1.9077675478306517,10.30469227095928,12.212459818789931,False
462.1000000000366,29.04770052899621,29.04770052899621,0.9522994710037906,1.9051266763115962,10.309457727788,12.214584404099597,False
462.6000000000367,29.049018765902378,29.049018765902378,0.9509812340976218,1.9024894700687582,10.314216587936881,12.21670605800564,False
463.1000000000368,29.050335173292247,29.050335173292247,0.9496648267077532,1.8998559238982509,10.318968860561302,12.218824784459553,False
463.6000000000369,29.051649753762472,29.051649753762472,0.9483502462375277,1.8972260326049906,10.32371455480365,12.220940587408641,False
464.100000000037,29.052962509905345,29.052962509905345,0.9470374900946545,1.8945997910026477,10.32845367979334,12.223053470795987,False
464.60000000003714,29.054273444308773,29.054273444308773,0.9457265556912269,1.891977193913661,10.333186244646829,12.22516343856049,False
465.10000000003726,29.055582559556303,29.055582559556303,0.9444174404436971,1.889358236169194,10.337912258467645,12.227270494636839,False
465.60000000003737,29.056889858227166,29.056889858227166,0.9431101417728343,1.8867429126090585,10.342631730346406,12.229374642955465,False
466.1000000000375,29.058195342896255,29.058195342896255,0.9418046571037451,1.884131218081741,10.347344669360846,12.231475887442587,False
466.6000000000376,29.05949901613415,29.05949901613415,0.9405009838658493,1.881523147444355,10.35205108457583,12.233574232020185,False
467.1000000000377,29.060800880507152,29.060800880507152,0.939199119492848,1.8789186955625894,10.35675098504338,12.23566968060597,False
467.6000000000378,29.062100938577267,29.062100938577267,0.9378990614227334,1.8763178573107169,10.361444379802695,12.237762237113412,False
468.10000000003794,29.06339919290226,29.06339919290226,0.9366008070977401,1.8737206275715153,10.366131277880172,12.239851905451687,False
468.60000000003805,29.064695646035627,29.064695646035627,0.9353043539643728,1.8711270012362817,10.370811688289427,12.241938689525709,False
469.10000000003816,29.065990300526643,29.065990300526643,0.9340096994733571,1.8685369732047903,10.37548562003132,12.24402259323611,False
469.6000000000383,29.067283158920358,29.067283158920358,0.9327168410796425,1.865950538385242,10.380153082093969,12.24610362047921,False
470.1000000000384,29.06857422375762,29.06857422375762,0.9314257762423814,1.8633676916942719,10.384814083452776,12.248181775147048,False
470.6000000000385,29.069863497575064,29.069863497575064,0.9301365024249364,1.860788428056921,10.38946863307045,12.250257061127371,False
471.1000000000386,29.071150982905184,29.071150982905184,0.9288490170948158,1.8582127424065433,10.39411673989703,12.252329482303573,False
471.60000000003873,29.07243668227629,29.07243668227629,0.9275633177237097,1.8556406296848564,10.398758412869883,12.25439904255474,False
472.10000000003885,29.07372059821255,29.07372059821255,0.9262794017874505,1.8530720848418696,10.40339366091376,12.25646574575563,False
472.60000000003896,29.075002733233983,29.075002733233983,0.9249972667660167,1.8505071028358842,10.408022492940793,12.258529595776677,False
473.1000000000391,29.076283089856496,29.076283089856496,0.9237169101435043,1.8479456786334367,10.41264491785052,12.260590596483956,False
473.6000000000392,29.07756167059189,29.07756167059189,0.9224383294081093,1.845387807209292,10.417260944529911,12.262648751739203,False
474.1000000000393,29.07883847794787,29.07883847794787,0.921161522052131,1.842833483546407,10.421870581853389,12.264704065399796,False
474.6000000000394,29.080113514428046,29.080113514428046,0.9198864855719542,1.8402827026359247,10.426473838682842,12.266756541318767,False
475.10000000003953,29.08138678253197,29.08138678253197,0.9186132174680317,1.8377354594771163,10.43107072386764,12.268806183344756,False
475.60000000003964,29.082658284755134,29.082658284755134,0.9173417152448664,1.8351917490773744,10.435661246244681,12.270852995322056,False
476.10000000003976,29.083928023588996,29.083928023588996,0.9160719764110041,1.8326515664521708,10.44024541463838,12.27289698109055,False
476.60000000003987,29.085196001520966,29.085196001520966,0.9148039984790337,1.8301149066250773,10.444823237860708,12.274938144485786,False
477.10000000004,29.08646222103445,29.08646222103445,0.9135377789655514,1.8275817646276735,10.449394724711203,12.276976489338876,False
477.6000000000401,29.08772668460884,29.08772668460884,0.9122733153911611,1.8250521354995755,10.453959883977003,12.279012019476578,False
478.1000000000402,29.088989394719547,29.088989394719547,0.9110106052804525,1.8225260142883712,10.458518724432846,12.281044738721217,False
478.6000000000403,29.09025035383799,29.09025035383799,0.9097496461620089,1.8200033960496214,10.463071254841108,12.283074650890729,False
479.10000000004044,29.09150956443163,29.09150956443163,0.9084904355683712,1.8174842758468372,10.467617483951813,12.28510175979865,False
479.60000000004055,29.092767028963962,29.092767028963962,0.9072329710360378,1.8149686487514316,10.472157420502656,12.287126069254088,False
480.10000000004067,29.09402274989454,29.09402274989454,0.9059772501054617,1.8124565098427254,10.476691073219024,12.28914758306175,False
480.6000000000408,29.095276729678986,29.095276729678986,0.9047232703210142,1.8099478542079055,10.481218450814017,12.291166305021923,False
481.1000000000409,29.096528970769008,29.096528970769008,0.9034710292309924,1.8074426769419887,10.485739561988453,12.293182238930441,False
481.600000000041,29.097779475612402,29.097779475612402,0.902220524387598,1.804940973147822,10.490254415430911,12.295195388578733,False
482.1000000000411,29.099028246653067,29.099028246653067,0.9009717533469335,1.8024427379360475,10.494763019817734,12.297205757753781,False
482.60000000004123,29.10027528633102,29.10027528633102,0.8997247136689808,1.799947966425087,10.499265383813054,12.29921335023814,False
483.10000000004135,29.10152059708239,29.10152059708239,0.8984794029176086,1.797456653741122,10.503761516068815,12.301218169809937,False
483.60000000004146,29.102764181339467,29.102764181339467,0.8972358186605334,1.7949687950180504,10.508251425224776,12.303220220242826,False
484.1000000000416,29.104006041530674,29.104006041530674,0.895993958469326,1.792484385397465,10.512735119908555,12.30521950530602,False
484.6000000000417,29.1052461800806,29.1052461800806,0.8947538199194014,1.7900034200286683,10.51721260873563,12.307216028764298,False
485.1000000000418,29.106484599410006,29.106484599410006,0.8935154005899939,1.787525894068601,10.52168390030936,12.309209794377962,False
485.6000000000419,29.107721301935833,29.107721301935833,0.8922786980641675,1.7850518026818634,10.52614900322102,12.311200805902883,False
486.10000000004203,29.10895629007122,29.10895629007122,0.8910437099287805,1.7825811410406516,10.530607926049795,12.313189067090446,False
486.60000000004214,29.110189566225507,29.110189566225507,0.8898104337744925,1.7801139043247645,10.535060677362818,12.315174581687582,False
487.10000000004226,29.111421132804246,29.111421132804246,0.8885788671957542,1.7776500877215966,10.539507265715182,12.317157353436778,False
487.60000000004237,29.11265099220923,29.11265099220923,0.8873490077907711,1.775189686426053,10.543947699649962,12.319137386076015,False
488.1000000000425,29.113879146838467,29.113879146838467,0.8861208531615326,1.7727326956405989,10.548381987698226,12.321114683338825,False
488.6000000000426,29.11510559908623,29.11510559908623,0.8848944009137689,1.7702791105752098,10.552810138379062,12.323089248954272,False
489.1000000000427,29.116330351343045,29.116330351343045,0.8836696486569551,1.7678289264473221,10.557232160199598,12.32506108664692,False
489.6000000000428,29.117553405995707,29.117553405995707,0.8824465940042927,1.7653821384818684,10.561648061655015,12.327030200136884,False
490.10000000004294,29.11877476542729,29.11877476542729,0.8812252345727103,1.7629387419112064,10.566057851228562,12.328996593139768,False
490.60000000004305,29.119994432017148,29.119994432017148,0.8800055679828525,1.7604987319751402,10.570461537391584,12.330960269366724,False
491.10000000004317,29.121212408140945,29.121212408140945,0.8787875918590551,1.7580621039208708,10.574859128603538,12.33292123252441,False
491.6000000000433,29.12242869617065,29.12242869617065,0.8775713038293489,1.7556288530029889,10.57925063331201,12.334879486315,False
492.1000000000434,29.123643298474555,29.123643298474555,0.8763567015254452,1.753198974483432,10.583636059952733,12.336835034436165,False
492.6000000000435,29.124856217417264,29.124856217417264,0.875143782582736,1.7507724636315203,10.588015416949604,12.338787880581124,False
493.1000000000436,29.126067455359745,29.126067455359745,0.8739325446402546,1.7483493157238712,10.592388712714707,12.340738028438578,False
493.60000000004374,29.127277014659295,29.127277014659295,0.8727229853407046,1.7459295260444208,10.596755955648323,12.342685481692744,False
494.10000000004385,29.128484897669587,29.128484897669587,0.8715151023304131,1.7435130898843667,10.601117154138965,12.344630244023332,False
494.60000000004396,29.129691106740644,29.129691106740644,0.8703088932593559,1.7411000025422183,10.605472316563366,12.346572319105585,False
495.1000000000441,29.13089564421888,29.13089564421888,0.8691043557811184,1.7386902593236968,10.609821451286537,12.348511710610234,False
495.6000000000442,29.132098512447097,29.132098512447097,0.8679014875529028,1.7362838555417568,10.614164566661756,12.350448422203513,False
496.1000000000443,29.13329971376449,29.13329971376449,0.8667002862355098,1.7338807865165649,10.61850167103059,12.352382457547154,False
496.6000000000444,29.13449925050665,29.13449925050665,0.86550074949335,1.7314810475755067,10.622832772722921,12.354313820298428,False
497.10000000004453,29.135697125005596,29.135697125005596,0.8643028749944044,1.729084634053109,10.627157880056957,12.356242514110066,False
497.60000000004464,29.136893339589772,29.136893339589772,0.863106660410228,1.7266915412910535,10.631477001339261,12.358168542630315,False
498.10000000004476,29.138087896584043,29.138087896584043,0.8619121034159569,1.7243017646381844,10.635790144864753,12.360091909502938,False
498.6000000000449,29.13928079830973,29.13928079830973,0.8607192016902694,1.7219152994504512,10.640097318916737,12.362012618367189,False
499.100000000045,29.140472047084607,29.140472047084607,0.8595279529153927,1.7195321410908733,10.644398531766923,12.363930672857796,False
499.6000000000451,29.141661645222904,29.141661645222904,0.8583383547770964,1.7171522849295897,10.64869379167543,12.36584607660502,False
500.1000000000452,29.14284959503532,29.14284959503532,0.8571504049646812,1.714775726343781,10.652983106890822,12.367758833234603,False
500.6000000000453,29.14403589882903,29.14403589882903,0.8559641011709687,1.7124024607176835,10.657266485650114,12.369668946367797,False
501.10000000004544,29.14522055890771,29.14522055890771,0.8547794410922904,1.7100324834425606,10.661543936178786,12.371576419621347,False
501.60000000004555,29.146403577571515,29.146403577571515,0.8535964224284847,1.707665789916696,10.665815466690814,12.37348125660751,False
502.10000000004567,29.14758495711712,29.14758495711712,0.8524150428828783,1.7053023755453367,10.670081085388674,12.37538346093401,False
502.6000000000458,29.148764699837713,29.148764699837713,0.851235300162287,1.7029422357407213,10.674340800463376,12.377283036204098,False
503.1000000000459,29.14994280802299,29.14994280802299,0.8500571919770117,1.7005853659220591,10.67859462009446,12.379179986016519,False
503.600000000046,29.15111928395919,29.15111928395919,0.8488807160408101,1.698231761515494,10.68284255245003,12.381074313965524,False
504.1000000000461,29.152294129929093,29.152294129929093,0.8477058700709073,1.6958814179540838,10.687084605686763,12.382966023640847,False
504.60000000004624,29.15346734821202,29.15346734821202,0.8465326517879816,1.6935343306777995,10.691320787949936,12.384855118627735,False
505.10000000004635,29.154638941083842,29.154638941083842,0.8453610589161578,1.691190495133526,10.695551107373422,12.386741602506948,False
505.60000000004646,29.15580891081701,29.15580891081701,0.8441910891829885,1.6888499067749834,10.699775572079737,12.38862547885472,False
506.1000000000466,29.15697725968055,29.15697725968055,0.8430227403194515,1.68651256106277,10.703994190180032,12.390506751242802,False
506.6000000000467,29.158143989940047,29.158143989940047,0.8418560100599528,1.6841784534643267,10.708206969774121,12.392385423238448,False
507.1000000000468,29.159309103857698,29.159309103857698,0.8406908961423021,1.6818475794539083,10.7124139189505,12.394261498404408,False
507.6000000000469,29.16047260369228,29.16047260369228,0.8395273963077194,1.679519934512598,10.716615045786362,12.39613498029896,False
508.10000000004703,29.161634491699182,29.161634491699182,0.8383655083008179,1.6771955141282575,10.720810358347608,12.398005872475865,False
508.60000000004715,29.16279477013041,29.16279477013041,0.8372052298695891,1.6748743137955273,10.724999864688868,12.399874178484396,False
509.10000000004726,29.163953441234586,29.163953441234586,0.836046558765414,1.672556329015812,10.729183572853527,12.40173990186934,False
509.6000000000474,29.165110507256966,29.165110507256966,0.8348894927430344,1.6702415552972525,10.733361490873724,12.403603046170977,False
510.1000000000475,29.166265970439433,29.166265970439433,0.8337340295605671,1.6679299881547323,10.737533626770388,12.40546361492512,False
510.6000000000476,29.16741983302052,29.16741983302052,0.8325801669794792,1.6656216231098497,10.741699988553236,12.407321611663086,False
511.1000000000477,29.16857209723542,29.16857209723542,0.831427902764581,1.6633164556908824,10.745860584220807,12.40917703991169,False
511.6000000000478,29.169722765315974,29.169722765315974,0.8302772346840257,1.6610144814328152,10.75001542176046,12.411029903193276,False
512.1000000000479,29.170871839490697,29.170871839490697,0.8291281605093026,1.6587156958772766,10.754164509148413,12.41288020502569,False
512.600000000048,29.172019321984777,29.172019321984777,0.8279806780152228,1.6564200945725673,10.758307854349747,12.414727948922314,False
513.1000000000481,29.173165215020095,29.173165215020095,0.8268347849799049,1.65412767307361,10.762445465318413,12.416573138392023,False
513.6000000000482,29.174309520815196,29.174309520815196,0.8256904791848036,1.6518384269419712,10.76657734999727,12.418415776939241,False
514.1000000000483,29.175452241585347,29.175452241585347,0.8245477584146528,1.6495523517458182,10.770703516318086,12.420255868063904,False
514.6000000000485,29.176593379542513,29.176593379542513,0.8234066204574866,1.6472694430598906,10.774823972201562,12.422093415261452,False
515.1000000000486,29.177732936895367,29.177732936895367,0.8222670631046327,1.6449896964655295,10.77893872555734,12.42392842202287,False
515.6000000000487,29.17887091584931,29.17887091584931,0.8211290841506909,1.6427131075506267,10.783047784284035,12.425760891834662,False
516.1000000000488,29.18000731860646,29.18000731860646,0.8199926813935399,1.6404396719096397,10.787151156269234,12.427590828178873,False
516.6000000000489,29.181142147365676,29.181142147365676,0.8188578526343235,1.6381693851435344,10.791248849389522,12.429418234533056,False
517.100000000049,29.182275404322564,29.182275404322564,0.8177245956774364,1.6359022428598138,10.795340871510499,12.431243114370313,False
517.6000000000491,29.18340709166946,29.18340709166946,0.8165929083305414,1.6336382406724894,10.799427230486785,12.433065471159274,False
518.1000000000492,29.184537211595476,29.184537211595476,0.815462788404524,1.631377374202053,10.803507934162056,12.434885308364109,False
518.6000000000494,29.185665766286476,29.185665766286476,0.8143342337135238,1.6291196390754692,10.807582990369038,12.436702629444508,False
519.1000000000495,29.186792757925097,29.186792757925097,0.8132072420749026,1.62686503092619,10.811652406929543,12.438517437855733,False
519.6000000000496,29.187918188690748,29.187918188690748,0.8120818113092518,1.624613545394098,10.815716191654472,12.44032973704857,False
520.1000000000497,29.189042060759622,29.189042060759622,0.8109579392403781,1.62236517812552,10.819774352343838,12.442139530469358,False
520.6000000000498,29.190164376304708,29.190164376304708,0.8098356236952924,1.6201199247732063,10.823826896786777,12.443946821559983,False
521.1000000000499,29.191285137495797,29.191285137495797,0.8087148625042033,1.617877780996288,10.827873832761563,12.445751613757851,False
521.60000000005,29.192404346499465,29.192404346499465,0.8075956535005346,1.6156387424603267,10.831915168035634,12.44755391049596,False
522.1000000000502,29.193522005479117,29.193522005479117,0.8064779945208826,1.613402804837257,10.835950910365598,12.449353715202855,False
522.6000000000503,29.194638116594973,29.194638116594973,0.8053618834050269,1.6111699638053523,10.839981067497254,12.451151031302606,False
523.1000000000504,29.195752682004066,29.195752682004066,0.8042473179959337,1.6089402150492873,10.844005647165611,12.452945862214898,False
523.6000000000505,29.196865703860272,29.196865703860272,0.8031342961397279,1.6067135542600397,10.84802465709489,12.454738211354929,False
524.1000000000506,29.197977184314308,29.197977184314308,0.8020228156856923,1.6044899771349037,10.852038104998549,12.456528082133453,False
524.6000000000507,29.199087125513717,29.199087125513717,0.8009128744862828,1.60226947937754,10.856045998579305,12.458315477956845,False
525.1000000000508,29.200195529602905,29.200195529602905,0.7998044703970955,1.6000520566978835,10.86004834552914,12.460100402227024,False
525.600000000051,29.201302398723136,29.201302398723136,0.7986976012768636,1.597837704812136,10.864045153529325,12.461882858341461,False
526.1000000000511,29.20240773501254,29.20240773501254,0.7975922649874612,1.5956264194428016,10.868036430250426,12.463662849693227,False
526.6000000000512,29.203511540606108,29.203511540606108,0.7964884593938919,1.5934181963186234,10.872022183352321,12.465440379670945,False
527.1000000000513,29.204613817635714,29.204613817635714,0.795386182364286,1.5912130311746324,10.876002420484234,12.467215451658866,False
527.6000000000514,29.205714568230114,29.205714568230114,0.794285431769886,1.5890109197520488,10.879977149284718,12.468988069036767,False
528.1000000000515,29.206813794514954,29.206813794514954,0.7931862054850463,1.5868118577983523,10.8839463773817,12.470758235180051,False
528.6000000000516,29.207911498612777,29.207911498612777,0.792088501387223,1.5846158410672047,10.887910112392476,12.47252595345968,False
529.1000000000518,29.209007682643026,29.209007682643026,0.7909923173569737,1.5824228653184917,10.891868361923747,12.474291227242238,False
529.6000000000519,29.210102348722053,29.210102348722053,0.789897651277947,1.5802329263182742,10.895821133571614,12.476054059889888,False
530.100000000052,29.211195498963118,29.211195498963118,0.788804501036882,1.5780460198387871,10.89976843492161,12.477814454760397,False
530.6000000000521,29.21228713547642,29.21228713547642,0.7877128645235807,1.575862141658412,10.903710273548697,12.479572415207109,False
531.1000000000522,29.213377260369064,29.213377260369064,0.7866227396309355,1.5736812875616977,10.907646657017304,12.481327944579002,False
531.6000000000523,29.214465875745095,29.214465875745095,0.7855341242549052,1.5715034533393464,10.91157759288132,12.483081046220667,False
532.1000000000524,29.2155529837055,29.2155529837055,0.7844470162945001,1.5693286347881497,10.915503088684128,12.484831723472277,False
532.6000000000525,29.216638586348218,29.216638586348218,0.7833614136517824,1.5671568277110168,10.91942315195861,12.486579979669626,False
533.1000000000527,29.217722685768116,29.217722685768116,0.7822773142318837,1.564988027916982,10.923337790227157,12.488325818144139,False
533.6000000000528,29.21880528405704,29.21880528405704,0.7811947159429593,1.5628222312211477,10.927247011001702,12.49006924222285,False
534.1000000000529,29.219886383303795,29.219886383303795,0.7801136166962053,1.560659433444684,10.931150821783726,12.49181025522841,False
534.600000000053,29.220965985594148,29.220965985594148,0.7790340144058518,1.5584996304148504,10.935049230064262,12.493548860479113,False
535.1000000000531,29.222044093010847,29.222044093010847,0.7779559069891526,1.5563428179649392,10.938942243323925,12.495285061288865,False
535.6000000000532,29.223120707633623,29.223120707633623,0.7768792923663774,1.5541889919342893,10.942829869032924,12.497018860967213,False
536.1000000000533,29.224195831539184,29.224195831539184,0.7758041684608159,1.5520381481682648,10.946712114651076,12.49875026281934,False
536.6000000000535,29.22526946680124,29.22526946680124,0.7747305331987597,1.5498902825182554,10.950588987627814,12.50047927014607,False
537.1000000000536,29.226341615490483,29.226341615490483,0.7736583845095168,1.5477453908416692,10.954460495402214,12.502205886243884,False
537.6000000000537,29.227412279674635,29.227412279674635,0.7725877203253653,1.5456034690018754,10.958326645403003,12.503930114404879,False
538.1000000000538,29.22848146141841,29.22848146141841,0.7715185385815886,1.5434645128682405,10.962187445048581,12.505651957916822,False
538.6000000000539,29.22954916278354,29.22954916278354,0.7704508372164582,1.5413285183161136,10.966042901747018,12.507371420063132,False
539.100000000054,29.230615385828777,29.230615385828777,0.7693846141712228,1.5391954812267983,10.969893022896095,12.509088504122893,False
539.6000000000541,29.231680132609906,29.231680132609906,0.768319867390094,1.5370653974875381,10.973737815883291,12.51080321337083,False
540.1000000000543,29.232743405179736,29.232743405179736,0.7672565948202639,1.534938262991524,10.977577288085829,12.512515551077353,False
540.6000000000544,29.233805205588123,29.233805205588123,0.7661947944118772,1.5328140736378657,10.98141144687066,12.514225520508525,False
541.1000000000545,29.23486553588196,29.23486553588196,0.7651344641180415,1.5306928253315917,10.985240299594496,12.515933124926088,False
541.6000000000546,29.23592439810519,29.23592439810519,0.7640756018948096,1.528574513983635,10.989063853603817,12.517638367587452,False
542.1000000000547,29.23698179429882,29.23698179429882,0.7630182057011794,1.5264591355108124,10.992882116234899,12.519341251745711,False
542.6000000000548,29.238037726500902,29.238037726500902,0.7619622734990976,1.5243466858358374,10.996695094813813,12.52104178064965,False
543.1000000000549,29.23909219674657,29.23909219674657,0.7609078032534313,1.5222371608872791,11.000502796656443,12.522739957543722,False
543.600000000055,29.24014520706801,29.24014520706801,0.7598547929319892,1.5201305565995753,11.004305229068503,12.524435785668079,False
544.1000000000552,29.2411967594945,29.2411967594945,0.7588032405055003,1.5180268689130187,11.008102399345558,12.526129268258577,False
544.6000000000553,29.24224685605239,29.24224685605239,0.7577531439476104,1.5159260937737358,11.011894314773029,12.527820408546765,False
545.1000000000554,29.24329549876512,29.24329549876512,0.7567045012348785,1.5138282271336791,11.01568098262621,12.529509209759889,False
545.6000000000555,29.244342689653237,29.244342689653237,0.7556573103467628,1.5117332649506068,11.01946241017028,12.531195675120888,False
546.1000000000556,29.245388430734366,29.245388430734366,0.7546115692656343,1.509641203188103,11.023238604660333,12.532879807848436,False
546.6000000000557,29.246432724023244,29.246432724023244,0.7535672759767564,1.5075520378155218,11.02700957334137,12.534561611156892,False
547.1000000000558,29.247475571531716,29.247475571531716,0.7525244284682842,1.5054657648080365,11.03077532344833,12.536241088256366,False
547.600000000056,29.248516975268743,29.248516975268743,0.7514830247312574,1.5033823801465616,11.03453586220609,12.537918242352651,False
548.1000000000561,29.249556937240392,29.249556937240392,0.7504430627596079,1.5013018798178095,11.038291196829494,12.539593076647304,False
548.6000000000562,29.250595459449872,29.250595459449872,0.7494045405501275,1.4992242598142127,11.04204133452337,12.541265594337583,False
549.1000000000563,29.25163254389752,29.25163254389752,0.7483674561024785,1.497149516133959,11.04578628248252,12.54293579861648,False
549.6000000000564,29.2526681925808,29.2526681925808,0.7473318074192008,1.4950776447809773,11.049526047891762,12.54460369267274,False
550.1000000000565,29.253702407494313,29.253702407494313,0.7462975925056874,1.4930086417649093,11.053260637925924,12.546269279690833,False
550.6000000000566,29.25473519062981,29.25473519062981,0.745264809370191,1.4909425031011168,11.056990059749866,12.547932562850983,False
551.1000000000568,29.255766543976193,29.255766543976193,0.7442334560238066,1.4888792248106526,11.060714320518507,12.54959354532916,False
551.6000000000569,29.256796469519518,29.256796469519518,0.743203530480482,1.4868188029202756,11.064433427376814,12.55125223029709,False
552.100000000057,29.257824969243003,29.257824969243003,0.7421750307569965,1.4847612334624074,11.06814738745984,12.552908620922247,False
552.6000000000571,29.258852045127032,29.258852045127032,0.741147954872968,1.4827065124751613,11.071856207892719,12.55456272036788,False
553.1000000000572,29.25987769914915,29.25987769914915,0.7401223008508495,1.4806546360022992,11.075559895790688,12.556214531792987,False
553.6000000000573,29.26090193328409,29.26090193328409,0.7390980667159113,1.478605600093232,11.079258458259112,12.557864058352344,False
554.1000000000574,29.261924749503756,29.261924749503756,0.7380752504962445,1.4765594008030263,11.082951902393482,12.559511303196508,False
554.6000000000575,29.262946149777243,29.262946149777243,0.7370538502227575,1.4745160341923622,11.08664023527943,12.561156269471793,False
555.1000000000577,29.263966136070835,29.263966136070835,0.7360338639291655,1.4724754963275615,11.090323463992759,12.56279896032032,False
555.6000000000578,29.26498471034801,29.26498471034801,0.7350152896519901,1.4704377832805307,11.094001595599439,12.56443937887997,False
556.1000000000579,29.26600187456944,29.26600187456944,0.7339981254305599,1.468402891128811,11.097674637155624,12.566077528284435,False
556.600000000058,29.267017630693015,29.267017630693015,0.7329823693069848,1.4663708159555142,11.101342595707683,12.567713411663197,False
557.1000000000581,29.268031980673825,29.268031980673825,0.7319680193261746,1.46434155384933,11.10500547829219,12.56934703214152,False
557.6000000000582,29.269044926464183,29.269044926464183,0.7309550735358172,1.46231510090454,11.108663291935953,12.570978392840493,False
558.1000000000583,29.270056470013603,29.270056470013603,0.7299435299863966,1.4602914532209823,11.112316043656026,12.572607496877009,False
558.6000000000585,29.271066613268843,29.271066613268843,0.7289333867311569,1.458270606904044,11.115963740459717,12.574234347363761,False
559.1000000000586,29.27207535817389,29.27207535817389,0.7279246418261103,1.4562525580646408,11.11960638934461,12.575858947409252,False
559.6000000000587,29.273082706669946,29.273082706669946,0.7269172933300538,1.4542373028192657,11.123243997298575,12.57748130011784,False
560.1000000000588,29.274088660695472,29.274088660695472,0.7259113393045276,1.452224837289883,11.126876571299775,12.579101408589658,False
560.6000000000589,29.27509322218616,29.27509322218616,0.7249067778138389,1.4502151576040205,11.13050411831669,12.58071927592071,False
561.100000000059,29.27609639307496,29.27609639307496,0.7239036069250417,1.4482082598946775,11.134126645308127,12.582334905202805,False
561.6000000000591,29.277098175292057,29.277098175292057,0.7229018247079431,1.4462041403003667,11.137744159223235,12.583948299523602,False
562.1000000000593,29.278098570764914,29.278098570764914,0.7219014292350856,1.4442027949650864,11.141356667001517,12.585559461966604,False
562.6000000000594,29.279097581418245,29.279097581418245,0.7209024185817547,1.442204220038306,11.144964175572843,12.58716839561115,False
563.1000000000595,29.28009520917403,29.28009520917403,0.7199047908259715,1.4402084116749734,11.148566691857464,12.588775103532438,False
563.6000000000596,29.281091455951525,29.281091455951525,0.7189085440484746,1.438215366035486,11.15216422276603,12.590379588801516,False
564.1000000000597,29.282086323667258,29.282086323667258,0.7179136763327421,1.4362250792856983,11.1557567751996,12.591981854485299,False
564.6000000000598,29.283079814235045,29.283079814235045,0.7169201857649554,1.4342375475969007,11.159344356049651,12.593581903646552,False
565.1000000000599,29.284071929565982,29.284071929565982,0.7159280704340176,1.4322527671457976,11.1629269721981,12.595179739343898,False
565.60000000006,29.285062671568447,29.285062671568447,0.714937328431553,1.4302707341145577,11.166504630517311,12.596775364631869,False
566.1000000000602,29.28605204214813,29.28605204214813,0.7139479578518717,1.4282914446907355,11.170077337870124,12.59836878256086,False
566.6000000000603,29.287040043208,29.287040043208,0.7129599567920017,1.4263148950672857,11.173645101109836,12.599959996177121,False
567.1000000000604,29.28802667664835,29.28802667664835,0.7119733233516499,1.424341081442563,11.177207927080246,12.60154900852281,False
567.6000000000605,29.28901194436676,29.28901194436676,0.7109880556332406,1.4223700000203223,11.180765822615658,12.60313582263598,False
568.1000000000606,29.289995848258137,29.289995848258137,0.7100041517418632,1.4204016470096832,11.18431879454089,12.604720441550572,False
568.6000000000607,29.290978390214693,29.290978390214693,0.7090216097853066,1.4184360186251368,11.18786684967129,12.606302868296426,False
569.1000000000608,29.291959572125982,29.291959572125982,0.7080404278740176,1.4164731110865247,11.19140999481275,12.607883105899274,False
569.600000000061,29.29293939587886,29.29293939587886,0.7070606041211391,1.414512920619046,11.194948236761727,12.609461157380773,False
570.1000000000611,29.29391786335752,29.29391786335752,0.706082136642479,1.4125554434532503,11.198481582305241,12.611037025758492,False
570.6000000000612,29.294894976443505,29.294894976443505,0.7051050235564951,1.4106006758250018,11.2020100382209,12.612610714045902,False
571.1000000000613,29.295870737015676,29.295870737015676,0.7041292629843241,1.408648613975501,11.205533611276904,12.614182225252405,False
571.6000000000614,29.296845146950247,29.296845146950247,0.7031548530497531,1.4066992541512562,11.209052308232074,12.61575156238333,False
572.1000000000615,29.297818208120777,29.297818208120777,0.702181791879223,1.4047525926040976,11.21256613583585,12.617318728439948,False
572.6000000000616,29.298789922398186,29.298789922398186,0.7012100776018144,1.4028086255911205,11.216075100828307,12.618883726419428,False
573.1000000000618,29.299760291650735,29.299760291650735,0.7002397083492653,1.4008673493747494,11.219579209940175,12.620446559314924,False
573.6000000000619,29.300729317744057,29.300729317744057,0.6992706822559427,1.3989287602226597,11.223078469892846,12.622007230115505,False
574.100000000062,29.301697002541154,29.301697002541154,0.6983029974588462,1.3969928544078059,11.226572887398383,12.623565741806189,False
574.6000000000621,29.302663347902378,29.302663347902378,0.6973366520976221,1.395059628208415,11.230062469159554,12.625122097367969,False
575.1000000000622,29.30362835568547,29.30362835568547,0.6963716443145316,1.3931290779079646,11.233547221869816,12.626676299777781,False
575.6000000000623,29.304592027745542,29.304592027745542,0.6954079722544577,1.3912011997951765,11.237027152213352,12.628228352008529,False
576.1000000000624,29.3055543659351,29.3055543659351,0.6944456340648983,1.389275990164002,11.24050226686507,12.629778257029072,False
576.6000000000626,29.30651537210403,29.30651537210403,0.6934846278959697,1.3873534453136216,11.243972572490616,12.631326017804238,False
577.1000000000627,29.307475048099604,29.307475048099604,0.6925249519003955,1.3854335615484459,11.247438075746404,12.63287163729485,False
577.6000000000628,29.30843339576649,29.30843339576649,0.6915666042335111,1.3835163351781006,11.250898783279608,12.634415118457708,False
578.1000000000629,29.30939041694675,29.30939041694675,0.6906095830532486,1.3816017625174055,11.254354701728191,12.635956464245597,False
578.600000000063,29.31034611347986,29.31034611347986,0.6896538865201407,1.379689839886396,11.257805837720898,12.637495677607294,False
579.1000000000631,29.311300487202704,29.311300487202704,0.6886995127972959,1.3777805636102514,11.261252197877297,12.639032761487549,False
579.6000000000632,29.312253539949566,29.312253539949566,0.6877464600504339,1.3758739300193739,11.264693788807767,12.64056771882714,False
580.1000000000633,29.313205273552157,29.313205273552157,0.6867947264478431,1.3739699354493098,11.26813061711352,12.64210055256283,False
580.6000000000635,29.314155689839602,29.314155689839602,0.6858443101603982,1.3720685762407712,11.271562689386625,12.643631265627397,False
581.1000000000636,29.31510479063845,29.31510479063845,0.6848952093615495,1.3701698487396357,11.274990012209999,12.645159860949635,False
581.6000000000637,29.316052577772677,29.316052577772677,0.6839474222273232,1.3682737492969252,11.278412592157437,12.646686341454362,False
582.1000000000638,29.316999053063697,29.316999053063697,0.6830009469363034,1.366380274268785,11.281830435793621,12.648210710062406,False
582.6000000000639,29.31794421833035,29.31794421833035,0.68205578166965,1.364489420016504,11.28524354967412,12.649732969690625,False
583.100000000064,29.31888807538893,29.31888807538893,0.68111192461107,1.3626011829064737,11.28865194034543,12.651253123251903,False
583.6000000000641,29.319830626053164,29.319830626053164,0.6801693739468355,1.360715559310215,11.29205561434496,12.652771173655175,False
584.1000000000643,29.320771872134234,29.320771872134234,0.6792281278657661,1.3588325456043577,11.295454578201062,12.65428712380542,False
584.6000000000644,29.32171181544077,29.32171181544077,0.6782881845592286,1.3569521381706053,11.298848838433027,12.655800976603633,False
585.1000000000645,29.32265045777886,29.32265045777886,0.6773495422211404,1.3550743333957769,11.302238401551122,12.657312734946899,False
585.6000000000646,29.32358780095205,29.32358780095205,0.6764121990479488,1.3531991276717648,11.305623274056572,12.658822401728337,False
586.1000000000647,29.324523846761362,29.324523846761362,0.6754761532386375,1.3513265173955062,11.309003462441607,12.660329979837114,False
586.6000000000648,29.325458597005277,29.325458597005277,0.6745414029947234,1.3494564989690332,11.312378973189448,12.661835472158481,False
587.1000000000649,29.326392053479744,29.326392053479744,0.6736079465202565,1.3475890687994294,11.315749812774325,12.663338881573754,False
587.600000000065,29.327324217978195,29.327324217978195,0.6726757820218054,1.3457242232988307,11.3191159876615,12.66484021096033,False
588.1000000000652,29.328255092291542,29.328255092291542,0.6717449077084581,1.3438619588843963,11.322477504307267,12.666339463191663,False
588.6000000000653,29.32918467820818,29.32918467820818,0.6708153217918209,1.3420022719783375,11.325834369158974,12.667836641137312,False
589.1000000000654,29.330112977513995,29.330112977513995,0.6698870224860052,1.3401451590078821,11.329186588655032,12.669331747662914,False
589.6000000000655,29.331039991992363,29.331039991992363,0.6689600080076374,1.338290616405267,11.33253416922493,12.670824785630197,False
590.1000000000656,29.331965723424155,29.331965723424155,0.6680342765758454,1.3364386406077529,11.335877117289241,12.672315757896994,False
590.6000000000657,29.33289017358774,29.33289017358774,0.6671098264122612,1.3345892280576024,11.33921543925964,12.673804667317242,False
591.1000000000658,29.333813344259,29.333813344259,0.6661866557410008,1.3327423752020522,11.342549141538916,12.675291516740968,False
591.600000000066,29.334735237211316,29.334735237211316,0.6652647627886843,1.330898078493341,11.345878230520984,12.676776309014326,False
592.1000000000661,29.335655854215585,29.335655854215585,0.6643441457844155,1.3290563343886888,11.349202712590895,12.678259046979584,False
592.6000000000662,29.33657519704022,29.33657519704022,0.6634248029597813,1.3272171393502745,11.352522594124853,12.679739733475127,False
593.1000000000663,29.337493267451148,29.337493267451148,0.6625067325488523,1.3253804898452444,11.355837881490217,12.681218371335461,False
593.6000000000664,29.338410067211832,29.338410067211832,0.6615899327881678,1.3235463823456968,11.359148581045533,12.68269496339123,False
594.1000000000665,29.339325598083246,29.339325598083246,0.6606744019167543,1.3217148133286756,11.36245469914053,12.684169512469206,False
594.6000000000666,29.3402398618239,29.3402398618239,0.6597601381761002,1.3198857792761913,11.365756242116133,12.685642021392324,False
595.1000000000668,29.341152860189847,29.341152860189847,0.6588471398101525,1.318059276675143,11.369053216304483,12.687112492979626,False
595.6000000000669,29.34206459493467,29.34206459493467,0.6579354050653308,1.3162353020173896,11.372345628028944,12.688580930046333,False
596.100000000067,29.342975067809494,29.342975067809494,0.657024932190506,1.314413851799685,11.375633483604123,12.690047335403808,False
596.6000000000671,29.34388428056299,29.34388428056299,0.6561157194370111,1.312594922523715,11.378916789335868,12.691511711859583,False
597.1000000000672,29.34479223494139,29.34479223494139,0.6552077650586092,1.3107785106960321,11.382195551521296,12.692974062217328,False
597.6000000000673,29.345698932688464,29.345698932688464,0.6543010673115361,1.3089646128281274,11.385469776448788,12.694434389276916,False
598.1000000000674,29.346604375545553,29.346604375545553,0.653395624454447,1.3071532254363376,11.38873947039802,12.695892695834358,False
598.6000000000676,29.347508565251545,29.347508565251545,0.6524914347484554,1.3053443450419024,11.392004639639968,12.69734898468187,False
599.1000000000677,29.348411503542906,29.348411503542906,0.6515884964570944,1.3035379681709287,11.395265290436905,12.698803258607834,False
599.6000000000678,29.349313192153666,29.349313192153666,0.6506868078463341,1.3017340913543762,11.398521429042445,12.700255520396821,False
600.1000000000679,29.350213632815425,29.350213632815425,0.6497863671845749,1.2999327111280863,11.401773061701519,12.701705772829605,False
600.600000000068,29.351112827257356,29.351112827257356,0.6488871727426435,1.2981338240327247,11.405020194650417,12.703154018683142,False
601.1000000000681,29.35201077720622,29.35201077720622,0.6479892227937789,1.2963374266138175,11.408262834116782,12.704600260730599,False
601.6000000000682,29.352907484386353,29.352907484386353,0.6470925156136467,1.2945435154217222,11.411500986319627,12.70604450174135,False
602.1000000000683,29.353802950519686,29.353802950519686,0.646197049480314,1.292752087011614,11.414734657469355,12.707486744480969,False
602.6000000000685,29.354697177325736,29.354697177325736,0.6453028226742639,1.2909631379434927,11.417963853767757,12.70892699171125,False
603.1000000000686,29.355590166521615,29.355590166521615,0.6444098334783845,1.2891766647821754,11.421188581408037,12.710365246190213,False
603.6000000000687,29.356481919822038,29.356481919822038,0.6435180801779623,1.2873926640972684,11.424408846574812,12.71180151067208,False
604.1000000000688,29.357372438939304,29.357372438939304,0.6426275610606957,1.2856111324632167,11.427624655444133,12.71323578790735,False
604.6000000000689,29.358261725583343,29.358261725583343,0.6417382744166567,1.2838320664592047,11.430836014183502,12.714668080642706,False
605.100000000069,29.359149781461678,29.359149781461678,0.640850218538322,1.282055462669227,11.434042928951863,12.71609839162109,False
605.6000000000691,29.36003660827944,29.36003660827944,0.6399633917205598,1.2802813176820678,11.437245405899635,12.717526723581702,False
606.1000000000693,29.360922207739392,29.360922207739392,0.6390777922606077,1.2785096280912498,11.440443451168715,12.718953079259965,False
606.6000000000694,29.361806581541906,29.361806581541906,0.6381934184580942,1.2767403904950783,11.443637070892489,12.720377461387567,False
607.1000000000695,29.36268973138498,29.36268973138498,0.6373102686150212,1.2749736014966118,11.446826271195851,12.721799872692463,False
607.6000000000696,29.363571658964236,29.363571658964236,0.6364283410357636,1.2732092577036411,11.450011058195198,12.723220315898839,False
608.1000000000697,29.36445236597293,29.36445236597293,0.6355476340270698,1.2714473557287178,11.453191437998472,12.72463879372719,False
608.6000000000698,29.36533185410195,29.36533185410195,0.6346681458980505,1.2696878921891255,11.456367416705136,12.726055308894262,False
609.1000000000699,29.366210125039828,29.366210125039828,0.633789874960172,1.2679308637068516,11.459539000406215,12.727469864113067,False
609.60000000007,29.367087180472726,29.367087180472726,0.6329128195272737,1.266176266908623,11.462706195184282,12.728882462092905,False
610.1000000000702,29.367963022084453,29.367963022084453,0.632036977915547,1.2644240984258843,11.465869007113504,12.730293105539388,False
610.6000000000703,29.36883765155648,29.36883765155648,0.6311623484435209,1.262674354894763,11.469027442259616,12.731701797154379,False
611.1000000000704,29.369711070567906,29.369711070567906,0.6302889294320941,1.2609270329561042,11.472181506679961,12.733108539636065,False
611.6000000000705,29.370583280795504,29.370583280795504,0.6294167192044959,1.2591821292554286,11.475331206423489,12.734513335678917,False
612.1000000000706,29.371454283913703,29.371454283913703,0.6285457160862968,1.2574396404429535,11.478476547530766,12.73591618797372,False
612.6000000000707,29.372324081594584,29.372324081594584,0.6276759184054157,1.2556995631735788,11.481617536033994,12.737317099207573,False
613.1000000000708,29.373192675507905,29.373192675507905,0.6268073244920949,1.253961894106851,11.484754177957022,12.738716072063873,False
613.600000000071,29.374060067321093,29.374060067321093,0.6259399326789072,1.2522266299069855,11.487886479315353,12.740113109222339,False
614.1000000000711,29.37492625869924,29.37492625869924,0.6250737413007599,1.2504937672428653,11.491014446116148,12.741508213359014,False
614.6000000000712,29.37579125130511,29.37579125130511,0.6242087486948904,1.248763302788035,11.494138084358262,12.742901387146297,False
615.1000000000713,29.376655046799154,29.376655046799154,0.6233449532008457,1.2470352332206645,11.497257400032236,12.7442926332529,False
615.6000000000714,29.377517646839518,29.377517646839518,0.622482353160482,1.2453095552235425,11.50037239912031,12.745681954343853,False
616.1000000000715,29.378379053082018,29.378379053082018,0.6216209469179823,1.2435862654841117,11.50348308759644,12.747069353080551,False
616.6000000000716,29.379239267180164,29.379239267180164,0.6207607328198357,1.241865360694412,11.506589471426306,12.748454832120718,False
617.1000000000718,29.380098290785156,29.380098290785156,0.6199017092148438,1.240146837551137,11.509691556567327,12.749838394118465,False
617.6000000000719,29.380956125545897,29.380956125545897,0.6190438744541034,1.2384306927555642,11.512789348968672,12.751220041724237,False
618.100000000072,29.381812773108987,29.381812773108987,0.6181872268910134,1.2367169230135602,11.515882854571267,12.752599777584827,False
618.6000000000721,29.38266823511873,29.38266823511873,0.6173317648812713,1.2350055250356036,11.51897207930781,12.753977604343413,False
619.1000000000722,29.383522513217134,29.383522513217134,0.6164774867828662,1.233296495536763,11.522057029102784,12.755353524639547,False
619.6000000000723,29.384375609043925,29.384375609043925,0.615624390956075,1.2315898312366684,11.525137709872464,12.756727541109132,False
620.1000000000724,29.385227524236537,29.385227524236537,0.6147724757634627,1.2298855288595405,11.52821412752493,12.75809965638447,False
620.6000000000726,29.386078260430118,29.386078260430118,0.6139217395698822,1.2281835851341754,11.531286287960086,12.759469873094261,False
621.1000000000727,29.386927819257544,29.386927819257544,0.6130721807424564,1.2264839967939025,11.53435419706966,12.760838193863563,False
621.6000000000728,29.387776202349407,29.387776202349407,0.6122237976505929,1.2247867605766274,11.537417860737222,12.762204621313849,False
622.1000000000729,29.388623411334034,29.388623411334034,0.6113765886659657,1.2230918732247886,11.540477284838188,12.763569158062976,False
622.600000000073,29.38946944783748,29.38946944783748,0.6105305521625191,1.2213993314853795,11.543532475239841,12.76493180672522,False
623.1000000000731,29.390314313483533,29.390314313483533,0.6096856865164675,1.2197091321099052,11.546583437801342,12.766292569911247,False
623.6000000000732,29.39115800989371,29.39115800989371,0.6088419901062885,1.2180212718544254,11.549630178373732,12.767651450228158,False
624.1000000000734,29.39200053868729,29.39200053868729,0.6079994613127084,1.2163357474794907,11.552672702799955,12.769008450279445,False
624.6000000000735,29.39284190148127,29.39284190148127,0.607158098518731,1.2146525557501988,11.555711016914854,12.770363572665053,False
625.1000000000736,29.39368209989041,29.39368209989041,0.6063179001095911,1.2129716934361312,11.558745126545197,12.771716819981329,False
625.6000000000737,29.394521135527217,29.394521135527217,0.6054788644727829,1.211293157311367,11.561775037509689,12.773068194821056,False
626.1000000000738,29.395359010001954,29.395359010001954,0.604640989998046,1.2096169441544902,11.56480075561896,12.77441769977345,False
626.6000000000739,29.396195724922634,29.396195724922634,0.6038042750773656,1.2079430507485753,11.567822286675609,12.775765337424184,False
627.100000000074,29.397031281895035,29.397031281895035,0.6029687181049646,1.2062714738811664,11.57083963647419,12.777111110355357,False
627.6000000000741,29.3978656825227,29.3978656825227,0.6021343174773008,1.204602210344298,11.573852810801245,12.778455021145543,False
628.1000000000743,29.398698928406933,29.398698928406933,0.6013010715930669,1.2029352569344525,11.576861815435286,12.779797072369739,False
628.6000000000744,29.399531021146814,29.399531021146814,0.6004689788531863,1.201270610452589,11.579866656146836,12.781137266599425,False
629.1000000000745,29.400361962339197,29.400361962339197,0.599638037660803,1.1996082677041073,11.582867338698415,12.782475606402523,False
629.6000000000746,29.40119175357871,29.40119175357871,0.5988082464212887,1.1979482254988554,11.585863868844578,12.783812094343434,False
630.1000000000747,29.40202039645776,29.40202039645776,0.5979796035422389,1.1962904806511432,11.588856252331901,12.785146732983044,False
630.6000000000748,29.402847892566534,29.402847892566534,0.597152107433466,1.1946350299797075,11.591844494899005,12.786479524878713,False
631.1000000000749,29.40367424349301,29.40367424349301,0.5963257565069888,1.1929818703076975,11.594828602276566,12.787810472584264,False
631.600000000075,29.404499450822964,29.404499450822964,0.5955005491770358,1.1913309984626963,11.597808580187321,12.789139578650017,False
632.1000000000752,29.405323516139948,29.405323516139948,0.5946764838600522,1.1896824112766993,11.600784434346084,12.790466845622783,False
632.6000000000753,29.406146441025314,29.406146441025314,0.5938535589746863,1.1880361055861215,11.603756170459759,12.79179227604588,False
633.1000000000754,29.406968227058226,29.406968227058226,0.5930317729417744,1.1863920782317692,11.606723794227342,12.793115872459111,False
633.6000000000755,29.407788875815633,29.407788875815633,0.5922111241843666,1.1847503260588539,11.609687311339941,12.794437637398795,False
634.1000000000756,29.408608388872302,29.408608388872302,0.5913916111276976,1.1831108459169712,11.612646727480785,12.795757573397756,False
634.6000000000757,29.409426767800802,29.409426767800802,0.5905732321991977,1.181473634660108,11.61560204832523,12.797075682985337,False
635.1000000000759,29.410244014171518,29.410244014171518,0.5897559858284822,1.1798386891466137,11.618553279540775,12.798391968687389,False
635.600000000076,29.411060129552645,29.411060129552645,0.588939870447355,1.178206006239229,11.621500426787073,12.799706433026302,False
636.1000000000761,29.411875115510203,29.411875115510203,0.5881248844897975,1.176575582805036,11.624443495715937,12.801019078520973,False
636.6000000000762,29.41268897360803,29.41268897360803,0.5873110263919692,1.1749474157154935,11.627382491971359,12.802329907686852,False
637.1000000000763,29.41350170540779,29.41350170540779,0.5864982945922108,1.1733215018464094,11.630317421189513,12.803638923035923,False
637.6000000000764,29.41431331246897,29.41431331246897,0.5856866875310303,1.1716978380779253,11.633248288998768,12.804946127076693,False
638.1000000000765,29.41512379634889,29.41512379634889,0.5848762036511097,1.1700764212945458,11.636175101019703,12.806251522314248,False
638.6000000000766,29.415933158602705,29.415933158602705,0.5840668413972949,1.1684572483850886,11.639097862865114,12.807555111250203,False
639.1000000000768,29.416741400783412,29.416741400783412,0.5832585992165882,1.1668403162427055,11.642016580140021,12.808856896382727,False
639.6000000000769,29.41754852444184,29.41754852444184,0.5824514755581589,1.1652256217648613,11.644931258441689,12.81015688020655,False
640.100000000077,29.41835453112667,29.41835453112667,0.5816454688733295,1.1636131618533412,11.647841903359632,12.811455065212973,False
640.6000000000771,29.419159422384425,29.419159422384425,0.5808405776155752,1.162002933414243,11.650748520475622,12.812751453889865,False
641.1000000000772,29.419963199759465,29.419963199759465,0.5800368002405349,1.1603949333579706,11.653651115363708,12.814046048721679,False
641.6000000000773,29.420765864794024,29.420765864794024,0.5792341352059758,1.1587891585992054,11.656549693590215,12.81533885218942,False
642.1000000000774,29.421567419028186,29.421567419028186,0.578432580971814,1.1571856060569345,11.65944426071376,12.816629866770695,False
642.6000000000776,29.422367863999888,29.422367863999888,0.577632136000112,1.1555842726544086,11.662334822285278,12.817919094939686,False
643.1000000000777,29.423167201244926,29.423167201244926,0.5768327987550741,1.1539851553191909,11.665221383848005,12.819206539167196,False
643.6000000000778,29.42396543229697,29.42396543229697,0.5760345677030294,1.152388250983087,11.668103950937507,12.820492201920594,False
644.1000000000779,29.424762558687554,29.424762558687554,0.5752374413124457,1.1507935565821796,11.670982529081682,12.821776085663862,False
644.600000000078,29.42555858194609,29.42555858194609,0.5744414180539117,1.1492010690567867,11.673857123800781,12.823058192857568,False
645.1000000000781,29.426353503599845,29.426353503599845,0.5736464964001549,1.1476107853515245,11.676727740607408,12.824338525958932,False
645.6000000000782,29.427147325173987,29.427147325173987,0.572852674826013,1.146022702415216,11.679594385006533,12.82561708742175,False
646.1000000000784,29.427940048191555,29.427940048191555,0.5720599518084448,1.1444368172009334,11.68245706249551,12.826893879696444,False
646.6000000000785,29.428731674173463,29.428731674173463,0.5712683258265372,1.1428531266659974,11.685315778564075,12.828168905230072,False
647.1000000000786,29.42952220463852,29.42952220463852,0.5704777953614801,1.1412716277719497,11.688170538694374,12.829442166466324,False
647.6000000000787,29.430311641103422,29.430311641103422,0.5696883588965775,1.1396923174845526,11.691021348360954,12.830713665845506,False
648.1000000000788,29.431099985082767,29.431099985082767,0.568900014917233,1.1381151927737747,11.693868213030784,12.831983405804559,False
648.6000000000789,29.431887238089036,29.431887238089036,0.5681127619109638,1.1365402506137983,11.696711138163272,12.83325138877707,False
649.100000000079,29.43267340163261,29.43267340163261,0.5673265983673907,1.1349674879830332,11.699550129210254,12.834517617193287,False
649.6000000000791,29.433458477221777,29.433458477221777,0.5665415227782233,1.1333969018640602,11.702385191616033,12.835782093480093,False
650.1000000000793,29.434242466362726,29.434242466362726,0.5657575336372744,1.1318284892436665,11.705216330817363,12.83704482006103,False
650.6000000000794,29.43502537055955,29.43502537055955,0.5649746294404494,1.1302622471128245,11.708043552243478,12.838305799356302,False
651.1000000000795,29.43580719131426,29.43580719131426,0.5641928086857391,1.1286981724666774,11.710866861316092,12.839565033782769,False
651.6000000000796,29.436587930126777,29.436587930126777,0.5634120698732232,1.1271362623045533,11.713686263449416,12.84082252575397,False
652.1000000000797,29.43736758849494,29.43736758849494,0.56263241150506,1.1255765136299445,11.716501764050168,12.842078277680113,False
652.6000000000798,29.438146167914507,29.438146167914507,0.5618538320854931,1.1240189234504925,11.719313368517572,12.843332291968064,False
653.10000000008,29.43892366987916,29.43892366987916,0.5610763301208408,1.1224634887780098,11.722121082243387,12.844584571021397,False
653.6000000000801,29.4397000958805,29.4397000958805,0.5602999041194998,1.1209102066284586,11.724924910611902,12.84583511724036,False
654.1000000000802,29.440475447408062,29.440475447408062,0.5595245525919381,1.1193590740219506,11.72772485899995,12.847083933021901,False
654.6000000000803,29.441249725949312,29.441249725949312,0.5587502740506878,1.1178100879827255,11.730520932776926,12.848331020759652,False
655.1000000000804,29.442022932989648,29.442022932989648,0.5579770670103521,1.1162632455391517,11.733313137304798,12.84957638284395,False
655.6000000000805,29.44279507001241,29.44279507001241,0.5572049299875914,1.1147185437237397,11.73610147793809,12.85082002166183,False
656.1000000000806,29.44356613849887,29.44356613849887,0.5564338615011302,1.1131759795731,11.738885960023936,12.852061939597036,False
656.6000000000807,29.44433613992825,29.44433613992825,0.5556638600717498,1.1116355501279855,11.741666588902058,12.853302139030044,False
657.1000000000809,29.44510507577772,29.44510507577772,0.5548949242222783,1.1100972524332278,11.744443369904785,12.854540622338012,False
657.600000000081,29.4458729475224,29.4458729475224,0.5541270524776003,1.1085610835377793,11.747216308357059,12.855777391894838,False
658.1000000000811,29.446639756635342,29.446639756635342,0.5533602433646578,1.1070270404946925,11.749985409576462,12.857012450071155,False
658.6000000000812,29.447405504587575,29.447405504587575,0.5525944954124249,1.1054951203611125,11.75275067887321,12.858245799234323,False
659.1000000000813,29.448170192848078,29.448170192848078,0.5518298071519219,1.103965320198256,11.755512121550169,12.859477441748425,False
659.6000000000814,29.448933822883795,29.448933822883795,0.5510661771162049,1.102437637071418,11.758269742902863,12.860707379974281,False
660.1000000000815,29.44969639615963,29.44969639615963,0.5503036038403692,1.1009120680499862,11.76102354821948,12.861935616269466,False
660.6000000000816,29.450457914138454,29.450457914138454,0.5495420858615461,1.0993886102073986,11.7637735427809,12.863162152988298,False
661.1000000000818,29.451218378281098,29.451218378281098,0.5487816217189021,1.0978672606211788,11.766519731860681,12.86438699248186,False
661.6000000000819,29.451977790046385,29.451977790046385,0.548022209953615,1.096348016372879,11.769262120725084,12.865610137097963,False
662.100000000082,29.452736150891095,29.452736150891095,0.547263849108905,1.0948308745481157,11.772000714633087,12.866831589181203,False
662.6000000000821,29.45349346227,29.45349346227,0.54650653773,1.0933158322365557,11.774735518836378,12.868051351072934,False
663.1000000000822,29.45424972563584,29.45424972563584,0.5457502743641598,1.0918028865318945,11.77746653857938,12.869269425111275,False
663.6000000000823,29.45500494243935,29.45500494243935,0.5449950575606515,1.0902920345318705,11.780193779099259,12.870485813631129,False
664.1000000000824,29.455759114129236,29.455759114129236,0.5442408858707637,1.0887832733382439,11.782917245625926,12.87170051896417,False
664.6000000000826,29.45651224215221,29.45651224215221,0.5434877578477888,1.0872766000568106,11.785636943382057,12.872913543438868,False
665.1000000000827,29.457264327952977,29.457264327952977,0.5427356720470229,1.0857720117973528,11.788352877583096,12.874124889380449,False
665.6000000000828,29.458015372974227,29.458015372974227,0.5419846270257729,1.0842695056736886,11.791065053437263,12.875334559110952,False
666.1000000000829,29.45876537865665,29.45876537865665,0.5412346213433494,1.0827690788036293,11.79377347614558,12.876542554949209,False
666.600000000083,29.459514346438937,29.459514346438937,0.5404856535610634,1.0812707283090006,11.79647815090186,12.877748879210861,False
667.1000000000831,29.460262277757785,29.460262277757785,0.5397377222422151,1.0797744513156076,11.79917908289273,12.878953534208337,False
667.6000000000832,29.46100917404789,29.46100917404789,0.5389908259521086,1.0782802449532625,11.801876277297636,12.880156522250898,False
668.1000000000834,29.461755036741973,29.461755036741973,0.5382449632580268,1.0767881063557283,11.804569739288857,12.881357845644585,False
668.6000000000835,29.462499867270754,29.462499867270754,0.5375001327292459,1.0752980326607755,11.807259474031508,12.882557506692283,False
669.1000000000836,29.463243667062972,29.463243667062972,0.5367563329370277,1.073810021010118,11.80994548668356,12.883755507693678,False
669.6000000000837,29.463986437545383,29.463986437545383,0.5360135624546167,1.072324068549463,11.812627782395843,12.884951850945306,False
670.1000000000838,29.464728180142764,29.464728180142764,0.5352718198572362,1.0708401724284684,11.815306366312052,12.88614653874052,False
670.6000000000839,29.465468896277915,29.465468896277915,0.5345311037220846,1.0693583298007283,11.81798124356877,12.887339573369498,False
671.100000000084,29.46620858737167,29.46620858737167,0.5337914126283287,1.0678785378238018,11.820652419295461,12.888530957119263,False
671.6000000000842,29.466947254842882,29.466947254842882,0.5330527451571179,1.0664007936591915,11.823319898614498,12.88972069227369,False
672.1000000000843,29.46768490010843,29.46768490010843,0.5323150998915693,1.0649250944723434,11.825983686641152,12.890908781113495,False
672.6000000000844,29.46842152458325,29.46842152458325,0.531578475416751,1.0634514374326116,11.828643788483628,12.89209522591624,False
673.1000000000845,29.469157129680287,29.469157129680287,0.530842870319713,1.061979819713308,11.83130020924305,12.893280028956358,False
673.6000000000846,29.46989171681055,29.46989171681055,0.530108283189449,1.060510238491645,11.83395295401348,12.894463192505125,False
674.1000000000847,29.470625287383076,29.470625287383076,0.5293747126169244,1.0590426909487576,11.836602027881941,12.895644718830699,False
674.6000000000848,29.47135784280496,29.47135784280496,0.5286421571950406,1.0575771742696816,11.839247435928403,12.896824610198085,False
675.100000000085,29.47208938448133,29.47208938448133,0.527910615518671,1.0561136856433677,11.841889183225808,12.898002868869176,False
675.6000000000851,29.472819913815375,29.472819913815375,0.5271800861846252,1.0546522222626749,11.844527274840079,12.899179497102754,False
676.1000000000852,29.473549432208344,29.473549432208344,0.526450567791656,1.053192781324313,11.84716171583012,12.900354497154433,False
676.6000000000853,29.47427794105953,29.47427794105953,0.5257220589404703,1.0517353600289283,11.849792511247838,12.901527871276766,False
677.1000000000854,29.475005441766285,29.475005441766285,0.5249945582337148,1.0502799555810398,11.852419666138148,12.902699621719188,False
677.6000000000855,29.47573193572404,29.47573193572404,0.5242680642759616,1.0488265651890103,11.85504318553898,12.90386975072799,False
678.1000000000856,29.476457424326266,29.476457424326266,0.5235425756737335,1.0473751860651177,11.857663074481293,12.90503826054641,False
678.6000000000857,29.47718190896453,29.47718190896453,0.5228180910354716,1.0459258154254698,11.86027933798908,12.90620515341455,False
679.1000000000859,29.477905391028436,29.477905391028436,0.5220946089715639,1.0444784504900682,11.862891981079377,12.907370431569445,False
679.600000000086,29.4786278719057,29.4786278719057,0.5213721280942991,1.04303308848273,11.86550100876228,12.90853409724501,False
680.1000000000861,29.47934935298208,29.47934935298208,0.52065064701792,1.0415897266311518,11.868106426040956,12.909696152672108,False
680.6000000000862,29.480069835641427,29.480069835641427,0.5199301643585734,1.0401483621668817,11.870708237911636,12.910856600078517,False
681.1000000000863,29.48078932126567,29.48078932126567,0.5192106787343285,1.038708992325276,11.87330644936364,12.912015441688917,False
681.6000000000864,29.48150781123483,29.48150781123483,0.518492188765169,1.037271614345542,11.875901065379388,12.91317267972493,False
682.1000000000865,29.482225306927003,29.482225306927003,0.5177746930729974,1.0358362254707174,11.878492090934392,12.91432831640511,False
682.6000000000867,29.482941809718376,29.482941809718376,0.5170581902816238,1.034402822947655,11.881079530997289,12.915482353944943,False
683.1000000000868,29.483657320983237,29.483657320983237,0.5163426790167627,1.0329714040270304,11.883663390529833,12.916634794556863,False
683.6000000000869,29.48437184209396,29.48437184209396,0.5156281579060398,1.0315419659633278,11.886243674486904,12.917785640450232,False
684.100000000087,29.485085374421022,29.485085374421022,0.514914625578978,1.030114506014833,11.888820387816542,12.918934893831375,False
684.6000000000871,29.485797919332995,29.485797919332995,0.5142020806670047,1.0286890214436397,11.891393535459923,12.920082556903562,False
685.1000000000872,29.48650947819656,29.48650947819656,0.5134905218034405,1.0272655095156367,11.893963122351384,12.92122863186702,False
685.6000000000873,29.487220052376497,29.487220052376497,0.5127799476235033,1.0258439675004922,11.89652915341844,12.922373120918932,False
686.1000000000874,29.487929643235688,29.487929643235688,0.5120703567643119,1.0244243926716905,11.899091633581785,12.923516026253475,False
686.6000000000876,29.488638252135143,29.488638252135143,0.5113617478648571,1.0230067823064672,11.901650567755295,12.924657350061763,False
687.1000000000877,29.489345880433973,29.489345880433973,0.510654119566027,1.0215911336858383,11.904205960846054,12.925797094531893,False
687.6000000000878,29.49005252948941,29.49005252948941,0.5099474705105891,1.0201774440945783,11.906757817754348,12.926935261848927,False
688.1000000000879,29.4907582006568,29.4907582006568,0.5092417993432008,1.0187657108212562,11.909306143373684,12.92807185419494,False
688.600000000088,29.49146289528961,29.49146289528961,0.5085371047103884,1.0173559311581784,11.91185094259079,12.929206873748969,False
689.1000000000881,29.492166614739443,29.492166614739443,0.5078333852605574,1.0159481024013957,11.914392220285638,12.930340322687034,False
689.6000000000882,29.49286936035601,29.49286936035601,0.5071306396439894,1.014542221850732,11.916929981331446,12.931472203182178,False
690.1000000000884,29.493571133487166,29.493571133487166,0.5064288665128345,1.0131382868097347,11.919464230594677,12.932602517404412,False
690.6000000000885,29.494271935478896,29.494271935478896,0.5057280645211044,1.0117362945856812,11.92199497293507,12.93373126752075,False
691.1000000000886,29.494971767675306,29.494971767675306,0.505028232324694,1.0103362424896076,11.924522213205632,12.93485845569524,False
691.6000000000887,29.495670631418648,29.495670631418648,0.5043293685813524,1.0089381278362808,11.927045956252657,12.935984084088938,False
692.1000000000888,29.49636852804932,29.49636852804932,0.5036314719506798,1.007541947944155,11.929566206915725,12.93710815485988,False
692.6000000000889,29.49706545890586,29.49706545890586,0.5029345410941417,1.0061477001354078,11.932082970027723,12.938230670163131,False
693.100000000089,29.497761425324942,29.497761425324942,0.502238574675058,1.0047553817359542,11.934596250414845,12.9393516321508,False
693.6000000000892,29.498456428641394,29.498456428641394,0.5015435713586065,1.00336499007539,11.937106052896613,12.940471042972003,False
694.1000000000893,29.499150470188187,29.499150470188187,0.5008495298118127,1.0019765224870412,11.93961238228587,12.941588904772912,False
694.6000000000894,29.499843551296454,29.499843551296454,0.5001564487035459,1.0005899763079,11.942115243388804,12.942705219696704,False
695.1000000000895,29.500535673295484,29.500535673295484,0.49946432670451557,0.9992053488786539,11.944614641004947,12.9438199898836,False
695.6000000000896,29.501226837512714,29.501226837512714,0.49877316248728576,0.9978226375436847,11.947110579927188,12.944933217470872,False
696.1000000000897,29.50191704527375,29.50191704527375,0.4980829547262502,0.9964418396510553,11.949603064941787,12.946044904592842,False
696.6000000000898,29.50260629790236,29.50260629790236,0.49739370209763933,0.9950629525524946,11.952092100828372,12.947155053380866,False
697.10000000009,29.503294596720472,29.503294596720472,0.4967054032795275,0.9936859736034052,11.954577692359967,12.948263665963372,False
697.6000000000901,29.50398194304819,29.50398194304819,0.49601805695181156,0.992310900162849,11.957059844302979,12.949370744465828,False
698.1000000000902,29.50466833820377,29.50466833820377,0.4953316617962287,0.9909377295935826,11.959538561417219,12.950476291010801,False
698.6000000000903,29.505353783503676,29.505353783503676,0.49464621649632434,0.9895664592619582,11.96201384845592,12.951580307717878,False
699.1000000000904,29.506038280262512,29.506038280262512,0.4939617197374879,0.9881970865380225,11.964485710165732,12.952682796703755,False
699.6000000000905,29.50672182979308,29.50672182979308,0.49327817020692066,0.9868296087954533,11.96695415128673,12.953783760082183,False
700.1000000000906,29.50740443340636,29.50740443340636,0.49259556659363923,0.9854640234115593,11.969419176552432,12.95488319996399,False
700.6000000000907,29.508086092411514,29.508086092411514,0.4919139075884864,0.984100327767294,11.971880790689807,12.955981118457101,False
701.1000000000909,29.508766808115887,29.508766808115887,0.4912331918841133,0.9827385192472349,11.974338998419281,12.957077517666516,False
701.600000000091,29.50944658182502,29.50944658182502,0.4905534181749793,0.9813785952395833,11.976793804454744,12.958172399694327,False
702.1000000000911,29.510125414842637,29.510125414842637,0.48987458515736293,0.9800205531361641,11.97924521350357,12.959265766639733,False
702.6000000000912,29.510803308470667,29.510803308470667,0.4891966915293331,0.9786643903324048,11.981693230266604,12.960357620599009,False
703.1000000000913,29.511480264009215,29.511480264009215,0.4885197359907849,0.9773101042273638,11.984137859438198,12.961447963665561,False
703.6000000000914,29.512156282756607,29.512156282756607,0.48784371724339337,0.9759576922236732,11.986579105706198,12.962536797929872,False
704.1000000000915,29.512831366009358,29.512831366009358,0.4871686339906418,0.9746071517275823,11.989016973751973,12.963624125479555,False
704.6000000000917,29.513505515062185,29.513505515062185,0.4864944849378148,0.9732584801489423,11.991451468250398,12.96470994839934,False
705.1000000000918,29.51417873120802,29.51417873120802,0.4858212687919803,0.9719116749011718,11.993882593869891,12.965794268771063,False
705.6000000000919,29.514851015737992,29.514851015737992,0.4851489842620076,0.9705667334012986,11.996310355272401,12.9668770886737,False
706.100000000092,29.515522369941454,29.515522369941454,0.4844776300585458,0.9692236530698892,11.998734757113432,12.967958410183321,False
706.6000000000921,29.51619279510596,29.51619279510596,0.4838072048940383,0.9678824313311338,12.001155804042039,12.969038235373173,False
707.1000000000922,29.516862292517303,29.516862292517303,0.48313770748269746,0.9665430656127398,12.00357350070084,12.97011656631358,False
707.6000000000923,29.51753086345947,29.51753086345947,0.48246913654053003,0.9652055533460029,12.00598785172604,12.971193405072043,False
708.1000000000925,29.51819850921467,29.51819850921467,0.48180149078532963,0.9638698919657998,12.008398861747416,12.972268753713216,False
708.6000000000926,29.518865231063355,29.518865231063355,0.481134768936645,0.9625360789105244,12.010806535388339,12.973342614298863,False
709.1000000000927,29.51953103028418,29.51953103028418,0.48046896971581887,0.9612041116221448,12.013210877265783,12.974414988887927,False
709.6000000000928,29.520195908154047,29.520195908154047,0.47980409184595274,0.9598739875461604,12.015611891990336,12.975485879536496,False
710.1000000000929,29.520859865948086,29.520859865948086,0.4791401340519137,0.9585457041316019,12.018009584166201,12.976555288297803,False
710.600000000093,29.52152290493966,29.52152290493966,0.47847709506034164,0.9572192588310386,12.020403958391212,12.97762321722225,False
711.1000000000931,29.52218502640035,29.52218502640035,0.4778149735996493,0.9558946491005926,12.022795019256833,12.978689668357426,False
711.6000000000932,29.522846231600003,29.522846231600003,0.47715376839999735,0.9545718723998746,12.025182771348183,12.979754643748057,False
712.1000000000934,29.523506521806695,29.523506521806695,0.476493478193305,0.9532509261920268,12.027567219244025,12.980818145436052,False
712.6000000000935,29.524165898286736,29.524165898286736,0.47583410171326435,0.9519318079437298,12.029948367516795,12.981880175460525,False
713.1000000000936,29.524824362304702,29.524824362304702,0.4751756376952976,0.9506145151251317,12.032326220732594,12.982940735857726,False
713.6000000000937,29.5254819151234,29.5254819151234,0.47451808487659974,0.9492990452099122,12.034700783451205,12.983999828661117,False
714.1000000000938,29.526138558003897,29.526138558003897,0.47386144199610314,0.9479853956752393,12.037072060226103,12.985057455901343,False
714.6000000000939,29.526794292205512,29.526794292205512,0.473205707794488,0.9466735640017774,12.039440055604462,12.98611361960624,False
715.100000000094,29.527449118985814,29.527449118985814,0.4725508810141861,0.9453635476736935,12.041804774127158,12.987168321800851,False
715.6000000000942,29.528103039600634,29.528103039600634,0.47189696039936635,0.9440553441786292,12.044166220328787,12.988221564507416,False
716.1000000000943,29.528756055304065,29.528756055304065,0.4712439446959351,0.9427489510076938,12.046524398737663,12.989273349745357,False
716.6000000000944,29.529408167348464,29.529408167348464,0.4705918326515359,0.9414443656554923,12.048879313875842,12.990323679531334,False
717.1000000000945,29.530059376984447,29.530059376984447,0.46994062301555317,0.940141585620097,12.051230970259114,12.991372555879211,False
717.6000000000946,29.53070968546091,29.53070968546091,0.46929031453909076,0.9388406084030194,12.053579372397024,12.992419980800044,False
718.1000000000947,29.531359094025,29.531359094025,0.4686409059750005,0.9375414315092669,12.055924524792875,12.993465956302142,False
718.6000000000948,29.532007603922157,29.532007603922157,0.46799239607784315,0.9362440524472859,12.058266431943736,12.994510484391022,False
719.100000000095,29.53265521639608,29.53265521639608,0.4673447836039202,0.934948468728976,12.060605098340456,12.995553567069432,False
719.6000000000951,29.533301932688754,29.533301932688754,0.4666980673112455,0.9336546778696757,12.062940528467665,12.996595206337341,False
720.1000000000952,29.533947754040447,29.533947754040447,0.46605224595955264,0.932362677388177,12.065272726803792,12.99763540419197,False
720.6000000000953,29.534592681689702,29.534592681689702,0.465407318310298,0.9310724648066895,12.067601697821056,12.998674162627745,False
721.1000000000954,29.535236716873346,29.535236716873346,0.46476328312665416,0.9297840376508901,12.069927445985503,12.999711483636393,False
721.6000000000955,29.535879860826498,29.535879860826498,0.46412013917350237,0.9284973934498453,12.072249975756984,13.00074736920683,False
722.1000000000956,29.536522114782567,29.536522114782567,0.46347788521743283,0.9272125297360532,12.074569291589187,13.00178182132524,False
722.6000000000957,29.537163479973252,29.537163479973252,0.46283652002674813,0.9259294440454369,12.076885397929631,13.002814841975068,False
723.1000000000959,29.537803957628537,29.537803957628537,0.4621960423714633,0.9246481339173442,12.079198299219689,13.003846433137033,False
723.600000000096,29.53844354897672,29.53844354897672,0.4615564510232808,0.9233685968944982,12.081507999894573,13.004876596789071,False
724.1000000000961,29.539082255244384,29.539082255244384,0.46091774475561564,0.9220908305230537,12.083814504383367,13.005905334906421,False
724.6000000000962,29.539720077656415,29.539720077656415,0.4602799223435845,0.9208148323525549,12.086117817109024,13.006932649461579,False
725.1000000000963,29.540357017436015,29.540357017436015,0.4596429825639845,0.9195405999359352,12.08841794248837,13.007958542424305,False
725.6000000000964,29.54099307580468,29.54099307580468,0.45900692419532163,0.9182681308295102,12.090714884932133,13.008983015761643,False
726.1000000000965,29.54162825398221,29.54162825398221,0.4583717460177894,0.9169974225929991,12.093008648844924,13.010006071437923,False
726.6000000000967,29.54226255318673,29.54226255318673,0.4577374468132689,0.915728472789489,12.095299238625257,13.011027711414746,False
727.1000000000968,29.542895974634675,29.542895974634675,0.45710402536532513,0.914461278985442,12.097586658665568,13.01204793765101,False
727.6000000000969,29.543528519540782,29.543528519540782,0.4564714804592178,0.9131958387506884,12.099870913352209,13.013066752102898,False
728.100000000097,29.544160189118124,29.544160189118124,0.4558398108818764,0.9119321496584263,12.102152007065461,13.014084156723888,False
728.6000000000971,29.54479098457808,29.54479098457808,0.4552090154219215,0.9106702092852217,12.104429944179545,13.015100153464767,False
729.1000000000972,29.545420907130357,29.545420907130357,0.4545790928696434,0.9094100152109874,12.106704729062628,13.016114744273615,False
729.6000000000973,29.54604995798299,29.54604995798299,0.4539500420170093,0.90815156501899,12.108976366076833,13.017127931095823,False
730.1000000000975,29.546678138342344,29.546678138342344,0.4533218616576562,0.9068948562958283,12.111244859578244,13.018139715874073,False
730.6000000000976,29.5473054494131,29.5473054494131,0.45269455058690156,0.9056398866314694,12.113510213916916,13.019150100548385,False
731.1000000000977,29.547931892398275,29.547931892398275,0.45206810760172544,0.9043866536192056,12.115772433436888,13.020159087056093,False
731.6000000000978,29.54855746849923,29.54855746849923,0.4514425315007706,0.9031351548556685,12.118031522476178,13.021166677331847,False
732.1000000000979,29.549182178915654,29.549182178915654,0.4508178210843461,0.9018853879407942,12.120287485366815,13.022172873307609,False
732.600000000098,29.549806024845573,29.549806024845573,0.45019397515442705,0.9006373504778793,12.12254032643482,13.023177676912699,False
733.1000000000981,29.550429007485366,29.550429007485366,0.4495709925146336,0.8993910400735032,12.124790050000236,13.02418109007374,False
733.6000000000982,29.55105112802974,29.55105112802974,0.44894887197025923,0.898146454337585,12.12703666037712,13.025183114714705,False
734.1000000000984,29.551672387671765,29.551672387671765,0.44832761232823515,0.8969035908833263,12.129280161873565,13.026183752756891,False
734.6000000000985,29.552292787602838,29.552292787602838,0.4477072123971624,0.8956624473272683,12.131520558791697,13.027183006118966,False
735.1000000000986,29.55291232901272,29.55291232901272,0.44708767098727975,0.8944230212892279,12.13375785542769,13.028180876716918,False
735.6000000000987,29.553531013089522,29.553531013089522,0.4464689869104781,0.8931853103923331,12.135992056071778,13.029177366464111,False
736.1000000000988,29.554148841019714,29.554148841019714,0.44585115898028604,0.8919493122629802,12.138223165008249,13.030172477271229,False
736.6000000000989,29.554765813988116,29.554765813988116,0.44523418601188425,0.890715024530877,12.140451186515463,13.03116621104634,False
737.100000000099,29.555381933177912,29.555381933177912,0.4446180668220876,0.8894824448289924,12.142676124865867,13.03215856969486,False
737.6000000000992,29.55599719977064,29.55599719977064,0.44400280022935945,0.8882515707935994,12.14489798432599,13.03314955511959,False
738.1000000000993,29.55661161494621,29.55661161494621,0.4433883850537903,0.8870224000642253,12.147116769156455,13.03413916922068,False
738.6000000000994,29.557225179882895,29.557225179882895,0.4427748201171049,0.8857949302836658,12.14933248361199,13.035127413895657,False
739.1000000000995,29.557837895757345,29.557837895757345,0.4421621042426551,0.8845691590979783,12.15154513194144,13.036114291039418,False
739.6000000000996,29.558449763744566,29.558449763744566,0.4415502362554342,0.8833450841564954,12.153754718387757,13.037099802544253,False
740.1000000000997,29.559060785017955,29.559060785017955,0.4409392149820448,0.8821227031117687,12.155961247188037,13.038083950299805,False
740.6000000000998,29.559670960749266,29.559670960749266,0.4403290392507344,0.8809020136196395,12.158164722573499,13.039066736193138,False
741.1000000001,29.560280292108637,29.560280292108637,0.4397197078913635,0.8796830133391893,12.16036514876952,13.04004816210871,False
741.6000000001001,29.560888780264595,29.560888780264595,0.43911121973540546,0.8784656999327183,12.162562529995617,13.041028229928335,False
742.1000000001002,29.561496426384036,29.561496426384036,0.43850357361596437,0.8772500710657738,12.164756870465471,13.042006941531245,False
742.6000000001003,29.562103231632246,29.562103231632246,0.4378967683677537,0.8760361244071575,12.16694817438694,13.042984298794098,False
743.1000000001004,29.562709197172897,29.562709197172897,0.4372908028271034,0.8748238576288614,12.169136445962044,13.043960303590906,False
743.6000000001005,29.563314324168058,29.563314324168058,0.4366856758319422,0.8736132684061175,12.171321689387,13.044934957793117,False
744.1000000001006,29.563918613778174,29.563918613778174,0.4360813862218258,0.872404354417391,12.173503908852217,13.045908263269608,False
744.6000000001007,29.5645220671621,29.5645220671621,0.4354779328379017,0.8711971133443228,12.175683108542296,13.046880221886619,False
745.1000000001009,29.565124685477066,29.565124685477066,0.4348753145229338,0.8699915428718086,12.177859292636057,13.047850835507866,False
745.600000000101,29.56572646987872,29.56572646987872,0.4342735301212812,0.8687876406879269,12.180032465306533,13.04882010599446,False
746.1000000001011,29.566327421521105,29.566327421521105,0.4336725784788946,0.8675854044839397,12.182202630720981,13.049788035204921,False
746.6000000001012,29.56692754155665,29.56692754155665,0.4330724584433483,0.866384831954349,12.184369793040892,13.05075462499524,False
747.1000000001013,29.56752683113621,29.56752683113621,0.4324731688637904,0.8651859207968187,12.186533956421995,13.051719877218813,False
747.6000000001014,29.56812529140904,29.56812529140904,0.43187470859096067,0.8639886687121958,12.188695125014274,13.05268379372647,False
748.1000000001015,29.568722923522795,29.568722923522795,0.4312770764772047,0.8627930734045322,12.190853302961967,13.0536463763665,False
748.6000000001017,29.56931972862355,29.56931972862355,0.43068027137644904,0.8615991325810342,12.193008494403575,13.054607626984609,False
749.1000000001018,29.5699157078558,29.5699157078558,0.4300842921442012,0.8604068439521058,12.195160703471878,13.055567547423983,False
749.6000000001019,29.570510862362436,29.570510862362436,0.4294891376375638,0.8592162052312986,12.197309934293921,13.05652613952522,False
750.100000000102,29.571105193284783,29.571105193284783,0.42889480671521696,0.8580272141353475,12.199456190991057,13.057483405126405,False
750.6000000001021,29.57169870176258,29.57169870176258,0.4283012982374217,0.8568398683841423,12.201599477678924,13.058439346063066,False
751.1000000001022,29.57229138893398,29.57229138893398,0.42770861106602,0.8556541657007344,12.203739798467472,13.059393964168207,False
751.6000000001023,29.572883255935576,29.572883255935576,0.4271167440644241,0.8544701038113232,12.20587715746096,13.060347261272284,False
752.1000000001025,29.573474303902387,29.573474303902387,0.42652569609761315,0.8532876804452414,12.208011558757965,13.061299239203207,False
752.6000000001026,29.57406453396784,29.57406453396784,0.42593546603216126,0.8521068933349909,12.21014300645139,13.06224989978638,False
753.1000000001027,29.574653947263815,29.574653947263815,0.42534605273618453,0.8509277402161999,12.212271504628477,13.063199244844677,False
753.6000000001028,29.57524254492062,29.57524254492062,0.42475745507938,0.8497502188276158,12.214397057370816,13.064147276198431,False
754.1000000001029,29.575830328066992,29.575830328066992,0.4241696719330079,0.8485743269111481,12.21651966875434,13.065093995665489,False
754.600000000103,29.576417297830105,29.576417297830105,0.42358270216989524,0.8474000622118183,12.218639342849352,13.06603940506117,False
755.1000000001031,29.57700345533559,29.57700345533559,0.42299654466441083,0.846227422477746,12.22075608372051,13.066983506198255,False
755.6000000001033,29.57758880170749,29.57758880170749,0.4224111982925116,0.8450564054602197,12.222869895426859,13.067926300887079,False
756.1000000001034,29.578173338068314,29.578173338068314,0.4218266619316857,0.8438870089135833,12.224980782021818,13.068867790935402,False
756.6000000001035,29.578757065539016,29.578757065539016,0.4212429344609845,0.8427192305953355,12.227088747553204,13.069807978148539,False
757.1000000001036,29.579339985238985,29.579339985238985,0.42066001476101533,0.8415530682660588,12.229193796063221,13.07074686432928,False
757.6000000001037,29.579922098286072,29.579922098286072,0.42007790171392756,0.8403885196894407,12.231295931588495,13.071684451277935,False
758.1000000001038,29.580503405796577,29.580503405796577,0.419496594203423,0.8392255826322526,12.233395158160052,13.072620740792305,False
758.6000000001039,29.581083908885258,29.581083908885258,0.4189160911147418,0.8380642548643777,12.235491479803345,13.073555734667723,False
759.100000000104,29.58166360866532,29.58166360866532,0.41833639133468026,0.8369045341587693,12.237584900538257,13.074489434697027,False
759.6000000001042,29.582242506248438,29.582242506248438,0.41775749375156224,0.8357464182914782,12.23967542437911,13.075421842670588,False
760.1000000001043,29.582820602744743,29.582820602744743,0.4171793972552571,0.8345899050416179,12.241763055334662,13.07635296037628,False
760.6000000001044,29.58339789926283,29.58339789926283,0.41660210073716897,0.8334349921913784,12.24384779740813,13.077282789599508,False
761.1000000001045,29.58397439690976,29.58397439690976,0.4160256030902403,0.8322816775260407,12.245929654597196,13.078211332123237,False
761.6000000001046,29.584550096791055,29.584550096791055,0.4154499032089447,0.8311299588339338,12.248008630894,13.079138589727934,False
762.1000000001047,29.585125000010724,29.585125000010724,0.41487499998927646,0.8299798339064424,12.250084730285165,13.080064564191607,False
762.6000000001048,29.58569910767123,29.58569910767123,0.41430089232877165,0.8288313005380132,12.252157956751786,13.080989257289799,False
763.100000000105,29.586272420873513,29.586272420873513,0.41372757912648694,0.8276843565261629,12.254228314269463,13.081912670795626,False
763.6000000001051,29.586844940716997,29.586844940716997,0.4131550592830031,0.8265389996714347,12.256295806808284,13.082834806479719,False
764.1000000001052,29.587416668299575,29.587416668299575,0.41258333170042505,0.8253952277774346,12.25836043833285,13.083755666110285,False
764.6000000001053,29.587987604717625,29.587987604717625,0.41201239528237465,0.8242530386507951,12.260422212802268,13.084675251453064,False
765.1000000001054,29.588557751066013,29.588557751066013,0.4114422489339873,0.8231124301011903,12.262481134170173,13.085593564271363,False
765.6000000001055,29.589127108438078,29.589127108438078,0.4108728915619224,0.8219733999413208,12.264537206384729,13.08651060632605,False
766.1000000001056,29.589695677925647,29.589695677925647,0.41030432207435297,0.8208359459869286,12.266590433388627,13.087426379375556,False
766.6000000001058,29.590263460619042,29.590263460619042,0.4097365393809582,0.8197000660567753,12.268640819119113,13.088340885175889,False
767.1000000001059,29.59083045760708,29.59083045760708,0.40916954239292025,0.8185657579726211,12.270688367507981,13.089254125480602,False
767.600000000106,29.59139666997706,29.59139666997706,0.4086033300229417,0.8174330195592674,12.272733082481576,13.090166102040843,False
768.1000000001061,29.591962098814772,29.591962098814772,0.408037901185228,0.8163018486445139,12.274774967960818,13.091076816605332,False
768.6000000001062,29.592526745204527,29.592526745204527,0.40747325479547314,0.8151722430591661,12.276814027861203,13.09198627092037,False
769.1000000001063,29.5930906102291,29.5930906102291,0.40690938977089885,0.8140442006370492,12.278850266092803,13.092894466729852,False
769.6000000001064,29.5936536949698,29.5936536949698,0.4063463050302012,0.8129177192149655,12.280883686560278,13.093801405775244,False
770.1000000001065,29.594216000506417,29.594216000506417,0.40578399949358257,0.811792796632723,12.28291429316289,13.094707089795612,False
770.6000000001067,29.594777527917262,29.594777527917262,0.40522247208273754,0.8106694307331068,12.2849420897945,13.095611520527607,False
771.1000000001068,29.595338278279144,29.595338278279144,0.40466172172085635,0.8095476193619007,12.286967080343581,13.096514699705482,False
771.6000000001069,29.59589825266738,29.59589825266738,0.4041017473326214,0.8084273603678866,12.288989268693234,13.09741662906112,False
772.100000000107,29.596457452155807,29.596457452155807,0.40354254784419297,0.8073086516027743,12.291008658721173,13.098317310323948,False
772.6000000001071,29.597015877816766,29.597015877816766,0.4029841221832342,0.8061914909213002,12.293025254299755,13.099216745221055,False
773.1000000001072,29.597573530721125,29.597573530721125,0.4024264692788755,0.8050758761811423,12.295039059295975,13.100114935477118,False
773.6000000001073,29.598130411938254,29.598130411938254,0.40186958806174644,0.8039618052429489,12.297050077571473,13.101011882814422,False
774.1000000001075,29.59868652253606,29.59868652253606,0.4013134774639404,0.8028492759703312,12.29905831298255,13.101907588952882,False
774.6000000001076,29.59924186358096,29.59924186358096,0.40075813641903935,0.801738286229849,12.301063769380173,13.102802055610022,False
775.1000000001077,29.5997964361379,29.5997964361379,0.40020356386209954,0.8006288338910394,12.303066450609972,13.103695284501011,False
775.6000000001078,29.60035024127035,29.60035024127035,0.3996497587296517,0.79952091682636,12.305066360512262,13.104587277338622,False
776.1000000001079,29.60090328004031,29.60090328004031,0.3990967199596902,0.7984145329112167,12.307063502922036,13.105478035833253,False
776.600000000108,29.60145555350831,29.60145555350831,0.39854444649169096,0.7973096800239787,12.309057881668988,13.106367561692966,False
777.1000000001081,29.602007062733403,29.602007062733403,0.3979929372665971,0.7962063560459427,12.311049500577509,13.107255856623452,False
777.6000000001083,29.602557808773188,29.602557808773188,0.397442191226812,0.7951045588613184,12.313038363466699,13.108142922328017,False
778.1000000001084,29.6031077926838,29.6031077926838,0.3968922073161991,0.7940042863572643,12.315024474150372,13.109028760507636,False
778.6000000001085,29.60365701551991,29.60365701551991,0.3963429844800892,0.7929055364238522,12.317007836437059,13.10991337286091,False
779.1000000001086,29.604205478334723,29.604205478334723,0.39579452166527673,0.7918083069540813,12.318988454130029,13.11079676108411,False
779.6000000001087,29.604753182179987,29.604753182179987,0.3952468178200128,0.7907125958438712,12.320966331027288,13.111678926871159,False
780.1000000001088,29.605300128106006,29.605300128106006,0.39469987189399447,0.7896184009920475,12.322941470921576,13.112559871913623,False
780.6000000001089,29.605846317161614,29.605846317161614,0.39415368283838603,0.788525720300342,12.324913877600398,13.11343959790074,False
781.100000000109,29.606391750394206,29.606391750394206,0.3936082496057942,0.7874345516733925,12.326883554846006,13.114318106519399,False
781.6000000001092,29.606936428849718,29.606936428849718,0.39306357115028234,0.7863448930187502,12.328850506435423,13.115195399454173,False
782.1000000001093,29.607480353572647,29.607480353572647,0.3925196464273526,0.7852567422468368,12.330814736140441,13.116071478387278,False
782.6000000001094,29.60802352560604,29.60802352560604,0.3919764743939602,0.7841700972709873,12.332776247727645,13.116946344998633,False
783.1000000001095,29.608565945991497,29.608565945991497,0.39143405400850284,0.7830849560074142,12.334735044958391,13.117820000965805,False
783.6000000001096,29.609107615769187,29.609107615769187,0.3908923842308134,0.7820013163752151,12.336691131588841,13.118692447964056,False
784.1000000001097,29.609648535977826,29.609648535977826,0.39035146402217435,0.7809191762963792,12.338644511369958,13.119563687666338,False
784.6000000001098,29.6101887076547,29.6101887076547,0.3898112923452999,0.7798385336957523,12.340595188047507,13.12043372174326,False
785.10000000011,29.610728131835657,29.610728131835657,0.389271868164343,0.7787593865010649,12.34254316536208,13.121302551863145,False
785.6000000001101,29.611266809555115,29.611266809555115,0.38873319044488497,0.7776817326429182,12.344488447049088,13.122170179692006,False
786.1000000001102,29.611804741846058,29.611804741846058,0.3881952581539423,0.7766055700547696,12.346431036838762,13.123036606893532,False
786.6000000001103,29.612341929740033,29.612341929740033,0.3876580702599668,0.7755308966729402,12.348370938456192,13.123901835129132,False
787.1000000001104,29.612878374267172,29.612878374267172,0.3871216257328278,0.7744577104366144,12.350308155621299,13.124765866057913,False
787.6000000001105,29.613414076456174,29.613414076456174,0.3865859235438265,0.7733860092878118,12.352242692048856,13.125628701336668,False
788.1000000001106,29.61394903733431,29.61394903733431,0.3860509626656885,0.7723157911714154,12.3541745514485,13.126490342619915,False
788.6000000001108,29.61448325792744,29.61448325792744,0.3855167420725607,0.7712470540351575,12.356103737524734,13.127350791559891,False
789.1000000001109,29.615016739259996,29.615016739259996,0.3849832607400039,0.7701797958295913,12.358030253976931,13.128210049806523,False
789.600000000111,29.615549482354997,29.615549482354997,0.3844505176450035,0.7691140145081121,12.35995410449935,13.129068119007462,False
790.1000000001111,29.616081488234048,29.616081488234048,0.3839185117659518,0.7680497080269504,12.361875292781134,13.129925000808084,False
790.6000000001112,29.61661275791732,29.61661275791732,0.38338724208268005,0.7669868743451929,12.36379382250632,13.130780696851513,False
791.1000000001113,29.617143292423602,29.617143292423602,0.3828567075763978,0.7659255114246974,12.365709697353852,13.13163520877855,False
791.6000000001114,29.617673092770254,29.617673092770254,0.3823269072297464,0.7648656172301855,12.367622920997581,13.132488538227767,False
792.1000000001115,29.618202159973233,29.618202159973233,0.381797840026767,0.763807189729178,12.369533497106268,13.133340686835446,False
792.6000000001117,29.618730495047092,29.618730495047092,0.38126950495290757,0.7627502268920026,12.371441429343605,13.134191656235608,False
793.1000000001118,29.619258099004973,29.619258099004973,0.3807419009950266,0.7616947266918146,12.37334672136821,13.135041448060024,False
793.6000000001119,29.619784972858618,29.619784972858618,0.3802150271413822,0.7606406871045763,12.375249376833636,13.135890063938213,False
794.100000000112,29.62031111761837,29.62031111761837,0.3796888823816289,0.7595881061090353,12.377149399388388,13.136737505497424,False
794.6000000001121,29.620836534293186,29.620836534293186,0.3791634657068137,0.7585369816867242,12.379046792675913,13.137583774362637,False
795.1000000001122,29.621361223890606,29.621361223890606,0.3786387761093941,0.757487311822004,12.38094156033462,13.138428872156624,False
795.6000000001123,29.62188518741679,29.62188518741679,0.37811481258320967,0.7564390945019923,12.38283370599789,13.139272800499882,False
796.1000000001125,29.62240842587649,29.62240842587649,0.3775915741235103,0.7553923277166277,12.38472323329406,13.140115561010688,False
796.6000000001126,29.622930940273083,29.622930940273083,0.3770690597269173,0.7543470094586056,12.386610145846461,13.140957155305067,False
797.1000000001127,29.623452731608555,29.623452731608555,0.3765472683914446,0.7533031377233925,12.3884944472734,13.141797584996793,False
797.6000000001128,29.6239738008835,29.6239738008835,0.3760261991164988,0.7522607105092547,12.390376141188181,13.142636851697436,False
798.1000000001129,29.624494149097128,29.624494149097128,0.37550585090287214,0.7512197258172151,12.39225523119911,13.143474957016325,False
798.600000000113,29.625013777247265,29.625013777247265,0.3749862227527352,0.7501801816510678,12.394131720909495,13.144311902560563,False
799.1000000001131,29.62553268633036,29.62553268633036,0.3744673136696406,0.7491420760173568,12.396005613917662,13.145147689935019,False
799.6000000001133,29.62605087734148,29.62605087734148,0.37394912265851943,0.7481054069254043,12.397876913816956,13.14598232074236,False
800.1000000001134,29.62656835127432,29.62656835127432,0.37343164872568124,0.747070172387275,12.399745624195749,13.146815796583024,False
800.6000000001135,29.627085109121186,29.627085109121186,0.372914890878814,0.7460363704177908,12.401611748637444,13.147648119055235,False
801.1000000001136,29.627601151873026,29.627601151873026,0.37239884812697355,0.7450039990345161,12.403475290720497,13.148479289755013,False
801.6000000001137,29.628116480519417,29.628116480519417,0.3718835194805834,0.743973056257758,12.405336254018394,13.149309310276152,False
802.1000000001138,29.628631096048544,29.628631096048544,0.3713689039514563,0.7429435401105806,12.407194642099691,13.150138182210272,False
802.6000000001139,29.629144999447252,29.629144999447252,0.3708550005527478,0.7419154486187551,12.409050458528,13.150965907146755,False
803.100000000114,29.62965819170101,29.62965819170101,0.37034180829898844,0.7408887798108026,12.410903706861996,13.151792486672798,False
803.6000000001142,29.630170673793923,29.630170673793923,0.36982932620607656,0.7398635317179654,12.412754390655438,13.152617922373404,False
804.1000000001143,29.63068244670872,29.63068244670872,0.36931755329127824,0.7388397023742286,12.414602513457165,13.153442215831394,False
804.6000000001144,29.63119351142679,29.63119351142679,0.36880648857320963,0.7378172898162916,12.416448078811102,13.154265368627394,False
805.1000000001145,29.63170386892816,29.63170386892816,0.36829613107184045,0.7367962920835467,12.418291090256275,13.155087382339822,False
805.6000000001146,29.63221352019149,29.63221352019149,0.36778647980851176,0.7357767072181289,12.420131551326806,13.155908258544935,False
806.1000000001147,29.632722466194096,29.632722466194096,0.367277533805904,0.7347585332648663,12.421969465551932,13.156727998816798,False
806.6000000001148,29.633230707911938,29.633230707911938,0.36676929208806186,0.733741768271301,12.423804836456007,13.157546604727308,False
807.100000000115,29.633738246319623,29.633738246319623,0.3662617536803765,0.7327264102876754,12.425637667558506,13.158364077846182,False
807.6000000001151,29.634245082390414,29.634245082390414,0.36575491760958556,0.7317124573669247,12.427467962374026,13.15918041974095,False
808.1000000001152,29.634751217096223,29.634751217096223,0.3652487829037767,0.7306999075646914,12.429295724412308,13.159995631976999,False
808.6000000001153,29.635256651407616,29.635256651407616,0.3647433485923841,0.7296887589393037,12.431120957178239,13.160809716117543,False
809.1000000001154,29.635761386293826,29.635761386293826,0.36423861370617416,0.7286790095517546,12.432943664171853,13.161622673723608,False
809.6000000001155,29.636265422722726,29.636265422722726,0.363734577277274,0.7276706574657652,12.434763848888338,13.162434506354103,False
810.1000000001156,29.63676876166087,29.63676876166087,0.36323123833912874,0.726663700747693,12.436581514818045,13.163245215565738,False
810.6000000001158,29.63727140407346,29.63727140407346,0.3627285959265407,0.7256581374665956,12.438396665446499,13.164054802913094,False
811.1000000001159,29.637773350924363,29.637773350924363,0.3622266490756374,0.724653965694209,12.440209304254397,13.164863269948606,False
811.600000000116,29.638274603176125,29.638274603176125,0.36172539682387495,0.7236511835049058,12.442019434717627,13.165670618222533,False
812.1000000001161,29.63877516178994,29.63877516178994,0.3612248382100596,0.7226497889757582,12.443827060307257,13.166476849283015,False
812.6000000001162,29.639275027725688,29.639275027725688,0.360724972274312,0.721649780186489,12.445632184489552,13.167281964676041,False
813.1000000001163,29.63977420194192,29.63977420194192,0.36022579805808164,0.7206511552194641,12.447434810725994,13.168085965945458,False
813.6000000001164,29.640272685395843,29.640272685395843,0.3597273146041573,0.7196539121597212,12.449234942473266,13.168888854632987,False
814.1000000001166,29.640770479043358,29.640770479043358,0.3592295209566423,0.718658049094941,12.45103258318326,13.1696906322782,False
814.6000000001167,29.641267583839035,29.641267583839035,0.3587324161609651,0.7176635641154547,12.452827736303103,13.170491300418558,False
815.1000000001168,29.641764000736124,29.641764000736124,0.3582359992638757,0.7166704553142367,12.454620405275143,13.17129086058938,False
815.6000000001169,29.64225973068656,29.64225973068656,0.35774026931343883,0.7156787207868831,12.45641059353697,13.172089314323854,False
816.100000000117,29.642754774640956,29.642754774640956,0.3572452253590441,0.7146883586316477,12.458198304521423,13.17288666315307,False
816.6000000001171,29.643249133548608,29.643249133548608,0.3567508664513923,0.7136993669494132,12.459983541656573,13.173682908605986,False
817.1000000001172,29.643742808357498,29.643742808357498,0.35625719164250214,0.712711743843677,12.461766308365762,13.17447805220944,False
817.6000000001173,29.644235800014304,29.644235800014304,0.3557641999856962,0.7117254874205727,12.463546608067588,13.175272095488161,False
818.1000000001175,29.644728109464385,29.644728109464385,0.35527189053561514,0.710740595788856,12.465324444175922,13.176065039964778,False
818.6000000001176,29.645219737651793,29.645219737651793,0.35478026234820703,0.7097570670598898,12.467099820099909,13.176856887159799,False
819.1000000001177,29.64571068551928,29.64571068551928,0.3542893144807202,0.7087748993476666,12.468872739243976,13.177647638591642,False
819.6000000001178,29.646200954008286,29.646200954008286,0.35379904599171397,0.7077940907687648,12.470643205007837,13.178437295776602,False
820.1000000001179,29.646690544058952,29.646690544058952,0.3533094559410479,0.706814639442392,12.47241122078651,13.179225860228902,False
820.600000000118,29.64717945661011,29.64717945661011,0.352820543389889,0.7058365434903635,12.4741767899703,13.180013333460664,False
821.1000000001181,29.647667692599317,29.647667692599317,0.3523323074006832,0.7048598010370526,12.475939915944833,13.180799716981886,False
821.6000000001183,29.6481552529628,29.6481552529628,0.3518447470372017,0.7038844102094757,12.477700602091046,13.181585012300522,False
822.1000000001184,29.648642138635505,29.648642138635505,0.35135786136449454,0.7029103691372143,12.479458851785198,13.182369220922412,False
822.6000000001185,29.649128350551095,29.649128350551095,0.35087164944890503,0.7019376759524505,12.481214668398874,13.183152344351324,False
823.1000000001186,29.649613889641916,29.649613889641916,0.35038611035808387,0.7009663287899528,12.482968055298993,13.183934384088946,False
823.6000000001187,29.650098756839043,29.650098756839043,0.34990124316095716,0.6999963257870689,12.484719015847817,13.184715341634886,False
824.1000000001188,29.650582953072263,29.650582953072263,0.3494170469277371,0.6990276650837117,12.486467553402957,13.185495218486668,False
824.6000000001189,29.651066479270067,29.651066479270067,0.34893352072993267,0.6980603448223661,12.48821367131737,13.186274016139736,False
825.100000000119,29.651549336359665,29.651549336359665,0.3484506636403353,0.6970943631481248,12.48995737293938,13.187051736087504,False
825.6000000001192,29.65203152526698,29.65203152526698,0.34796847473301895,0.6961297182086028,12.491698661612679,13.187828379821282,False
826.1000000001193,29.65251304691666,29.65251304691666,0.3474869530833402,0.6951664081540088,12.493437540676325,13.188603948830334,False
826.6000000001194,29.65299390223207,29.65299390223207,0.347006097767931,0.6942044311371021,12.495174013464762,13.189378444601864,False
827.1000000001195,29.653474092135294,29.653474092135294,0.34652590786470583,0.6932437853131859,12.496908083307813,13.190151868621,False
827.6000000001196,29.65395361754715,29.65395361754715,0.346046382452851,0.6922844688401355,12.498639753530702,13.190924222370837,False
828.1000000001197,29.65443247938717,29.65443247938717,0.34556752061282836,0.6913264798783629,12.50036902745404,13.191695507332403,False
828.6000000001198,29.654910678573625,29.654910678573625,0.34508932142637505,0.690369816590831,12.502095908393853,13.192465724984684,False
829.10000000012,29.6553882160235,29.6553882160235,0.34461178397650016,0.6894144771430462,12.503820399661578,13.193234876804624,False
829.6000000001201,29.65586509265253,29.65586509265253,0.34413490734747043,0.6884604597030375,12.505542504564055,13.194002964267092,False
830.1000000001202,29.656341309375158,29.656341309375158,0.3436586906248422,0.6875077624414132,12.507262226403567,13.19476998884498,False
830.6000000001203,29.656816867104588,29.656816867104588,0.3431831328954118,0.6865563835312614,12.508979568477816,13.195535952009077,False
831.1000000001204,29.65729176675274,29.65729176675274,0.3427082332472615,0.6856063211482422,12.51069453407995,13.196300855228191,False
831.6000000001205,29.657766009230286,29.657766009230286,0.3422339907697136,0.6846575734704885,12.512407126498543,13.197064699969031,False
832.1000000001206,29.65823959544663,29.65823959544663,0.3417604045533693,0.6837101386786983,12.514117349017639,13.197827487696337,False
832.6000000001208,29.65871252630992,29.65871252630992,0.3412874736900804,0.682764014956085,12.51582520491672,13.198589219872805,False
833.1000000001209,29.659184802727044,29.659184802727044,0.3408151972729563,0.6818192004883556,12.517530697470741,13.199349897959097,False
833.600000000121,29.65965642560364,29.65965642560364,0.34034357439636054,0.680875693463733,12.51923382995012,13.200109523413852,False
834.1000000001211,29.660127395844082,29.660127395844082,0.3398726041559179,0.6799334920729692,12.520934605620749,13.200868097693718,False
834.6000000001212,29.660597714351507,29.660597714351507,0.33940228564849306,0.678992594509289,12.522633027744,13.201625622253289,False
835.1000000001213,29.661067382027795,29.661067382027795,0.33893261797220475,0.6780529989684396,12.52432909957674,13.20238209854518,False
835.6000000001214,29.66153639977358,29.66153639977358,0.33846360022641875,0.6771147036486482,12.526022824371317,13.203137528019965,False
836.1000000001216,29.66200476848825,29.66200476848825,0.33799523151175137,0.67617770675065,12.527714205375585,13.203891912126235,False
836.6000000001217,29.662472489069938,29.662472489069938,0.3375275109300624,0.6752420064776601,12.529403245832908,13.204645252310568,False
837.1000000001218,29.662939562415552,29.662939562415552,0.3370604375844479,0.6743076010353874,12.531089948982151,13.205397550017539,False
837.6000000001219,29.663405989420745,29.663405989420745,0.33659401057925464,0.673374488632021,12.532774318057706,13.206148806689727,False
838.100000000122,29.663871770979934,29.663871770979934,0.33612822902006556,0.6724426674782293,12.534456356289486,13.206899023767715,False
838.6000000001221,29.664336907986296,29.664336907986296,0.3356630920137036,0.671512135787161,12.536136066902932,13.207648202690093,False
839.1000000001222,29.664801401331783,29.664801401331783,0.33519859866821733,0.6705828917744299,12.537813453119025,13.208396344893455,False
839.6000000001223,29.6652652519071,29.6652652519071,0.3347347480928988,0.6696549336581228,12.539488518154288,13.20914345181241,False
840.1000000001225,29.665728460601724,29.665728460601724,0.3342715393982765,0.6687282596587991,12.541161265220788,13.209889524879587,False
840.6000000001226,29.666191028303903,29.666191028303903,0.33380897169609725,0.6678028679994625,12.542831697526156,13.210634565525618,False
841.1000000001227,29.666652955900652,29.666652955900652,0.333347044099348,0.6668787569055965,12.544499818273575,13.211378575179172,False
841.6000000001228,29.667114244277762,29.667114244277762,0.3328857557222378,0.6659559246051288,12.546165630661807,13.212121555266936,False
842.1000000001229,29.667574894319788,29.667574894319788,0.3324251056802119,0.6650343693284597,12.547829137885175,13.212863507213635,False
842.600000000123,29.668034906910076,29.668034906910076,0.3319650930899236,0.6641140893084057,12.549490343133593,13.213604432441999,False
843.1000000001231,29.668494282930745,29.668494282930745,0.33150571706925547,0.6631950827802413,12.55114924959255,13.214344332372791,False
843.6000000001233,29.668953023262688,29.668953023262688,0.3310469767373121,0.6622773479816928,12.552805860443131,13.215083208424824,False
844.1000000001234,29.66941112878558,29.66941112878558,0.33058887121442027,0.6613608831529163,12.554460178862026,13.215821062014943,False
844.6000000001235,29.669868600377885,29.669868600377885,0.3301313996221147,0.6604456865365051,12.556112208021517,13.216557894558022,False
845.1000000001236,29.670325438916844,29.670325438916844,0.32967456108315574,0.659531756377497,12.557761951089502,13.217293707466998,False
845.6000000001237,29.670781645278492,29.670781645278492,0.3292183547215082,0.6586190909233238,12.559409411229499,13.218028502152823,False
846.1000000001238,29.671237220337634,29.671237220337634,0.328762779662366,0.6577076884238906,12.56105459160064,13.218762280024531,False
846.6000000001239,29.67169216496789,29.67169216496789,0.3283078350321098,0.6567975471314824,12.562697495357696,13.219495042489179,False
847.100000000124,29.672146480041654,29.672146480041654,0.3278535199583459,0.6558886653008287,12.564338125651059,13.220226790951887,False
847.6000000001242,29.67260016643012,29.67260016643012,0.32739983356988134,0.6549810411890533,12.565976485626775,13.220957526815829,False
848.1000000001243,29.673053225003258,29.673053225003258,0.32694677499674185,0.6540746730557245,12.567612578426527,13.221687251482251,False
848.6000000001244,29.673505656629864,29.673505656629864,0.32649434337013616,0.6531695591627908,12.569246407187652,13.222415966350443,False
849.1000000001245,29.673957462177516,29.673957462177516,0.3260425378224845,0.6522656977746024,12.57087797504315,13.223143672817752,False
849.6000000001246,29.674408642512585,29.674408642512585,0.32559135748741497,0.6513630871579394,12.57250728512168,13.22387037227962,False
850.1000000001247,29.674859198500258,29.674859198500258,0.32514080149974234,0.6504617255819483,12.574134340547573,13.224596066129521,False
850.6000000001249,29.675309131004504,29.675309131004504,0.3246908689954964,0.6495616113182052,12.575759144440843,13.225320755759048,False
851.100000000125,29.67575844088812,29.67575844088812,0.32424155911187924,0.6486627426406528,12.577381699917177,13.22604444255783,False
851.6000000001251,29.676207129012703,29.676207129012703,0.3237928709872975,0.6477651178256139,12.579002010087956,13.22676712791357,False
852.1000000001252,29.676655196238638,29.676655196238638,0.323344803761362,0.6468687351518341,12.580620078060257,13.22748881321209,False
852.6000000001253,29.677102643425147,29.677102643425147,0.3228973565748525,0.645973592900404,12.582235906936846,13.22820949983725,False
853.1000000001254,29.677549471430243,29.677549471430243,0.32245052856975676,0.6450796893548159,12.58384949981621,13.228929189171026,False
853.6000000001255,29.67799568111076,29.67799568111076,0.3220043188892383,0.6441870228009279,12.585460859792539,13.229647882593467,False
854.1000000001256,29.678441273322353,29.678441273322353,0.3215587266776474,0.6432955915269645,12.587069989955742,13.230365581482706,False
854.6000000001258,29.678886248919472,29.678886248919472,0.321113751080528,0.6424053938235375,12.58867689339146,13.231082287214997,False
855.1000000001259,29.679330608755407,29.679330608755407,0.3206693912445928,0.6415164279836034,12.590281573181056,13.231798001164659,False
855.600000000126,29.679774353682255,29.679774353682255,0.32022564631774486,0.6406286923024993,12.591884032401632,13.232512724704131,False
856.1000000001261,29.680217484550933,29.680217484550933,0.31978251544906655,0.6397421850779068,12.593484274126029,13.233226459203935,False
856.6000000001262,29.680660002211187,29.680660002211187,0.3193399977888127,0.6388569046098738,12.59508230142284,13.233939206032714,False
857.1000000001263,29.68110190751158,29.68110190751158,0.31889809248842127,0.637972849200807,12.596678117356408,13.234650966557215,False
857.6000000001264,29.681543201299515,29.681543201299515,0.3184567987004847,0.6370900171554226,12.598271724986839,13.235361742142262,False
858.1000000001266,29.681983884421204,29.681983884421204,0.3180161155787964,0.636208406780824,12.599863127370002,13.236071534150826,False
858.6000000001267,29.682423957721692,29.682423957721692,0.3175760422783078,0.6353280163864667,12.601452327557533,13.236780343944,False
859.1000000001268,29.68286342204487,29.68286342204487,0.31713657795512873,0.6344488442840941,12.603039328596855,13.23748817288095,False
859.6000000001269,29.68330227823344,29.68330227823344,0.31669772176655897,0.6335708887878297,12.60462413353117,13.238195022319,False
860.100000000127,29.683740527128954,29.683740527128954,0.31625947287104594,0.6326941482141208,12.606206745399462,13.238900893613582,False
860.6000000001271,29.684178169571787,29.684178169571787,0.315821830428213,0.6318186208817309,12.607787167236516,13.239605788118247,False
861.1000000001272,29.68461520640116,29.68461520640116,0.31538479359884164,0.6309443051117682,12.609365402072923,13.240309707184691,False
861.6000000001274,29.68505163845513,29.68505163845513,0.3149483615448716,0.6300711992276433,12.610941452935068,13.241012652162711,False
862.1000000001275,29.685487466570592,29.685487466570592,0.3145125334294079,0.6291993015551043,12.612515322845152,13.241714624400256,False
862.6000000001276,29.685922691583283,29.685922691583283,0.3140773084167172,0.6283286104222228,12.614087014821203,13.242415625243426,False
863.1000000001277,29.686357314327793,29.686357314327793,0.31364268567220677,0.6274591241593512,12.615656531877056,13.243115656036407,False
863.6000000001278,29.68679133563754,29.68679133563754,0.31320866436245964,0.626590841099187,12.617223877022388,13.243814718121575,False
864.1000000001279,29.6872247563448,29.6872247563448,0.3127752436551994,0.6257237595767293,12.618789053262713,13.244512812839442,False
864.600000000128,29.687657577280703,29.687657577280703,0.312342422719297,0.6248578779292444,12.620352063599375,13.24520994152862,False
865.1000000001281,29.68808979927521,29.68808979927521,0.3119102007247889,0.6239931944963573,12.621912911029572,13.245906105525929,False
865.6000000001283,29.68852142315715,29.68852142315715,0.3114785768428483,0.6231297076199525,12.623471598546352,13.246601306166305,False
866.1000000001284,29.6889524497542,29.6889524497542,0.31104755024579944,0.6222674156442167,12.625028129138625,13.247295544782842,False
866.6000000001285,29.68938287989289,29.68938287989289,0.3106171201071106,0.6214063169156319,12.62658250579116,13.247988822706791,False
867.1000000001286,29.689812714398602,29.689812714398602,0.31018728560139763,0.6205464097829676,12.628134731484595,13.248681141267562,False
867.6000000001287,29.690241954095587,29.690241954095587,0.30975804590441314,0.6196876925972745,12.62968480919545,13.249372501792724,False
868.1000000001288,29.690670599806946,29.690670599806946,0.30932940019305377,0.6188301637118911,12.63123274189612,13.250062905608011,False
868.600000000129,29.69109865235465,29.69109865235465,0.3089013476453495,0.6179738214824297,12.632778532554887,13.250752354037317,False
869.1000000001291,29.691526112559522,29.691526112559522,0.30847388744047777,0.6171186642667763,12.634322184135934,13.25144084840271,False
869.6000000001292,29.691952981241254,29.691952981241254,0.30804701875874585,0.6162646904250977,12.635863699599325,13.252128390024422,False
870.1000000001293,29.692379259218402,29.692379259218402,0.30762074078159785,0.6154118983198273,12.637403081901045,13.252814980220872,False
870.6000000001294,29.692804947308392,29.692804947308392,0.30719505269160763,0.6145602863156654,12.638940333992982,13.253500620308648,False
871.1000000001295,29.69323004632752,29.69323004632752,0.30676995367247883,0.6137098527795573,12.640475458822937,13.254185311602495,False
871.6000000001296,29.69365455709095,29.69365455709095,0.3063454429090484,0.6128605960807363,12.642008459334631,13.254869055415368,False
872.1000000001297,29.69407848041272,29.69407848041272,0.30592151958727953,0.6120125145906741,12.643539338467718,13.255551853058392,False
872.6000000001299,29.694501817105728,29.694501817105728,0.3054981828942722,0.6111656066831088,12.645068099157777,13.256233705840886,False
873.10000000013,29.69492456798177,29.69492456798177,0.3050754320182314,0.610319870734017,12.646594744336333,13.25691461507035,False
873.6000000001301,29.695346733851498,29.695346733851498,0.3046532661485024,0.6094753051216344,12.648119276930842,13.257594582052477,False
874.1000000001302,29.695768315524457,29.695768315524457,0.3042316844755426,0.6086319082264282,12.649641699864723,13.258273608091152,False
874.6000000001303,29.696189313809068,29.696189313809068,0.303810686190932,0.6077896784311037,12.651162016057338,13.258951694488442,False
875.1000000001304,29.696609729512634,29.696609729512634,0.3033902704873661,0.6069486141206184,12.652680228424016,13.259628842544634,False
875.6000000001305,29.697029563441333,29.697029563441333,0.30297043655866673,0.6061087136821541,12.654196339876046,13.2603050535582,False
876.1000000001306,29.69744881640023,29.69744881640023,0.3025511835997712,0.6052699755051449,12.655710353320693,13.260980328825838,False
876.6000000001308,29.69786748919328,29.69786748919328,0.30213251080672165,0.6044323979812347,12.6572222716612,13.261654669642434,False
877.1000000001309,29.698285582623317,29.698285582623317,0.30171441737668303,0.6035959795042984,12.658732097796786,13.262328077301085,False
877.600000000131,29.698703097492082,29.698703097492082,0.30129690250791796,0.602760718470428,12.660239834622667,13.263000553093095,False
878.1000000001311,29.699120034600195,29.699120034600195,0.30087996539980466,0.6019266132779322,12.661745485030044,13.263672098307977,False
878.6000000001312,29.69953639474716,29.69953639474716,0.30046360525284044,0.601093662327365,12.663249051906126,13.264342714233491,False
879.1000000001313,29.69995217873139,29.69995217873139,0.30004782126860974,0.6002618640214479,12.664750538134115,13.265012402155563,False
879.6000000001314,29.700367387350184,29.700367387350184,0.2996326126498161,0.5994312167651472,12.666249946593233,13.26568116335838,False
880.1000000001316,29.700782021399736,29.700782021399736,0.29921797860026444,0.5986017189656323,12.667747280158713,13.266348999124345,False
880.6000000001317,29.701196081675146,29.701196081675146,0.29880391832485387,0.5977733690322609,12.669242541701813,13.267015910734074,False
881.1000000001318,29.701609568970408,29.701609568970408,0.29839043102959195,0.5969461653766146,12.670735734089813,13.267681899466428,False
881.6000000001319,29.70202248407842,29.70202248407842,0.2979775159215805,0.5961201064124495,12.67222686018603,13.268346966598479,False
882.100000000132,29.70243482779098,29.70243482779098,0.2975651722090191,0.5952951905557313,12.673715922849812,13.269011113405544,False
882.6000000001321,29.70284660089879,29.70284660089879,0.29715339910120875,0.5944714162246143,12.67520292493656,13.269674341161174,False
883.1000000001322,29.703257804191466,29.703257804191466,0.2967421958085339,0.5936487818394482,12.676687869297712,13.27033665113716,False
883.6000000001324,29.70366843845752,29.70366843845752,0.2963315615424804,0.5928272858227501,12.678170758780768,13.270998044603518,False
884.1000000001325,29.704078504484375,29.704078504484375,0.29592149551562485,0.5920069265992396,12.67965159622929,13.27165852282853,False
884.6000000001326,29.704488003058376,29.704488003058376,0.2955119969416238,0.5911877025958034,12.681130384482893,13.272318087078697,False
885.1000000001327,29.70489693496477,29.70489693496477,0.29510306503523154,0.5903696122415099,12.68260712637728,13.27297673861879,False
885.6000000001328,29.705305300987707,29.705305300987707,0.29469469901229317,0.5895526539676155,12.684081824744212,13.273634478711827,False
886.1000000001329,29.705713101910277,29.705713101910277,0.2942868980897231,0.5887368262075157,12.685554482411545,13.27429130861906,False
886.600000000133,29.706120338514467,29.706120338514467,0.29387966148553346,0.5879221273968014,12.687025102203213,13.274947229600015,False
887.1000000001332,29.706527011581187,29.706527011581187,0.293472988418813,0.5871085559732165,12.688493686939248,13.275602242912464,False
887.6000000001333,29.706933121890266,29.706933121890266,0.29306687810973386,0.5862961103766651,12.689960239435779,13.276256349812444,False
888.1000000001334,29.70733867022046,29.70733867022046,0.2926613297795413,0.5854847890492252,12.691424762505033,13.276909551554258,False
888.6000000001335,29.70774365734943,29.70774365734943,0.2922563426505711,0.5846745904351209,12.692887258955349,13.27756184939047,False
889.1000000001336,29.708148084053782,29.708148084053782,0.29185191594621784,0.5838655129807151,12.694347731591177,13.278213244571893,False
889.6000000001337,29.708551951109037,29.708551951109037,0.2914480488909632,0.5830575551345518,12.695806183213094,13.278863738347646,False
890.1000000001338,29.70895525928964,29.70895525928964,0.29104474071035824,0.5822507153472856,12.697262616617792,13.279513331965077,False
890.600000000134,29.709358009368973,29.709358009368973,0.2906419906310269,0.5814449920717522,12.698717034598099,13.280162026669851,False
891.1000000001341,29.709760202119337,29.709760202119337,0.29023979788066256,0.5806403837629048,12.700169439942979,13.280809823705884,False
891.6000000001342,29.71016183831198,29.71016183831198,0.2898381616880208,0.5798368888778285,12.701619835437528,13.281456724315357,False
892.1000000001343,29.710562918717056,29.710562918717056,0.2894370812829443,0.5790345058757751,12.703068223862997,13.282102729738773,False
892.6000000001344,29.710963444103683,29.710963444103683,0.2890365558963168,0.5782332332180928,12.704514607996785,13.282747841214878,False
893.1000000001345,29.7113634152399,29.7113634152399,0.28863658476009846,0.5774330693682757,12.705958990612448,13.283392059980724,False
893.6000000001346,29.711762832892685,29.711762832892685,0.2882371671073152,0.5766340127919563,12.707401374479703,13.28403538727166,False
894.1000000001347,29.712161697827955,29.712161697827955,0.28783830217204454,0.5758360619568492,12.708841762364436,13.284677824321285,False
894.6000000001349,29.712560010810567,29.712560010810567,0.2874399891894335,0.5750392153328434,12.710280157028704,13.285319372361547,False
895.100000000135,29.712957772604316,29.712957772604316,0.2870422273956841,0.5742434713919025,12.711716561230743,13.285960032622645,False
895.6000000001351,29.713354983971943,29.713354983971943,0.28664501602805714,0.5734488286081358,12.713150977724968,13.286599806333104,False
896.1000000001352,29.713751645675135,29.713751645675135,0.28624835432486506,0.5726552854577491,12.714583409261989,13.287238694719738,False
896.6000000001353,29.71414775847452,29.71414775847452,0.28585224152547895,0.5718628404190582,12.716013858588607,13.287876699007665,False
897.1000000001354,29.714543323129686,29.714543323129686,0.2854566768703144,0.571071491972468,12.717442328447817,13.288513820420285,False
897.6000000001355,29.714938340399154,29.714938340399154,0.28506165960084573,0.5702812386005149,12.718868821578829,13.289150060179344,False
898.1000000001357,29.71533281104041,29.71533281104041,0.28466718895959175,0.5694920787878175,12.72029334071705,13.289785419504868,False
898.6000000001358,29.715726735809874,29.715726735809874,0.28427326419012644,0.5687040110210972,12.721715888594114,13.29041989961521,False
899.1000000001359,29.71612011546293,29.71612011546293,0.28387988453706825,0.567917033789179,12.723136467937861,13.29105350172704,False
899.600000000136,29.716512950753927,29.716512950753927,0.28348704924607304,0.5671311455829624,12.72455508147237,13.291686227055333,False
900.1000000001361,29.71690524243615,29.71690524243615,0.2830947575638483,0.5663463448954289,12.725971731917944,13.292318076813373,False
900.6000000001362,29.717296991261858,29.717296991261858,0.28270300873814236,0.5655626302216703,12.72738642199112,13.29294905221279,False
901.1000000001363,29.71768819798225,29.71768819798225,0.28231180201775175,0.5647800000588603,12.728799154404681,13.293579154463542,False
901.6000000001364,29.718078863347497,29.718078863347497,0.2819211366525032,0.5639984529062332,12.730209931867648,13.294208384773881,False
902.1000000001366,29.718468988106743,29.718468988106743,0.28153101189325724,0.563217987265098,12.7316187570853,13.294836744350398,False
902.6000000001367,29.718858573008077,29.718858573008077,0.28114142699192257,0.5624386016388598,12.733025632759167,13.295464234398027,False
903.1000000001368,29.71924761879857,29.71924761879857,0.280752381201431,0.5616602945329703,12.734430561587054,13.296090856120024,False
903.6000000001369,29.719636126224238,29.719636126224238,0.28036387377576233,0.5608830644549698,12.735833546263013,13.296716610717983,False
904.100000000137,29.720024096030077,29.720024096030077,0.2799759039699232,0.5601069099144595,12.737234589477382,13.297341499391841,False
904.6000000001371,29.720411528960057,29.720411528960057,0.27958847103994344,0.559331829423094,12.738633693916773,13.297965523339867,False
905.1000000001372,29.72079842575711,29.72079842575711,0.27920157424289016,0.5585578214945883,12.740030862264073,13.29858868375866,False
905.6000000001374,29.721184787163143,29.721184787163143,0.2788152128368573,0.5577848846447182,12.741426097198467,13.299210981843185,False
906.1000000001375,29.72157061391903,29.72157061391903,0.278429386080969,0.557013017391327,12.74281940139543,13.299832418786757,False
906.6000000001376,29.721955906764634,29.721955906764634,0.2780440932353656,0.5562422182542832,12.744210777526726,13.30045299578101,False
907.1000000001377,29.722340666438775,29.722340666438775,0.27765933356122474,0.55547248575553,12.745600228260434,13.301072714015964,False
907.6000000001378,29.72272489367927,29.72272489367927,0.2772751063207295,0.5547038184190356,12.746987756260935,13.301691574679971,False
908.1000000001379,29.723108589222903,29.723108589222903,0.2768914107770968,0.5539362147708147,12.74837336418892,13.302309578959735,False
908.600000000138,29.723491753805444,29.723491753805444,0.27650824619455605,0.5531696733389211,12.749757054701401,13.302926728040323,False
909.1000000001382,29.723874388161644,29.723874388161644,0.2761256118383564,0.5524041926534409,12.751138830451717,13.303543023105158,False
909.6000000001383,29.72425649302523,29.72425649302523,0.27574350697477,0.5516397712465277,12.75251869408953,13.304158465336057,False
910.1000000001384,29.724638069128922,29.724638069128922,0.2753619308710782,0.5508764076523249,12.753896648260836,13.304773055913161,False
910.6000000001385,29.725019117204422,29.725019117204422,0.2749808827955782,0.550114100407022,12.755272695607976,13.305386796014998,False
911.1000000001386,29.725399637982424,29.725399637982424,0.2746003620175763,0.5493528480488337,12.756646838769626,13.30599968681846,False
911.6000000001387,29.7257796321926,29.7257796321926,0.27422036780739845,0.5485926491179995,12.758019080380812,13.306611729498812,False
912.1000000001388,29.726159100563628,29.726159100563628,0.27384089943637235,0.5478335021567773,12.759389423072918,13.307222925229695,False
912.600000000139,29.726538043823165,29.726538043823165,0.2734619561768348,0.5470754057094354,12.760757869473679,13.307833275183114,False
913.1000000001391,29.72691646269787,29.72691646269787,0.2730835373021314,0.5463183583222602,12.762124422207206,13.308442780529466,False
913.6000000001392,29.727294357913387,29.727294357913387,0.2727056420866134,0.5455623585435561,12.763489083893967,13.309051442437523,False
914.1000000001393,29.727671730194366,29.727671730194366,0.27232826980563374,0.5448074049236311,12.76485185715081,13.30965926207444,False
914.6000000001394,29.72804858026445,29.72804858026445,0.2719514197355508,0.54405349601479,12.766212744590955,13.310266240605745,False
915.1000000001395,29.728424908846268,29.728424908846268,0.271575091153732,0.5433006303713768,12.767571748824018,13.310872379195395,False
915.6000000001396,29.72880071666147,29.72880071666147,0.27119928333852883,0.5425488065496893,12.768928872455993,13.311477679005682,False
916.1000000001397,29.7291760044307,29.7291760044307,0.2708239955693017,0.5417980231080506,12.770284118089272,13.312082141197322,False
916.6000000001399,29.729550772873598,29.729550772873598,0.2704492271264023,0.5410482786067732,12.771637488322645,13.312685766929418,False
917.10000000014,29.729925022708812,29.729925022708812,0.2700749772911877,0.5402995716081591,12.772988985751304,13.313288557359463,False
917.6000000001401,29.730298754654,29.730298754654,0.26970124534599904,0.5395519006764999,12.774338612966854,13.313890513643354,False
918.1000000001402,29.730671969425824,29.730671969425824,0.26932803057417587,0.5388052643780767,12.775686372557312,13.314491636935388,False
918.6000000001403,29.73104466773995,29.73104466773995,0.26895533226004886,0.538059661281153,12.777032267107113,13.315091928388266,False
919.1000000001404,29.73141685031106,29.73141685031106,0.2685831496889399,0.5373150899559818,12.778376299197117,13.315691389153098,False
919.6000000001405,29.73178851785285,29.73178851785285,0.2682114821471515,0.53657154897477,12.779718471404609,13.316290020379379,False
920.1000000001407,29.732159671078012,29.732159671078012,0.26784032892198795,0.5358290369117356,12.78105878630331,13.316887823215046,False
920.6000000001408,29.732530310698262,29.732530310698262,0.26746968930173765,0.5350875523430503,12.782397246463379,13.31748479880643,False
921.1000000001409,29.73290043742434,29.73290043742434,0.2670995625756589,0.5343470938468471,12.783733854451421,13.318080948298268,False
921.600000000141,29.733270051965995,29.733270051965995,0.26672994803400485,0.5336076600032342,12.785068612830486,13.31867627283372,False
922.1000000001411,29.73363915503198,29.73363915503198,0.2663608449680197,0.5328692493943024,12.786401524160077,13.31927077355438,False
922.6000000001412,29.734007747330093,29.734007747330093,0.265992252669907,0.5321318606040819,12.787732590996157,13.319864451600239,False
923.1000000001413,29.734375829567128,29.734375829567128,0.2656241704328721,0.5313954922185786,12.789061815891149,13.320457308109727,False
923.6000000001414,29.73474340244892,29.73474340244892,0.26525659755107966,0.5306601428257309,12.79038920139395,13.32104934421968,False
924.1000000001416,29.73511046668032,29.73511046668032,0.26488953331967835,0.5299258110154526,12.791714750049925,13.321640561065378,False
924.6000000001417,29.735477022965203,29.735477022965203,0.26452297703479744,0.5291924953796112,12.793038464400915,13.322230959780526,False
925.1000000001418,29.735843072006464,29.735843072006464,0.2641569279935361,0.5284601945120144,12.79436034698525,13.322820541497265,False
925.6000000001419,29.736208614506044,29.736208614506044,0.2637913854939562,0.5277289070083953,12.795680400337744,13.32340930734614,False
926.100000000142,29.73657365116489,29.73657365116489,0.26342634883511096,0.5269986314664692,12.796998626989701,13.32399725845617,False
926.6000000001421,29.736938182682994,29.736938182682994,0.2630618173170056,0.5262693664858702,12.798315029468924,13.324584395954794,False
927.1000000001422,29.737302209759367,29.737302209759367,0.2626977902406331,0.5255411106681791,12.799629610299723,13.325170720967902,False
927.6000000001424,29.737665733092072,29.737665733092072,0.2623342669079278,0.5248138626168952,12.800942372002906,13.325756234619801,False
928.1000000001425,29.738028753378185,29.738028753378185,0.26197124662181537,0.524087620937479,12.802253317095795,13.326340938033274,False
928.6000000001426,29.73839127131383,29.73839127131383,0.2616087286861699,0.5233623842372879,12.803562448092233,13.32692483232952,False
929.1000000001427,29.738753287594164,29.738753287594164,0.2612467124058355,0.5226381511256264,12.804869767502579,13.327507918628205,False
929.6000000001428,29.739114802913384,29.739114802913384,0.2608851970866155,0.5219149202137174,12.806175277833722,13.32809019804744,False
930.1000000001429,29.73947581796472,29.73947581796472,0.2605241820352795,0.5211926901147166,12.807478981589085,13.328671671703802,False
930.600000000143,29.739836333440458,29.739836333440458,0.26016366655954215,0.5204714594436766,12.808780881268621,13.329252340712298,False
931.1000000001432,29.740196350031905,29.740196350031905,0.25980364996809513,0.5197512268175828,12.81008097936882,13.329832206186403,False
931.6000000001433,29.74055586842942,29.74055586842942,0.25944413157057866,0.5190319908553462,12.811379278382727,13.330411269238073,False
932.1000000001434,29.740914889322422,29.740914889322422,0.259085110677578,0.5183137501777537,12.81267578079993,13.330989530977684,False
932.6000000001435,29.74127341339935,29.74127341339935,0.2587265866006483,0.5175965034075247,12.813970489106579,13.331566992514103,False
933.1000000001436,29.74163144134771,29.74163144134771,0.2583685586522897,0.5168802491692901,12.81526340578537,13.33214365495466,False
933.6000000001437,29.741988973854042,29.741988973854042,0.25801102614595806,0.5161649860895707,12.816554533315578,13.332719519405149,False
934.1000000001438,29.74234601160395,29.74234601160395,0.2576539883960507,0.5154507127967918,12.817843874173043,13.333294586969835,False
934.600000000144,29.742702555282076,29.742702555282076,0.25729744471792415,0.5147374279212755,12.819131430830176,13.333868858751451,False
935.1000000001441,29.74305860557213,29.74305860557213,0.25694139442786934,0.5140251300952414,12.82041720575597,13.334442335851211,False
935.6000000001442,29.74341416315686,29.74341416315686,0.25658583684313996,0.513313817952799,12.82170120141599,13.33501501936879,False
936.1000000001443,29.74376922871808,29.74376922871808,0.2562307712819205,0.5126034901299548,12.82298342027241,13.335586910402364,False
936.6000000001444,29.744123802936652,29.744123802936652,0.25587619706334763,0.5118941452645984,12.824263864783982,13.33615801004858,False
937.1000000001445,29.744477886492508,29.744477886492508,0.2555221135074923,0.5111857819965024,12.82554253740606,13.336728319402562,False
937.6000000001446,29.744831480064626,29.744831480064626,0.25516851993537415,0.5104783989673152,12.826819440590594,13.337297839557909,False
938.1000000001447,29.745184584331053,29.745184584331053,0.25481541566894705,0.5097719948205821,12.828094576786153,13.337866571606735,False
938.6000000001449,29.74553719996889,29.74553719996889,0.25446280003111,0.5090665682017175,12.829367948437906,13.338434516639623,False
939.100000000145,29.74588932765431,29.74588932765431,0.2541106723456892,0.5083621177580113,12.830639557987645,13.339001675745656,False
939.6000000001451,29.746240968062544,29.746240968062544,0.25375903193745586,0.5076586421386153,12.831909407873777,13.339568050012392,False
940.1000000001452,29.74659212186789,29.74659212186789,0.2534078781321085,0.5069561399945641,12.833177500531347,13.340133640525911,False
940.6000000001453,29.74694278974372,29.74694278974372,0.25305721025628003,0.5062546099787468,12.834443838392017,13.340698448370764,False
941.1000000001454,29.747292972362462,29.747292972362462,0.2527070276375376,0.5055540507459284,12.835708423884094,13.341262474630023,False
941.6000000001455,29.747642670395617,29.747642670395617,0.25235732960438284,0.5048544609527355,12.836971259432515,13.34182572038525,False
942.1000000001457,29.747991884513763,29.747991884513763,0.25200811548623747,0.504155839257642,12.838232347458868,13.34238818671651,False
942.6000000001458,29.748340615386542,29.748340615386542,0.2516593846134576,0.5034581843209907,12.839491690381388,13.342949874702379,False
943.1000000001459,29.748688863682677,29.748688863682677,0.25131113631732305,0.5027614948049717,12.840749290614966,13.343510785419937,False
943.600000000146,29.74903663006997,29.74903663006997,0.2509633699300302,0.5020657693736084,12.842005150571147,13.344070919944755,False
944.1000000001461,29.74938391521528,29.74938391521528,0.2506160847847205,0.501371006692807,12.843259272658145,13.344630279350952,False
944.6000000001462,29.749730719784548,29.749730719784548,0.25026928021545203,0.5006772054303141,12.844511659280831,13.345188864711146,False
945.1000000001463,29.75007704444281,29.75007704444281,0.2499229555571887,0.4999843642557025,12.845762312840762,13.345746677096464,False
945.6000000001465,29.75042288985417,29.75042288985417,0.24957711014582884,0.4992924818403921,12.84701123573616,13.346303717576552,False
946.1000000001466,29.750768256681816,29.750768256681816,0.24923174331818387,0.4986015568576363,12.84825843036193,13.346859987219567,False
946.6000000001467,29.75111314558801,29.75111314558801,0.24888685441198888,0.49791158798254287,12.849503899109672,13.347415487092215,False
947.1000000001468,29.751457557234108,29.751457557234108,0.248542442765892,0.4972225738920386,12.850747644367669,13.347970218259707,False
947.6000000001469,29.751801492280542,29.751801492280542,0.24819850771945795,0.4965345132648835,12.851989668520899,13.348524181785782,False
948.100000000147,29.752144951386843,29.752144951386843,0.24785504861315744,0.49584740478166367,12.853229973951038,13.349077378732702,False
948.6000000001471,29.752487935211615,29.752487935211615,0.24751206478838483,0.49516124712479836,12.854468563036473,13.349629810161272,False
949.1000000001472,29.752830444412563,29.752830444412563,0.24716955558743692,0.4944760389785188,12.855705438152297,13.350181477130816,False
949.6000000001474,29.75317247964647,29.75317247964647,0.24682752035353062,0.49379177902888927,12.856940601670308,13.350732380699197,False
950.1000000001475,29.75351404156922,29.75351404156922,0.2464859584307817,0.493108465963779,12.858174055959037,13.351282521922816,False
950.6000000001476,29.753855130835788,29.753855130835788,0.24614486916421185,0.4924260984728761,12.859405803383725,13.3518319018566,False
951.1000000001477,29.754195748100226,29.754195748100226,0.24580425189977362,0.49174467524771615,12.860635846306346,13.352380521554062,False
951.6000000001478,29.75453589401571,29.75453589401571,0.24546410598428992,0.4910641949815826,12.861864187085603,13.352928382067185,False
952.1000000001479,29.754875569234493,29.754875569234493,0.24512443076550738,0.4903846563696135,12.863090828076936,13.35347548444655,False
952.600000000148,29.755214774407925,29.755214774407925,0.24478522559207505,0.48970605810873735,12.86431577163253,13.354021829741267,False
953.1000000001482,29.755553510186463,29.755553510186463,0.24444648981353723,0.48902839889768757,12.865539020101306,13.354567418998993,False
953.6000000001483,29.755891777219656,29.755891777219656,0.24410822278034416,0.48835167743700936,12.866760575828938,13.355112253265947,False
954.1000000001484,29.756229576156155,29.756229576156155,0.24377042384384495,0.4876758924290314,12.867980441157856,13.355656333586888,False
954.6000000001485,29.75656690764373,29.75656690764373,0.24343309235626975,0.4870010425778659,12.86919861842725,13.356199661005116,False
955.1000000001486,29.756903772329224,29.756903772329224,0.243096227670776,0.4863271265894582,12.870415109973067,13.356742236562525,False
955.6000000001487,29.75724017085862,29.75724017085862,0.24275982914138083,0.48565414317149447,12.87162991812803,13.357284061299524,False
956.1000000001488,29.75757610387697,29.75757610387697,0.24242389612302873,0.4849820910335012,12.872843045221623,13.357825136255125,False
956.600000000149,29.757911572028465,29.757911572028465,0.24208842797153451,0.48431096888675285,12.874054493580118,13.358365462466871,False
957.1000000001491,29.758246575956385,29.758246575956385,0.24175342404361544,0.4836407754443215,12.875264265526557,13.358905040970878,False
957.6000000001492,29.75858111630313,29.75858111630313,0.2414188836968698,0.4829715094210627,12.87647236338078,13.359443872801842,False
958.1000000001493,29.75891519371021,29.75891519371021,0.24108480628979123,0.4823031695335942,12.8776787894594,13.359981958992995,False
958.6000000001494,29.759248808818242,29.759248808818242,0.24075119118175792,0.48163575450032425,12.87888354607584,13.360519300576165,False
959.1000000001495,29.75958196226696,29.75958196226696,0.24041803773303982,0.4809692630414304,12.880086635540318,13.361055898581748,False
959.6000000001496,29.759914654695212,29.759914654695212,0.24008534530478798,0.4803036938788736,12.881288060159848,13.361591754038722,False
960.1000000001497,29.76024688674097,29.76024688674097,0.23975311325903093,0.47963904573634863,12.882487822238254,13.362126867974602,False
960.6000000001499,29.7605786590413,29.7605786590413,0.2394213409586996,0.47897531733936916,12.883685924076175,13.362661241415545,False
961.10000000015,29.76090997223241,29.76090997223241,0.23909002776758825,0.4783125074151613,12.884882367971073,13.363194875386235,False
961.6000000001501,29.761240826949624,29.761240826949624,0.23875917305037575,0.4776506146927417,12.886077156217212,13.363727770909954,False
962.1000000001502,29.76157122382737,29.76157122382737,0.23842877617262914,0.4769896379028893,12.887270291105699,13.364259929008588,False
962.6000000001503,29.76190116349922,29.76190116349922,0.2380988365007788,0.4763295757781165,12.88846177492446,13.364791350702577,False
963.1000000001504,29.762230646597864,29.762230646597864,0.23776935340213612,0.475670427052691,12.889651609958266,13.365322037010957,False
963.6000000001505,29.7625596737551,29.7625596737551,0.23744032624490075,0.47501219046266385,12.890839798488715,13.365851988951379,False
964.1000000001507,29.762888245601868,29.762888245601868,0.23711175439813204,0.47435486474580557,12.892026342794248,13.366381207540053,False
964.6000000001508,29.763216362768233,29.763216362768233,0.23678363723176687,0.4736984486416418,12.893211245150157,13.366909693791799,False
965.1000000001509,29.763544025883384,29.763544025883384,0.23645597411661612,0.47304294089143895,12.89439450782859,13.367437448720029,False
965.600000000151,29.763871235575643,29.763871235575643,0.23612876442435748,0.4723883402382185,12.895576133098546,13.367964473336764,False
966.1000000001511,29.764197992472457,29.764197992472457,0.23580200752754266,0.4717346454267144,12.896756123225883,13.368490768652597,False
966.6000000001512,29.764524297200406,29.764524297200406,0.23547570279959373,0.4710818552034439,12.897934480473321,13.369016335676765,False
967.1000000001513,29.764850150385215,29.764850150385215,0.23514984961478547,0.47042996831660133,12.899111207100459,13.36954117541706,False
967.6000000001515,29.765175552651723,29.765175552651723,0.23482444734827723,0.4697789835161572,12.900286305363757,13.370065288879914,False
968.1000000001516,29.76550050462392,29.76550050462392,0.23449949537608106,0.46912889955379455,12.901459777516562,13.370588677070357,False
968.6000000001517,29.765825006924935,29.765825006924935,0.23417499307506517,0.46847971518290876,12.902631625809095,13.371111340992003,False
969.1000000001518,29.76614906017701,29.76614906017701,0.23385093982298955,0.4678314291586574,12.90380185248847,13.371633281647128,False
969.6000000001519,29.766472665001555,29.766472665001555,0.23352733499844547,0.46718404023789617,12.904970459798692,13.372154500036588,False
970.100000000152,29.766795822019102,29.766795822019102,0.2332041779808982,0.4665375471792075,12.906137449980655,13.372674997159862,False
970.6000000001521,29.767118531849334,29.767118531849334,0.23288146815066568,0.4658919487428861,12.907302825272145,13.373194774015031,False
971.1000000001522,29.76744079511107,29.76744079511107,0.23255920488892912,0.4652472436909463,12.908466587907869,13.373713831598815,False
971.6000000001524,29.767762612422278,29.767762612422278,0.2322373875777224,0.46460343078710764,12.909628740119436,13.374232170906543,False
972.1000000001525,29.768083984400064,29.768083984400064,0.23191601559993558,0.4639605087968235,12.910789284135356,13.37474979293218,False
972.6000000001526,29.76840491166069,29.76840491166069,0.23159508833931142,0.4633184764872311,12.91194822218107,13.375266698668302,False
973.1000000001527,29.76872539481955,29.76872539481955,0.23127460518044884,0.46267733262718025,12.913105556478929,13.375782889106109,False
973.6000000001528,29.769045434491208,29.769045434491208,0.23095456550879234,0.462037075987233,12.914261289248216,13.37629836523545,False
974.1000000001529,29.769365031289357,29.769365031289357,0.2306349687106426,0.4613977053396425,12.915415422705138,13.37681312804478,False
974.600000000153,29.769684185826854,29.769684185826854,0.23031581417314584,0.4607592194583603,12.916567959062837,13.377327178521197,False
975.1000000001532,29.7700028987157,29.7700028987157,0.22999710128430095,0.4601216171190501,12.91771890053139,13.37784051765044,False
975.6000000001533,29.770321170567048,29.770321170567048,0.22967882943295237,0.4594848970990597,12.918868249317818,13.378353146416877,False
976.1000000001534,29.77063900199122,29.77063900199122,0.2293609980087794,0.45884905817741384,12.920016007626087,13.3788650658035,False
976.6000000001535,29.77095639359768,29.77095639359768,0.22904360640232113,0.45821409913484246,12.921162177657113,13.379376276791955,False
977.1000000001536,29.771273345995045,29.771273345995045,0.22872665400495507,0.45758001875377374,12.922306761608768,13.379886780362542,False
977.6000000001537,29.7715898597911,29.7715898597911,0.2284101402089007,0.45694681581830565,12.923449761675881,13.380396577494187,False
978.1000000001538,29.771905935592784,29.771905935592784,0.22809406440721602,0.4563144891142201,12.924591180050248,13.380905669164468,False
978.600000000154,29.7722215740062,29.7722215740062,0.22777842599380094,0.455683037428976,12.925731018920624,13.3814140563496,False
979.1000000001541,29.772536775636606,29.772536775636606,0.22746322436339383,0.455052459551716,12.92686928047274,13.381921740024456,False
979.6000000001542,29.77285154108843,29.77285154108843,0.22714845891157154,0.45442275427326706,12.928005966889305,13.382428721162572,False
980.1000000001543,29.773165870965258,29.773165870965258,0.2268341290347422,0.45379392038610433,12.929141080350004,13.382935000736108,False
980.6000000001544,29.773479765869844,29.773479765869844,0.22652023413015598,0.4531659566843942,12.930274623031499,13.383440579715893,False
981.1000000001545,29.773793226404106,29.773793226404106,0.22620677359589436,0.45253886196396564,12.931406597107452,13.383945459071418,False
981.6000000001546,29.774106253169126,29.774106253169126,0.2258937468308737,0.4519126350223246,12.932537004748513,13.384449639770837,False
982.1000000001548,29.774418846765162,29.774418846765162,0.22558115323483818,0.4512872746586183,12.933665848122327,13.384953122780946,False
982.6000000001549,29.774731007791633,29.774731007791633,0.22526899220836683,0.45066277967367796,12.93479312939354,13.385455909067218,False
983.100000000155,29.775042736847134,29.775042736847134,0.22495726315286646,0.4500391488699904,12.935918850723802,13.385957999593792,False
983.6000000001551,29.775354034529432,29.775354034529432,0.22464596547056814,0.4494163810516696,12.937043014271774,13.386459395323444,False
984.1000000001552,29.775664901435466,29.775664901435466,0.22433509856453426,0.44879447502452763,12.938165622193122,13.38696009721765,False
984.6000000001553,29.77597533816134,29.77597533816134,0.22402466183865855,0.4481734295960109,12.93928667664054,13.387460106236551,False
985.1000000001554,29.776285345302348,29.776285345302348,0.22371465469765184,0.4475532435752214,12.940406179763736,13.387959423338957,False
985.6000000001555,29.77659492345295,29.77659492345295,0.22340507654704922,0.4469339157728882,12.941524133709445,13.388458049482333,False
986.1000000001557,29.77690407320679,29.77690407320679,0.22309592679321,0.4463154450014102,12.942640540621435,13.388955985622845,False
986.6000000001558,29.777212795156682,29.777212795156682,0.2227872048433177,0.44569783007482044,12.943755402640495,13.389453232715315,False
987.1000000001559,29.77752108989463,29.77752108989463,0.22247891010536947,0.44508106980878637,12.94486872190447,13.389949791713256,False
987.600000000156,29.77782895801181,29.77782895801181,0.22217104198819015,0.4444651630206309,12.945980500548231,13.390445663568862,False
988.1000000001561,29.77813640009858,29.77813640009858,0.22186359990141824,0.44385010852930407,12.947090740703704,13.390940849233008,False
988.6000000001562,29.778443416744498,29.778443416744498,0.2215565832555022,0.44323590515537603,12.94819944449986,13.391435349655236,False
989.1000000001563,29.77875000853828,29.77875000853828,0.2212499914617183,0.44262255172107245,12.949306614062728,13.3919291657838,False
989.6000000001565,29.779056176067844,29.779056176067844,0.2209438239321564,0.44201004705024616,12.950412251515388,13.392422298565634,False
990.1000000001566,29.779361919920287,29.779361919920287,0.22063808007971275,0.44139838996837,12.951516358977988,13.392914748946358,False
990.6000000001567,29.779667240681903,29.779667240681903,0.22033275931809726,0.44078757930253687,12.952618938567744,13.39340651787028,False
991.1000000001568,29.779972138938167,29.779972138938167,0.22002786106183336,0.4401776138814668,12.953719992398936,13.393897606280403,False
991.6000000001569,29.780276615273742,29.780276615273742,0.21972338472625808,0.439568492535507,12.954819522582921,13.394388015118428,False
992.100000000157,29.78058067027249,29.78058067027249,0.21941932972751133,0.43896021409662467,12.955917531228136,13.394877745324761,False
992.6000000001571,29.780884304517453,29.780884304517453,0.2191156954825466,0.43835277739839285,12.957014020440097,13.39536679783849,False
993.1000000001573,29.781187518590883,29.781187518590883,0.2188124814091168,0.4377461812759975,12.958108992321414,13.395855173597411,False
993.6000000001574,29.781490313074215,29.781490313074215,0.21850968692578476,0.4371404245662518,12.959202448971771,13.396342873538023,False
994.1000000001575,29.781792688548077,29.781792688548077,0.2182073114519234,0.4365355061075604,12.960294392487963,13.396829898595524,False
994.6000000001576,29.782094645592302,29.782094645592302,0.21790535440769787,0.4359314247399553,12.961384824963877,13.397316249703833,False
995.1000000001577,29.782396184785913,29.782396184785913,0.2176038152140869,0.43532817930505274,12.962473748490504,13.397801927795557,False
995.6000000001578,29.78269730670714,29.78269730670714,0.21730269329286145,0.43472576864608925,12.96356116515594,13.39828693380203,False
996.1000000001579,29.782998011933397,29.782998011933397,0.21700198806660254,0.43412419160789284,12.96464707704539,13.398771268653283,False
996.600000000158,29.78329830104132,29.78329830104132,0.21670169895867986,0.4335234470368974,12.965731486241175,13.399254933278073,False
997.1000000001582,29.783598174606734,29.783598174606734,0.21640182539326602,0.43292353378112125,12.966814394822736,13.399737928603857,False
997.6000000001583,29.783897633204674,29.783897633204674,0.2161023667953259,0.43232445069018155,12.967895804866638,13.40022025555682,False
998.1000000001584,29.78419667740937,29.78419667740937,0.21580332259063084,0.4317261966152941,12.968975718446563,13.400701915061857,False
998.6000000001585,29.784495307794263,29.784495307794263,0.2155046922057373,0.43112877040925923,12.970054137633333,13.401182908042593,False
999.1000000001586,29.784793524932006,29.784793524932006,0.21520647506799406,0.4305321709264618,12.971131064494903,13.401663235421365,False
999.6000000001587,29.785091329394447,29.785091329394447,0.21490867060555274,0.4299363970228782,12.972206501096363,13.40214289811924,False
1000.1000000001588,29.785388721752657,29.785388721752657,0.21461127824734305,0.4293414475560624,12.973280449499944,13.402621897056006,False
1000.600000000159,29.785685702576902,29.785685702576902,0.2143142974230976,0.4287473213851527,12.974352911765031,13.403100233150184,False
1001.1000000001591,29.785982272436673,29.785982272436673,0.21401772756332704,0.4281540173708649,12.975423889948157,13.403577907319022,False
1001.6000000001592,29.78627843190066,29.78627843190066,0.2137215680993414,0.42756153437549216,12.976493386102998,13.40405492047849,False
1002.1000000001593,29.786574181536775,29.786574181536775,0.21342581846322517,0.4269698712629051,12.977561402280406,13.404531273543311,False
1002.6000000001594,29.78686952191214,29.78686952191214,0.21313047808785868,0.42637902689853746,12.978627940528376,13.405006967426914,False
1003.1000000001595,29.787164453593093,29.787164453593093,0.21283554640690738,0.42578900014940757,12.979693002892091,13.405482003041499,False
1003.6000000001596,29.78745897714519,29.78745897714519,0.21254102285481125,0.4251997898840827,12.980756591413881,13.405956381297964,False
1004.1000000001598,29.787753093133205,29.787753093133205,0.21224690686679537,0.4246113949727075,12.981818708133266,13.406430103105974,False
1004.6000000001599,29.788046802121126,29.788046802121126,0.21195319787887357,0.4240238142869899,12.982879355086936,13.406903169373926,False
1005.10000000016,29.78834010467217,29.78834010467217,0.21165989532783058,0.4234370467001938,12.983938534308768,13.407375581008962,False
1005.6000000001601,29.788633001348753,29.788633001348753,0.21136699865124697,0.42285109108716057,12.984996247829818,13.407847338916978,False
1006.1000000001602,29.78892549271254,29.78892549271254,0.21107450728746002,0.4222659463242522,12.986052497678333,13.408318444002585,False
1006.6000000001603,29.7892175793244,29.7892175793244,0.21078242067559927,0.42168161128942927,12.987107285879759,13.408788897169188,False
1007.1000000001604,29.789509261744442,29.789509261744442,0.21049073825555809,0.42109808486215883,12.98816061445673,13.409258699318888,False
1007.6000000001605,29.789800540531978,29.789800540531978,0.2101994594680221,0.4205153659234995,12.989212485429091,13.40972785135259,False
1008.1000000001607,29.790091416245563,29.790091416245563,0.20990858375443722,0.4199334533560446,12.990262900813887,13.410196354169932,False
1008.6000000001608,29.79038188944297,29.79038188944297,0.20961811055703095,0.41935234604392946,12.991311862625368,13.410664208669298,False
1009.1000000001609,29.79067196068121,29.79067196068121,0.20932803931879107,0.4187720428728312,12.992359372875006,13.411131415747837,False
1009.600000000161,29.790961630516517,29.790961630516517,0.20903836948348342,0.41819254272996886,12.99340543357148,13.411597976301449,False
1010.1000000001611,29.79125089950435,29.79125089950435,0.20874910049564832,0.41761384450411043,12.994450046720692,13.412063891224802,False
1010.6000000001612,29.79153976819941,29.79153976819941,0.20846023180058992,0.4170359470855587,12.995493214325773,13.412529161411332,False
1011.1000000001613,29.791828237155627,29.791828237155627,0.20817176284437267,0.4164588493661441,12.996534938387079,13.412993787753223,False
1011.6000000001615,29.792116306926157,29.792116306926157,0.20788369307384258,0.4158825502392389,12.997575220902197,13.413457771141436,False
1012.1000000001616,29.792403978063405,29.792403978063405,0.20759602193659532,0.4153070485997432,12.998614063865949,13.413921112465692,False
1012.6000000001617,29.792691251118995,29.792691251118995,0.2073087488810046,0.4147323433440846,12.999651469270399,13.414383812614483,False
1013.1000000001618,29.792978126643803,29.792978126643803,0.20702187335619726,0.4141584333702255,13.000687439104851,13.414845872475077,False
1013.6000000001619,29.793264605187925,29.793264605187925,0.2067353948120747,0.41358531757764894,13.001721975355863,13.415307292933512,False
1014.100000000162,29.793550687300716,29.793550687300716,0.20644931269928435,0.41301299486735843,13.002755080007233,13.415768074874592,False
1014.6000000001621,29.793836373530755,29.793836373530755,0.20616362646924458,0.4124414641418781,13.003786755040025,13.416228219181903,False
1015.1000000001623,29.794121664425873,29.794121664425873,0.20587833557412694,0.4118707243052526,13.004817002432558,13.41668772673781,False
1015.6000000001624,29.794406560533133,29.794406560533133,0.2055934394668668,0.41130077426304723,13.005845824160406,13.417146598423454,False
1016.1000000001625,29.79469106239885,29.79469106239885,0.2053089376011492,0.4107316129223335,13.006873222196424,13.417604835118757,False
1016.6000000001626,29.794975170568577,29.794975170568577,0.20502482943142297,0.4101632391916965,13.00789919851072,13.418062437702417,False
1017.1000000001627,29.795258885587113,29.795258885587113,0.20474111441288656,0.4095956519812489,13.008923755070686,13.418519407051935,False
1017.6000000001628,29.7955422079985,29.7955422079985,0.20445779200149872,0.4090288502025885,13.009946893840995,13.418975744043584,False
1018.1000000001629,29.795825138346036,29.795825138346036,0.20417486165396426,0.40846283276883355,13.010968616783591,13.419431449552425,False
1018.600000000163,29.79610767717226,29.79610767717226,0.20389232282774117,0.4078975985945945,13.011988925857704,13.419886524452298,False
1019.1000000001632,29.796389825018966,29.796389825018966,0.2036101749810335,0.4073331465959882,13.013007823019866,13.420340969615854,False
1019.6000000001633,29.796671582427194,29.796671582427194,0.20332841757280562,0.4067694756906377,13.014025310223888,13.420794785914525,False
1020.1000000001634,29.796952949937232,29.796952949937232,0.2030470500627679,0.40620658479765837,13.015041389420878,13.421247974218536,False
1020.6000000001635,29.797233928088627,29.797233928088627,0.2027660719113733,0.4056444728376647,13.016056062559256,13.421700535396921,False
1021.1000000001636,29.797514517420176,29.797514517420176,0.20248548257982435,0.40508313873277046,13.01706933158473,13.422152470317501,False
1021.6000000001637,29.797794718469934,29.797794718469934,0.20220528153006612,0.40452258140655317,13.018081198440326,13.42260377984688,False
1022.1000000001638,29.798074531775203,29.798074531775203,0.20192546822479684,0.403962799784118,13.019091665066371,13.42305446485049,False
1022.600000000164,29.798353957872553,29.798353957872553,0.20164604212744663,0.40340379279202665,13.020100733400525,13.423504526192552,False
1023.1000000001641,29.7986329972978,29.7986329972978,0.20136700270219876,0.4028455593583473,13.021108405377749,13.423953964736096,False
1023.6000000001642,29.79891165058603,29.79891165058603,0.20108834941396836,0.4022880984126189,13.022114682930336,13.424402781342955,False
1024.100000000164,29.79918991827158,29.79918991827158,0.2008100817284202,0.40173140888587966,13.023119567987901,13.424850976873781,False
1024.6000000001636,29.79946780088805,29.79946780088805,0.20053219911195086,0.4011754897106101,13.02412306247739,13.425298552188,False
1025.1000000001632,29.7997452989683,29.7997452989683,0.2002547010316995,0.40062033982081147,13.025125168323079,13.42574550814389,False
1025.6000000001627,29.800022413044452,29.800022413044452,0.1999775869555478,0.40006595815193435,13.026125887446588,13.426191845598522,False
1026.1000000001623,29.800299143647898,29.800299143647898,0.1997008563521021,0.3995123436409145,13.027125221766878,13.426637565407793,False
1026.6000000001618,29.800575491309292,29.800575491309292,0.19942450869070782,0.39895949522613705,13.028123173200244,13.427082668426381,False
1027.1000000001613,29.80085145655855,29.80085145655855,0.19914854344144928,0.3984074118474794,13.029119743660342,13.427527155507821,False
1027.600000000161,29.801127039924857,29.801127039924857,0.19887296007514266,0.3978560924462897,13.030114935058165,13.427971027504455,False
1028.1000000001604,29.801402241936668,29.801402241936668,0.19859775806333246,0.39730553596535145,13.031108749302085,13.428414285267436,False
1028.60000000016,29.8016770631217,29.8016770631217,0.1983229368782986,0.3967557413489402,13.032101188297805,13.428856929646745,False
1029.1000000001595,29.801951504006954,29.801951504006954,0.19804849599304575,0.3962067075427669,13.03309225394841,13.429298961491178,False
1029.600000000159,29.802225565118682,29.802225565118682,0.19777443488131752,0.3956584334940345,13.034081948154347,13.429740381648381,False
1030.1000000001586,29.80249924698242,29.80249924698242,0.19750075301757875,0.39511091815137434,13.035070272813432,13.430181190964806,False
1030.6000000001582,29.802772550122977,29.802772550122977,0.19722744987702256,0.3945641604648884,13.036057229820855,13.430621390285744,False
1031.1000000001577,29.80304547506443,29.80304547506443,0.19695452493557042,0.3940181593861283,13.037042821069184,13.431060980455312,False
1031.6000000001573,29.80331802233014,29.80331802233014,0.1966819776698614,0.3934729138680808,13.038027048448365,13.431499962316446,False
1032.1000000001568,29.80359019244273,29.80359019244273,0.19640980755727,0.3929284228652037,13.039009913845732,13.431938336710935,False
1032.6000000001563,29.80386198592411,29.80386198592411,0.19613801407588838,0.3923846853333899,13.039991419146006,13.432376104479395,False
1033.100000000156,29.804133403295467,29.804133403295467,0.19586659670453344,0.391841700229989,13.040971566231304,13.432813266461293,False
1033.6000000001554,29.80440444507727,29.80440444507727,0.19559555492272906,0.39129946651376457,13.04195035698113,13.433249823494895,False
1034.100000000155,29.804675111789255,29.804675111789255,0.19532488821074523,0.39075798314495813,13.042927793272398,13.433685776417356,False
1034.6000000001545,29.804945403950445,29.804945403950445,0.19505459604955533,0.39021724908523936,13.043903876979414,13.434121126064653,False
1035.100000000154,29.805215322079157,29.805215322079157,0.1947846779208433,0.3896772632976848,13.044878609973894,13.434555873271579,False
1035.6000000001536,29.80548486669297,29.80548486669297,0.19451513330702852,0.3891380247468419,13.04585199412497,13.434990018871812,False
1036.1000000001532,29.805754038308763,29.805754038308763,0.1942459616912373,0.38859953239867906,13.04682403129918,13.435423563697858,False
1036.6000000001527,29.80602283744269,29.80602283744269,0.19397716255731012,0.388061785220593,13.047794723360479,13.435856508581072,False
1037.1000000001522,29.8062912646102,29.8062912646102,0.1937087353898015,0.3875247821814156,13.048764072170245,13.43628885435166,False
1037.6000000001518,29.80655932032602,29.80655932032602,0.19344067967398004,0.3869885222513858,13.049732079587285,13.43672060183867,False
1038.1000000001513,29.806827005104164,29.806827005104164,0.19317299489583561,0.386453004402199,13.050698747467827,13.437151751870026,False
1038.6000000001509,29.807094319457942,29.807094319457942,0.19290568054205792,0.3859182276069575,13.051664077665533,13.43758230527249,False
1039.1000000001504,29.80736126389995,29.80736126389995,0.19263873610005078,0.3853841908401847,13.052628072031496,13.43801226287168,False
1039.60000000015,29.80762783894208,29.80762783894208,0.19237216105792143,0.38485089307780385,13.053590732414255,13.43844162549206,False
1040.1000000001495,29.807894045095495,29.807894045095495,0.19210595490450544,0.3843183332972089,13.054552060659786,13.438870393956995,False
1040.600000000149,29.808159882870683,29.808159882870683,0.19184011712931692,0.38378651047715096,13.05551205861151,13.439298569088661,False
1041.1000000001486,29.808425352777405,29.808425352777405,0.19157464722259476,0.3832554235978094,13.056470728110298,13.439726151708108,False
1041.6000000001482,29.80869045532472,29.80869045532472,0.19130954467528127,0.38272507164080594,13.057428070994476,13.440153142635282,False
1042.1000000001477,29.808955191020978,29.808955191020978,0.1910448089790222,0.38219545358913365,13.058384089099823,13.440579542688956,False
1042.6000000001472,29.809219560373833,29.809219560373833,0.19078043962616675,0.3816665684272209,13.059338784259577,13.441005352686798,False
1043.1000000001468,29.809483563890232,29.809483563890232,0.19051643610976754,0.38113841514088165,13.06029215830444,13.441430573445322,False
1043.6000000001463,29.80974720207643,29.80974720207643,0.19025279792356997,0.38061099271733667,13.061244213062583,13.44185520577992,False
1044.1000000001459,29.810010475437966,29.810010475437966,0.18998952456203355,0.38008430014522077,13.062194950359649,13.44227925050487,False
1044.6000000001454,29.810273384479693,29.810273384479693,0.189726615520307,0.3795583364145543,13.06314437201875,13.442702708433304,False
1045.100000000145,29.810535929705757,29.810535929705757,0.1894640702942425,0.3790331005167573,13.064092479860472,13.44312558037723,False
1045.6000000001445,29.81079811161961,29.81079811161961,0.18920188838038854,0.37850859144464977,13.06503927570289,13.44354786714754,False
1046.100000000144,29.81105993072401,29.81105993072401,0.18894006927598994,0.3779848081924442,13.06598476136156,13.443969569554005,False
1046.6000000001436,29.811321387521005,29.811321387521005,0.18867861247899498,0.37746174975575286,13.066928938649523,13.444390688405276,False
1047.1000000001432,29.81158248251197,29.81158248251197,0.18841751748803048,0.3769394151315666,13.067871809377314,13.44481122450888,False
1047.6000000001427,29.81184321619757,29.81184321619757,0.18815678380243028,0.3764178033182617,13.068813375352962,13.445231178671223,False
1048.1000000001422,29.81210358907778,29.81210358907778,0.18789641092222098,0.37589691331561426,13.06975363838199,13.445650551697604,False
1048.6000000001418,29.81236360165189,29.81236360165189,0.1876363983481113,0.37537674412477173,13.07069260026743,13.446069344392201,False
1049.1000000001413,29.812623254418494,29.812623254418494,0.1873767455815063,0.37485729474827423,13.071630262809814,13.446487557558088,False
1049.6000000001409,29.812882547875493,29.812882547875493,0.18711745212450737,0.3743385641900332,13.072566627807182,13.446905191997216,False
1050.1000000001404,29.813141482520106,29.813141482520106,0.18685851747989446,0.37382055145533855,13.073501697055088,13.447322248510426,False
1050.60000000014,29.81340005884886,29.81340005884886,0.1865999411511403,0.37330325555086574,13.074435472346602,13.447738727897468,False
1051.1000000001395,29.813658277357593,29.813658277357593,0.1863417226424069,0.3727866754846616,13.07536795547231,13.44815463095697,False
1051.600000000139,29.81391613854146,29.81391613854146,0.18608386145853828,0.3722708102661372,13.076299148220324,13.44856995848646,False
1052.1000000001386,29.814173642894932,29.814173642894932,0.18582635710506779,0.371755658906082,13.077229052376277,13.448984711282359,False
1052.6000000001382,29.81443079091179,29.81443079091179,0.18556920908821084,0.37124122041666396,13.078157669723332,13.449398890139996,False
1053.1000000001377,29.814687583085142,29.814687583085142,0.1853124169148579,0.3707274938113869,13.079085002042186,13.449812495853573,False
1053.6000000001372,29.814944019907404,29.814944019907404,0.18505598009259572,0.3702144781051473,13.080011051111075,13.450225529216222,False
1054.1000000001368,29.815200101870317,29.815200101870317,0.18479989812968256,0.36970217231419156,13.080935818705768,13.45063799101996,False
1054.6000000001363,29.815455829464934,29.815455829464934,0.1845441705350659,0.36919057545614464,13.08185930659958,13.451049882055724,False
1055.1000000001359,29.815711203181635,29.815711203181635,0.18428879681836463,0.3686796865499744,13.082781516563369,13.451461203113343,False
1055.6000000001354,29.815966223510117,29.815966223510117,0.1840337764898834,0.36816950461601294,13.083702450365545,13.451871954981558,False
1056.100000000135,29.8162208909394,29.8162208909394,0.18377910906059824,0.3676600286759424,13.084622109772077,13.45228213844802,False
1056.6000000001345,29.816475205957836,29.816475205957836,0.18352479404216382,0.367151257752802,13.085540496546479,13.45269175429928,False
1057.100000000134,29.816729169053083,29.816729169053083,0.18327083094691687,0.3666431908709953,13.086457612449827,13.453100803320822,False
1057.6000000001336,29.816982780712138,29.816982780712138,0.18301721928786208,0.3661358270562616,13.087373459240766,13.453509286297027,False
1058.1000000001332,29.81723604142133,29.81723604142133,0.18276395857866845,0.365629165335676,13.088288038675502,13.453917204011178,False
1058.6000000001327,29.817488951666302,29.817488951666302,0.1825110483336978,0.3651232047376851,13.089201352507816,13.454324557245501,False
1059.1000000001322,29.817741511932027,29.817741511932027,0.18225848806797273,0.36461794429207117,13.090113402489058,13.454731346781129,False
1059.6000000001318,29.81799372270281,29.81799372270281,0.18200627729719088,0.36411338302995233,13.091024190368156,13.455137573398108,False
1060.1000000001313,29.818245584462282,29.818245584462282,0.18175441553771776,0.36360951998379676,13.091933717891616,13.455543237875412,False
1060.6000000001309,29.818497097693413,29.818497097693413,0.18150290230658683,0.36310635418740844,13.092841986803528,13.455948340990936,False
1061.1000000001304,29.818748262878497,29.818748262878497,0.181251737121503,0.3626038846759272,13.093748998845568,13.456352883521495,False
1061.60000000013,29.81899908049916,29.81899908049916,0.18100091950083907,0.36210211048582863,13.094654755757004,13.456756866242833,False
1062.1000000001295,29.81924955103637,29.81924955103637,0.18075044896362868,0.3616010306549171,13.095559259274696,13.457160289929613,False
1062.600000000129,29.819499674970423,29.819499674970423,0.1805003250295769,0.3611006442223328,13.0964625111331,13.457563155355432,False
1063.1000000001286,29.81974945278095,29.81974945278095,0.18025054721904965,0.36060095022854455,13.097364513064274,13.457965463292819,False
1063.6000000001281,29.81999888494692,29.81999888494692,0.1800011150530807,0.3601019477153571,13.098265266797876,13.458367214513233,False
1064.1000000001277,29.820247971946635,29.820247971946635,0.17975202805336465,0.3596036357258896,13.099164774061169,13.458768409787059,False
1064.6000000001272,29.820496714257743,29.820496714257743,0.17950328574225694,0.35910601330459,13.100063036579034,13.459169049883624,False
1065.1000000001268,29.82074511235723,29.82074511235723,0.1792548876427702,0.35860907949722076,13.100960056073957,13.459569135571178,False
1065.6000000001263,29.820993166721415,29.820993166721415,0.17900683327858502,0.35811283335088007,13.101855834266047,13.459968667616927,False
1066.1000000001259,29.821240877825957,29.821240877825957,0.17875912217404277,0.3576172739139807,13.10275037287302,13.460367646787,False
1066.6000000001254,29.82148824614587,29.82148824614587,0.17851175385413143,0.35712240023624275,13.103643673610232,13.460766073846475,False
1067.100000000125,29.821735272155497,29.821735272155497,0.1782647278445033,0.35662821136870804,13.104535738190656,13.461163949559364,False
1067.6000000001245,29.821981956328532,29.821981956328532,0.178018043671468,0.3561347063637257,13.10542656832489,13.461561274688616,False
1068.100000000124,29.82222829913801,29.82222829913801,0.1777717008619888,0.35564188427496646,13.10631616572118,13.461958049996147,False
1068.6000000001236,29.822474301056314,29.822474301056314,0.1775256989436862,0.3551497441574085,13.10720453208539,13.462354276242799,False
1069.1000000001231,29.822719962555173,29.822719962555173,0.17728003744482734,0.3546582850673303,13.108091669121038,13.462749954188368,False
1069.6000000001227,29.82296528410566,29.82296528410566,0.17703471589434017,0.3541675060623106,13.108977578529275,13.463145084591586,False
1070.1000000001222,29.823210266178194,29.823210266178194,0.1767897338218063,0.3536774062012711,13.109862262008903,13.463539668210174,False
1070.6000000001218,29.823454909242553,29.823454909242553,0.17654509075744684,0.35318798454438394,13.110745721256372,13.463933705800756,False
1071.1000000001213,29.82369921376786,29.82369921376786,0.17630078623214018,0.352699240153143,13.111627957965787,13.46432719811893,False
1071.6000000001209,29.823943180222585,29.823943180222585,0.17605681977741483,0.3522111720903567,13.112508973828902,13.464720145919259,False
1072.1000000001204,29.824186809074554,29.824186809074554,0.1758131909254459,0.35172377942010513,13.113388770535138,13.465112549955244,False
1072.60000000012,29.824430100790945,29.824430100790945,0.17556989920905508,0.3512370612077831,13.114267349771577,13.46550441097936,False
1073.1000000001195,29.82467305583829,29.82467305583829,0.17532694416171068,0.35075101652005714,13.115144713222952,13.465895729743009,False
1073.600000000119,29.82491567468247,29.82491567468247,0.17508432531753115,0.3502656444249084,13.116020862571684,13.466286506996592,False
1074.1000000001186,29.825157957788726,29.825157957788726,0.17484204221127442,0.349780943991604,13.11689579949786,13.466676743489463,False
1074.6000000001181,29.825399905621662,29.825399905621662,0.1746000943783379,0.3492969142906759,13.117769525679233,13.467066439969908,False
1075.1000000001177,29.825641518645227,29.825641518645227,0.17435848135477272,0.34881355439397055,13.118642042791246,13.467455597185216,False
1075.6000000001172,29.825882797322734,29.825882797322734,0.17411720267726594,0.3483308633745992,13.119513352507017,13.467844215881616,False
1076.1000000001168,29.826123742116852,29.826123742116852,0.17387625788314764,0.3478488403069733,13.120383456497358,13.46823229680433,False
1076.6000000001163,29.826364353489613,29.826364353489613,0.17363564651038743,0.3473674842667762,13.121252356430753,13.46861984069753,False
1077.1000000001159,29.82660463190241,29.82660463190241,0.17339536809759082,0.34688679433095615,13.122120053973388,13.469006848304344,False
1077.6000000001154,29.82684457781599,29.82684457781599,0.17315542218400992,0.3464067695777686,13.12298655078914,13.469393320366908,False
1078.100000000115,29.827084191690474,29.827084191690474,0.1729158083095257,0.3459274090867197,13.123851848539587,13.469779257626307,False
1078.6000000001145,29.827323473985338,29.827323473985338,0.1726765260146621,0.3454487119385945,13.124715948884004,13.470164660822599,False
1079.100000000114,29.82756242515942,29.82756242515942,0.1724375748405791,0.34497067721547126,13.125578853479373,13.470549530694845,False
1079.6000000001136,29.827801045670935,29.827801045670935,0.1721989543290654,0.3444933040006717,13.12644056398038,13.470933867981051,False
1080.1000000001131,29.828039335977454,29.828039335977454,0.17196066402254573,0.34401659137878227,13.127301082039422,13.471317673418204,False
1080.6000000001127,29.82827729653592,29.82827729653592,0.1717227034640807,0.34354053843568266,13.12816040930661,13.471700947742292,False
1081.1000000001122,29.828514927802637,29.828514927802637,0.1714850721973633,0.343065144258496,13.129018547429771,13.472083691688267,False
1081.6000000001118,29.82875223023328,29.82875223023328,0.17124776976671896,0.34259040793562434,13.129875498054453,13.472465905990077,False
1082.1000000001113,29.828989204282898,29.828989204282898,0.17101079571710187,0.34211632855672747,13.130731262823925,13.472847591380653,False
1082.6000000001109,29.82922585040591,29.82922585040591,0.17077414959409154,0.34164290521270857,13.131585843379185,13.473228748591893,False
1083.1000000001104,29.829462169056097,29.829462169056097,0.1705378309439034,0.34117013699574983,13.132439241358957,13.473609378354707,False
1083.60000000011,29.829698160686625,29.829698160686625,0.17030183931337461,0.3406980229992769,13.133291458399697,13.473989481398974,False
1084.1000000001095,29.829933825750025,29.829933825750025,0.17006617424997472,0.340226562317973,13.1341424961356,13.474369058453574,False
1084.600000000109,29.830169164698198,29.830169164698198,0.1698308353018021,0.33975575404777913,13.1349923561986,13.474748110246379,False
1085.1000000001086,29.830404177982437,29.830404177982437,0.16959582201756263,0.3392855972858726,13.135841040218368,13.475126637504241,False
1085.6000000001081,29.830638866053388,29.830638866053388,0.16936113394661234,0.33881609113070255,13.136688549822319,13.475504640953021,False
1086.1000000001077,29.83087322936108,29.83087322936108,0.16912677063891834,0.3383472346819545,13.13753488663562,13.475882121317575,False
1086.6000000001072,29.83110726835493,29.83110726835493,0.16889273164506946,0.3378790270405645,13.13838005228119,13.476259079321755,False
1087.1000000001068,29.831340983483727,29.831340983483727,0.1686590165162727,0.33741146730869787,13.139224048379702,13.4766355156884,False
1087.6000000001063,29.831574375195636,29.831574375195636,0.16842562480436385,0.33694455458977046,13.140066876549584,13.477011431139355,False
1088.1000000001059,29.831807443938203,29.831807443938203,0.16819255606179695,0.3364782879884487,13.14090853840702,13.477386826395469,False
1088.6000000001054,29.83204019015836,29.83204019015836,0.1679598098416406,0.3360126666106211,13.14174903556597,13.477761702176592,False
1089.100000000105,29.83227261430241,29.83227261430241,0.16772738569758872,0.33554768956342684,13.14258836963815,13.478136059201576,False
1089.6000000001045,29.832504716816054,29.832504716816054,0.16749528318394624,0.3350833559552271,13.143426542233044,13.478509898188271,False
1090.100000000104,29.832736498144357,29.832736498144357,0.16726350185564343,0.33461966489564077,13.144263554957922,13.478883219853563,False
1090.6000000001036,29.83296795873178,29.83296795873178,0.16703204126822158,0.3341566154955018,13.145099409417817,13.479256024913319,False
1091.1000000001031,29.833199099022167,29.833199099022167,0.16680090097783307,0.33369420686686624,13.145934107215547,13.479628314082413,False
1091.6000000001027,29.833429919458755,29.833429919458755,0.1665700805412449,0.3332324381230265,13.14676764995171,13.480000088074737,False
1092.1000000001022,29.833660420484154,29.833660420484154,0.16633957951584577,0.3327713083785113,13.147600039224688,13.4803713476032,False
1092.6000000001018,29.833890602540368,29.833890602540368,0.16610939745963194,0.3323108167490716,13.148431276630657,13.480742093379728,False
1093.1000000001013,29.834120466068786,29.834120466068786,0.16587953393121424,0.3318509623516803,13.149261363763573,13.481112326115253,False
1093.6000000001009,29.834350011510193,29.834350011510193,0.1656499884898075,0.33139174430453266,13.1500903022152,13.481482046519732,False
1094.1000000001004,29.83457923930476,29.83457923930476,0.16542076069524114,0.3309331617270317,13.150918093575088,13.48185125530212,False
1094.6000000001,29.834808149892048,29.834808149892048,0.16519185010795212,0.3304752137398097,13.151744739430594,13.482219953170404,False
1095.1000000000995,29.83503674371101,29.83503674371101,0.16496325628898845,0.33001789946472826,13.152570241366877,13.482588140831606,False
1095.600000000099,29.835265021199998,29.835265021199998,0.1647349788000021,0.3295612180248426,13.1533946009669,13.482955818991742,False
1096.1000000000986,29.835492982796747,29.835492982796747,0.16450701720325256,0.32910516854443017,13.154217819811436,13.483322988355866,False
1096.6000000000981,29.835720628938393,29.835720628938393,0.16427937106160684,0.32864975014897624,13.155039899479075,13.483689649628051,False
1097.1000000000977,29.835947960061464,29.835947960061464,0.1640520399385359,0.3281949619651954,13.155860841546216,13.484055803511412,False
1097.6000000000972,29.836174976601885,29.836174976601885,0.16382502339811467,0.32774080312098164,13.156680647587084,13.484421450708066,False
1098.1000000000968,29.836401678994978,29.836401678994978,0.16359832100502203,0.3272872727454583,13.157499319173715,13.484786591919173,False
1098.6000000000963,29.836628067675466,29.836628067675466,0.16337193232453373,0.32683436996893533,13.158316857875983,13.485151227844918,False
1099.1000000000959,29.836854143077467,29.836854143077467,0.16314585692253303,0.3263820939229447,13.159133265261575,13.48551535918452,False
1099.6000000000954,29.837079905634496,29.837079905634496,0.1629200943655036,0.325930443740198,13.159948542896025,13.485878986636223,False
1100.100000000095,29.837305355779474,29.837305355779474,0.16269464422052593,0.3254794185546359,13.160762692342685,13.48624211089732,False
1100.6000000000945,29.837530493944715,29.837530493944715,0.16246950605528454,0.3250290175013717,13.161575715162751,13.486604732664123,False
1101.100000000094,29.837755320561936,29.837755320561936,0.1622446794380643,0.32457923971674063,13.16238761291526,13.486966852632001,False
1101.6000000000936,29.837979836062267,29.837979836062267,0.16202016393773278,0.3241300843382433,13.163198387157088,13.487328471495331,False
1102.1000000000931,29.838204040876235,29.838204040876235,0.161795959123765,0.32368155050458824,13.164008039442958,13.487689589947546,False
1102.6000000000927,29.838427935433756,29.838427935433756,0.1615720645662435,0.323233637355699,13.164816571325446,13.488050208681145,False
1103.1000000000922,29.83865152016418,29.83865152016418,0.16134847983581935,0.32278634403265016,13.165623984354973,13.488410328387623,False
1103.6000000000918,29.838874795496245,29.838874795496245,0.16112520450375456,0.3223396696777172,13.166430280079815,13.488769949757533,False
1104.1000000000913,29.8390977618581,29.8390977618581,0.16090223814190097,0.3218936134343693,13.16723546004611,13.489129073480479,False
1104.6000000000909,29.839320419677293,29.839320419677293,0.16067958032270724,0.32144817444727636,13.168039525797846,13.489487700245123,False
1105.1000000000904,29.8395427693808,29.8395427693808,0.16045723061920114,0.32100335186224527,13.168842478876893,13.489845830739139,False
1105.60000000009,29.83976481139498,29.83976481139498,0.1602351886050215,0.3205591448263192,13.16964432082297,13.490203465649289,False
1106.1000000000895,29.83998654614562,29.83998654614562,0.16001345385437915,0.3201155524876853,13.17044505317367,13.490560605661356,False
1106.600000000089,29.84020797405793,29.84020797405793,0.1597920259420711,0.31967257399571025,13.171244677464468,13.490917251460179,False
1107.1000000000886,29.840429095556495,29.840429095556495,0.1595709044435054,0.3192302085009615,13.172043195228701,13.491273403729663,False
1107.6000000000881,29.84064991106534,29.84064991106534,0.15935008893465863,0.31878845515516474,13.172840607997587,13.491629063152752,False
1108.1000000000877,29.840870421007896,29.840870421007896,0.15912957899210411,0.3183473131112322,13.17363691730023,13.491984230411463,False
1108.6000000000872,29.84109062580701,29.84109062580701,0.15890937419299078,0.31790678152322727,13.174432124663623,13.49233890618685,False
1109.1000000000868,29.84131052588494,29.84131052588494,0.15868947411506085,0.31746685954639986,13.175226231612628,13.492693091159028,False
1109.6000000000863,29.841530121663357,29.841530121663357,0.15846987833664272,0.31702754633717234,13.176019239670012,13.493046786007184,False
1110.1000000000859,29.841749413563367,29.841749413563367,0.15825058643663326,0.316588841053111,13.176811150356425,13.493399991409536,False
1110.6000000000854,29.841968402005467,29.841968402005467,0.15803159799453326,0.31615074285296885,13.177601965190426,13.493752708043395,False
1111.100000000085,29.84218708740959,29.84218708740959,0.15781291259040842,0.315713250896664,13.17839168568846,13.494104936585124,False
1111.6000000000845,29.842405470195082,29.842405470195082,0.15759452980491773,0.31527636434526585,13.179180313364878,13.494456677710144,False
1112.100000000084,29.842623550780708,29.842623550780708,0.15737644921929217,0.314840082361016,13.179967849731936,13.494807932092952,False
1112.6000000000836,29.84284132958465,29.84284132958465,0.15715867041534892,0.3144044041073144,13.180754296299797,13.495158700407112,False
1113.1000000000831,29.843058807024526,29.843058807024526,0.1569411929754736,0.31396932874869776,13.181539654576532,13.49550898332523,False
1113.6000000000827,29.84327598351736,29.84327598351736,0.15672401648264156,0.31353485545088233,13.182323926068126,13.495858781519008,False
1114.1000000000822,29.8434928594796,29.8434928594796,0.15650714052040016,0.31310098338074255,13.183107112278483,13.496208095659226,False
1114.6000000000818,29.843709435327128,29.843709435327128,0.15629056467287228,0.3126677117062897,13.183889214709424,13.496556926415714,False
1115.1000000000813,29.843925711475247,29.843925711475247,0.1560742885247528,0.3122350395966791,13.184670234860699,13.496905274457378,False
1115.6000000000809,29.84414168833868,29.84414168833868,0.15585831166131925,0.31180296622223835,13.185450174229963,13.497253140452202,False
1116.1000000000804,29.844357366331586,29.844357366331586,0.15564263366841402,0.31137149075442494,13.186229034312817,13.497600525067242,False
1116.60000000008,29.844572745867534,29.844572745867534,0.15542725413246572,0.31094061236586157,13.187006816602787,13.497947428968649,False
1117.1000000000795,29.84478782735954,29.84478782735954,0.15521217264046072,0.3105103302303007,13.187783522591332,13.498293852821632,False
1117.600000000079,29.845002611220032,29.845002611220032,0.15499738877996805,0.31008064352264597,13.18855915376784,13.498639797290487,False
1118.1000000000786,29.845217097860882,29.845217097860882,0.15478290213911805,0.30965155141893064,13.18933371161965,13.49898526303858,False
1118.6000000000781,29.845431287693383,29.845431287693383,0.15456871230661662,0.30922305309634623,13.190107197632038,13.499330250728384,False
1119.1000000000777,29.845645181128265,29.845645181128265,0.15435481887173452,0.3087951477331927,13.190879613288226,13.499674761021419,False
1119.6000000000772,29.845858778575675,29.845858778575675,0.15414122142432518,0.30836783450895666,13.191650960069378,13.500018794578335,False
1120.1000000000768,29.84607208044521,29.84607208044521,0.15392791955478913,0.30794111260421175,13.192421239454612,13.500362352058824,False
1120.6000000000763,29.846285087145894,29.846285087145894,0.153714912854106,0.307514981200697,13.193190452921,13.500705434121697,False
1121.1000000000759,29.84649779908618,29.84649779908618,0.15350220091382027,0.3070894394812669,13.193958601943566,13.501048041424832,False
1121.6000000000754,29.84671021667396,29.84671021667396,0.15328978332604137,0.30666448662991286,13.1947256879953,13.501390174625213,False
1122.100000000075,29.84692234031656,29.84692234031656,0.15307765968344,0.3062401218317561,13.195491712547145,13.501731834378901,False
1122.6000000000745,29.847134170420752,29.847134170420752,0.1528658295792482,0.3058163442730404,13.196256677068021,13.502073021341062,False
1123.100000000074,29.84734570739273,29.84734570739273,0.15265429260727004,0.30539315314113225,13.1970205830248,13.502413736165932,False
1123.6000000000736,29.84755695163813,29.84755695163813,0.15244304836187084,0.30497054762455633,13.197783431882337,13.502753979506894,False
1124.1000000000731,29.847767903562033,29.847767903562033,0.15223209643796665,0.30454852691290313,13.198545225103452,13.503093752016355,False
1124.6000000000727,29.847978563568958,29.847978563568958,0.15202143643104193,0.3041270901969355,13.199305964148941,13.503433054345876,False
1125.1000000000722,29.84818893206286,29.84818893206286,0.15181106793713894,0.3037062366684964,13.200065650477583,13.50377188714608,False
1125.6000000000718,29.84839900944714,29.84839900944714,0.15160099055286125,0.30328596552057974,13.200824285546139,13.504110251066718,False
1126.1000000000713,29.84860879612463,29.84860879612463,0.1513912038753702,0.302866275947288,13.201581870809346,13.504448146756634,False
1126.6000000000708,29.84881829249762,29.84881829249762,0.15118170750238136,0.3024471671438178,13.202338407719937,13.504785574863755,False
1127.1000000000704,29.849027498967832,29.849027498967832,0.15097250103216808,0.30202863830650273,13.203093897728627,13.50512253603513,False
1127.60000000007,29.849236415936442,29.849236415936442,0.15076358406355794,0.3016106886327776,13.203848342284132,13.50545903091691,False
1128.1000000000695,29.84944504380406,29.84944504380406,0.15055495619593984,0.3011933173211858,13.204601742833157,13.505795060154343,False
1128.600000000069,29.84965338297074,29.84965338297074,0.15034661702926044,0.3007765235714146,13.205354100820404,13.506130624391819,False
1129.1000000000686,29.849861433835997,29.849861433835997,0.1501385661640029,0.30036030658419577,13.206105417688578,13.506465724272774,False
1129.6000000000681,29.85006919679878,29.85006919679878,0.14993080320121877,0.2999446655614193,13.206855694878389,13.506800360439808,False
1130.1000000000677,29.850276672257497,29.850276672257497,0.1497233277425032,0.2995295997060552,13.207604933828554,13.50713453353461,False
1130.6000000000672,29.850483860609994,29.850483860609994,0.14951613939000552,0.2991151082221748,13.208353135975802,13.507468244197977,False
1131.1000000000668,29.850690762253574,29.850690762253574,0.1493092377464258,0.2987011903149579,13.20910030275486,13.507801493069818,False
1131.6000000000663,29.85089737758498,29.85089737758498,0.14910262241501826,0.29828784519070695,13.209846435598484,13.508134280789191,False
1132.1000000000658,29.851103707000426,29.851103707000426,0.14889629299957363,0.2978750720567689,13.210591535937438,13.508466607994206,False
1132.6000000000654,29.851309750895552,29.851309750895552,0.1486902491044475,0.29746287012164174,13.211335605200516,13.508798475322157,False
1133.100000000065,29.85151550966547,29.85151550966547,0.14848449033452837,0.29705123859488225,13.212078644814529,13.509129883409411,False
1133.6000000000645,29.85172098370474,29.85172098370474,0.14827901629525897,0.2966401766871627,13.212820656204311,13.509460832891474,False
1134.100000000064,29.851926173407367,29.851926173407367,0.14807382659263268,0.2962296836102425,13.213561640792726,13.509791324402968,False
1134.6000000000636,29.852131079166824,29.852131079166824,0.14786892083317582,0.2958197585769611,13.21430160000067,13.510121358577631,False
1135.1000000000631,29.852335701376035,29.852335701376035,0.14766429862396535,0.29541040080125924,13.215040535247073,13.510450936048333,False
1135.6000000000627,29.85254004042737,29.85254004042737,0.14745995957262892,0.2950016094981649,13.215778447948908,13.510780057447073,False
1136.1000000000622,29.85274409671268,29.85274409671268,0.14725590328731997,0.29459338388377887,13.21651533952117,13.511108723404949,False
1136.6000000000618,29.852947870623243,29.852947870623243,0.14705212937675682,0.29418572317531044,13.217251211376913,13.511436934552224,False
1137.1000000000613,29.85315136254982,29.85315136254982,0.14684863745018006,0.2937786265910276,13.21798606492723,13.511764691518257,False
1137.6000000000608,29.853354572882626,29.853354572882626,0.14664542711737383,0.2933720933502926,13.218719901581258,13.51209199493155,False
1138.1000000000604,29.853557502011327,29.853557502011327,0.14644249798867293,0.2929661226735405,13.219452722746183,13.512418845419724,False
1138.60000000006,29.85376015032506,29.85376015032506,0.14623984967494152,0.29256071378230075,13.220184529827252,13.512745243609553,False
1139.1000000000595,29.853962518212416,29.853962518212416,0.1460374817875838,0.2921558658991614,13.22091532422776,13.513071190126922,False
1139.600000000059,29.85416460606145,29.85416460606145,0.14583539393855105,0.29175157824780484,13.221645107349064,13.513396685596868,False
1140.1000000000586,29.85436641425968,29.85436641425968,0.14563358574032037,0.29134785005297203,13.22237388059058,13.513721730643551,False
1140.6000000000581,29.85456794319409,29.85456794319409,0.14543205680590887,0.29094468054048406,13.223101645349782,13.514046325890266,False
1141.1000000000577,29.854769193251137,29.854769193251137,0.14523080674886302,0.2905420689372278,13.223828403022226,13.514370471959454,False
1141.6000000000572,29.85497016481672,29.85497016481672,0.14502983518327994,0.2901400144711701,13.224554155001522,13.514694169472692,False
1142.1000000000568,29.85517085827623,29.85517085827623,0.14482914172376837,0.2897385163713295,13.225278902679355,13.515017419050684,False
1142.6000000000563,29.855371274014505,29.855371274014505,0.1446287259854948,0.28933757386781167,13.226002647445485,13.515340221313297,False
1143.1000000000558,29.855571412415856,29.855571412415856,0.14442858758414445,0.2889371861917809,13.226725390687752,13.515662576879533,False
1143.6000000000554,29.855771273864065,29.855771273864065,0.1442287261359354,0.2885373525754602,13.227447133792072,13.515984486367532,False
1144.100000000055,29.85597085874239,29.85597085874239,0.14402914125761157,0.2881380722521243,13.228167878142443,13.516305950394568,False
1144.6000000000545,29.856170167433547,29.856170167433547,0.14382983256645332,0.2877393444561278,13.22888762512095,13.516626969577079,False
1145.100000000054,29.856369200319723,29.856369200319723,0.14363079968027748,0.28734116842288415,13.229606376107766,13.51694754453065,False
1145.6000000000536,29.856567957782573,29.856567957782573,0.14343204221742667,0.2869435433888654,13.23032413248115,13.517267675870015,False
1146.1000000000531,29.856766440203245,29.856766440203245,0.14323355979675512,0.28654646859158106,13.23104089561745,13.517587364209032,False
1146.6000000000527,29.856964647962332,29.856964647962332,0.1430353520376677,0.2861499432696206,13.231756666891126,13.517906610160747,False
1147.1000000000522,29.85716258143992,29.85716258143992,0.14283741856008092,0.285753966662611,13.23247144767472,13.518225414337332,False
1147.6000000000518,29.85736024101556,29.85736024101556,0.1426397589844406,0.2853585380112307,13.233185239338884,13.518543777350114,False
1148.1000000000513,29.85755762706828,29.85755762706828,0.14244237293171835,0.2849636565572098,13.233898043252369,13.518861699809579,False
1148.6000000000508,29.85775473997659,29.85775473997659,0.14224526002341165,0.28456932154333714,13.23460986078203,13.519179182325367,False
1149.1000000000504,29.857951580118453,29.857951580118453,0.14204841988154726,0.28417553221346026,13.235320693292834,13.519496225506295,False
1149.60000000005,29.858148147871333,29.858148147871333,0.14185185212866713,0.28378228781244985,13.236030542147855,13.519812829960305,False
1150.1000000000495,29.858344443612165,29.858344443612165,0.14165555638783545,0.28338958758622823,13.236739408708289,13.520128996294517,False
1150.600000000049,29.858540467717365,29.858540467717365,0.14145953228263508,0.282997430781748,13.237447294333437,13.520444725115185,False
1151.1000000000486,29.85873622056283,29.85873622056283,0.14126377943717117,0.28260581664702045,13.238154200380732,13.520760017027753,False
1151.600000000048,29.858931702523915,29.858931702523915,0.1410682974760853,0.2822147444311085,13.238860128205717,13.521074872636826,False
1152.1000000000477,29.85912691397548,29.85912691397548,0.14087308602451998,0.28182421338409114,13.239565079162066,13.521389292546157,False
1152.6000000000472,29.859321855291864,29.859321855291864,0.14067814470813644,0.28143422275709895,13.240269054601576,13.521703277358675,False
1153.1000000000467,29.859516526846875,29.859516526846875,0.14048347315312526,0.2810447718022857,13.240972055874174,13.52201682767646,False
1153.6000000000463,29.85971092901381,29.85971092901381,0.1402890709861886,0.2806558597728639,13.241674084327926,13.52232994410079,False
1154.1000000000458,29.859905062165453,29.859905062165453,0.1400949378345473,0.28026748592305495,13.242375141309024,13.522642627232079,False
1154.6000000000454,29.86009892667407,29.86009892667407,0.13990107332593027,0.27987964950812483,13.243075228161798,13.522954877669923,False
1155.100000000045,29.860292522911408,29.860292522911408,0.1397074770885922,0.27949234978436976,13.243774346228719,13.523266696013089,False
1155.6000000000445,29.860485851248708,29.860485851248708,0.1395141487512923,0.27910558600910207,13.244472496850399,13.523578082859501,False
1156.100000000044,29.860678912056688,29.860678912056688,0.139321087943312,0.27871935744067855,13.245169681365603,13.523889038806281,False
1156.6000000000436,29.860871705705563,29.860871705705563,0.13912829429443718,0.2783336633384721,13.24586590111123,13.524199564449702,False
1157.100000000043,29.861064232565024,29.861064232565024,0.13893576743497604,0.27794850296288587,13.246561157422342,13.524509660385228,False
1157.6000000000427,29.861256493004262,29.861256493004262,0.13874350699573768,0.2775638755753391,13.247255451632142,13.524819327207481,False
1158.1000000000422,29.861448487391947,29.861448487391947,0.13855151260805343,0.2771797804382885,13.247948785071998,13.525128565510286,False
1158.6000000000417,29.861640216096248,29.861640216096248,0.13835978390375203,0.2767962168151925,13.248641159071425,13.525437375886618,False
1159.1000000000413,29.86183167948482,29.86183167948482,0.1381683205151809,0.2764131839705328,13.249332574958117,13.52574575892865,False
1159.6000000000408,29.862022877924797,29.862022877924797,0.13797712207520263,0.27603068116983565,13.250023034057905,13.526053715227741,False
1160.1000000000404,29.862213811782826,29.862213811782826,0.1377861882171736,0.2756487076796077,13.250712537694808,13.526361245374416,False
1160.60000000004,29.86240448142504,29.86240448142504,0.13759551857496177,0.2752672627673931,13.251401087190995,13.526668349958388,False
1161.1000000000395,29.862594887217057,29.862594887217057,0.1374051127829432,0.27488634570173076,13.252088683866818,13.526975029568549,False
1161.600000000039,29.862785029524005,29.862785029524005,0.13721497047599485,0.2745059557521756,13.2527753290408,13.527281284792975,False
1162.1000000000386,29.862974908710488,29.862974908710488,0.13702509128951235,0.27412609218931294,13.25346102402963,13.527587116218942,False
1162.600000000038,29.863164525140615,29.863164525140615,0.1368354748593852,0.2737467542847227,13.254145770148186,13.52789252443291,False
1163.1000000000377,29.86335387917799,29.86335387917799,0.13664612082201089,0.27336794131100106,13.254829568709525,13.528197510020526,False
1163.6000000000372,29.863542971185716,29.863542971185716,0.13645702881428434,0.2729896525417388,13.25551242102488,13.528502073566619,False
1164.1000000000367,29.86373180152639,29.86373180152639,0.1362681984736085,0.27261188725153573,13.256194328403675,13.52880621565521,False
1164.6000000000363,29.863920370562113,29.863920370562113,0.1360796294378872,0.2722346447160007,13.256875292153524,13.529109936869524,False
1165.1000000000358,29.864108678654475,29.864108678654475,0.13589132134552528,0.27185792421173716,13.257555313580221,13.529413237791958,False
1165.6000000000354,29.864296726164575,29.864296726164575,0.1357032738354249,0.2714817250163577,13.258234393987768,13.529716119004126,False
1166.100000000035,29.86448451345301,29.86448451345301,0.1355154865469892,0.2711060464084696,13.258912534678352,13.530018581086821,False
1166.6000000000345,29.864672040879874,29.864672040879874,0.13532795912012574,0.27073088766768194,13.259589736952362,13.530320624620044,False
1167.100000000034,29.86485930880477,29.86485930880477,0.13514069119522887,0.2703562480745916,13.260266002108382,13.530622250182974,False
1167.6000000000336,29.865046317586796,29.865046317586796,0.1349536824132045,0.26998212691079715,13.26094133144321,13.530923458354007,False
1168.100000000033,29.865233067584555,29.865233067584555,0.13476693241544524,0.2696085234589063,13.26161572625184,13.531224249710746,False
1168.6000000000327,29.86541955915615,29.86541955915615,0.13458044084384824,0.26923543700249297,13.262289187827475,13.531524624829968,False
1169.1000000000322,29.865605792659206,29.865605792659206,0.13439420734079377,0.26886286682614013,13.262961717461533,13.531824584287673,False
1169.6000000000317,29.865791768450833,29.865791768450833,0.1342082315491666,0.26849081221540416,13.263633316443642,13.532124128659046,False
1170.1000000000313,29.86597748688765,29.86597748688765,0.13402251311234892,0.2681192724568575,13.264303986061641,13.532423258518499,False
1170.6000000000308,29.866162948325798,29.866162948325798,0.13383705167420246,0.2677482468380319,13.264973727601596,13.532721974439628,False
1171.1000000000304,29.866348153120903,29.866348153120903,0.13365184687909704,0.26737773464746084,13.26564254234779,13.53302027699525,False
1171.60000000003,29.86653310162811,29.86653310162811,0.1334668983718892,0.2670077351746585,13.266310431582726,13.533318166757384,False
1172.1000000000295,29.86671779420208,29.86671779420208,0.1332822057979186,0.26663824771011946,13.266977396587134,13.533615644297253,False
1172.600000000029,29.866902231196974,29.866902231196974,0.13309776880302593,0.266269271545319,13.267643438639974,13.533912710185293,False
1173.1000000000286,29.867086412966458,29.867086412966458,0.13291358703354206,0.26590080597273413,13.268308559018429,13.534209364991163,False
1173.600000000028,29.86727033986372,29.86727033986372,0.13272966013628107,0.265532850285787,13.268972758997926,13.534505609283713,False
1174.1000000000276,29.867454012241453,29.867454012241453,0.1325459877585473,0.2651654037788873,13.269636039852115,13.534801443631002,False
1174.6000000000272,29.86763743045186,29.86763743045186,0.13236256954813896,0.2647984657474467,13.27029840285289,13.535096868600336,False
1175.1000000000267,29.86782059484667,29.86782059484667,0.13217940515333026,0.2644320354878218,13.270959849270383,13.535391884758205,False
1175.6000000000263,29.8680035057771,29.8680035057771,0.13199649422289994,0.2640661122973569,13.271620380372974,13.535686492670331,False
1176.1000000000258,29.86818616359391,29.86818616359391,0.13181383640608857,0.2637006954743626,13.272279997427276,13.535980692901639,False
1176.6000000000254,29.86836856864736,29.86836856864736,0.13163143135264121,0.2633357843181159,13.272938701698163,13.536274486016278,False
1177.100000000025,29.868550721287217,29.868550721287217,0.13144927871278256,0.2629713781288814,13.27359649444875,13.536567872577631,False
1177.6000000000245,29.868732621862772,29.868732621862772,0.13126737813722755,0.26260747620789004,13.274253376940406,13.536860853148296,False
1178.100000000024,29.868914270722843,29.868914270722843,0.13108572927715656,0.26224407785731785,13.274909350432756,13.537153428290074,False
1178.6000000000236,29.869095668215753,29.869095668215753,0.13090433178424732,0.2618811823803213,13.275564416183679,13.537445598564,False
1179.100000000023,29.869276814689343,29.869276814689343,0.1307231853106572,0.2615187890810162,13.276218575449313,13.53773736453033,False
1179.6000000000226,29.869457710490973,29.869457710490973,0.1305422895090267,0.26115689726450597,13.276871829484067,13.538028726748573,False
1180.1000000000222,29.86963835596753,29.86963835596753,0.13036164403246886,0.2607955062368177,13.2775241795406,13.538319685777418,False
1180.6000000000217,29.86981875146542,29.86981875146542,0.1301812485345799,0.26043461530495193,13.278175626869848,13.5386102421748,False
1181.1000000000213,29.869998897330557,29.869998897330557,0.13000110266944276,0.2600742237768756,13.278826172721006,13.538900396497882,False
1181.6000000000208,29.870178793908387,29.870178793908387,0.12982120609161285,0.25971433096152197,13.279475818341552,13.539190149303074,False
1182.1000000000204,29.87035844154387,29.87035844154387,0.1296415584561288,0.25935493616876215,13.280124564977234,13.539479501145996,False
1182.60000000002,29.870537840581513,29.870537840581513,0.1294621594184875,0.25899603870941235,13.28077241387207,13.539768452581482,False
1183.1000000000195,29.87071699136531,29.87071699136531,0.12928300863469033,0.2586376378952764,13.281419366268361,13.540057004163637,False
1183.600000000019,29.8708958942388,29.8708958942388,0.12910410576120057,0.258279733039096,13.282065423406689,13.540345156445785,False
1184.1000000000186,29.87107454954505,29.87107454954505,0.1289254504549504,0.2579223234545438,13.282710586525923,13.540632909980467,False
1184.600000000018,29.87125295762664,29.87125295762664,0.12874704237335877,0.25756540845626574,13.283354856863214,13.54092026531948,False
1185.1000000000176,29.871431118825686,29.871431118825686,0.12856888117431353,0.25720898735984576,13.283998235653998,13.541207223013844,False
1185.6000000000172,29.871609033483825,29.871609033483825,0.1283909665161751,0.256853059481827,13.284640724132007,13.541493783613834,False
1186.1000000000167,29.871786701942213,29.871786701942213,0.12821329805778703,0.25649762413969057,13.285282323529259,13.54177994766895,False
1186.6000000000163,29.871964124541552,29.871964124541552,0.12803587545844763,0.2561426806518554,13.285923035076074,13.54206571572793,False
1187.1000000000158,29.872141301622065,29.872141301622065,0.12785869837793484,0.25578822833769266,13.286562860001066,13.542351088338759,False
1187.6000000000154,29.872318233523497,29.872318233523497,0.12768176647650264,0.25543426651751133,13.287201799531148,13.54263606604866,False
1188.100000000015,29.872494920585133,29.872494920585133,0.12750507941486688,0.2550807945125584,13.287839854891539,13.542920649404097,False
1188.6000000000145,29.87267136314578,29.87267136314578,0.12732863685421947,0.2547278116450329,13.288477027305758,13.54320483895079,False
1189.100000000014,29.87284756154379,29.87284756154379,0.1271524384562106,0.2543753172380505,13.289113317995634,13.543488635233684,False
1189.6000000000136,29.87302351611703,29.87302351611703,0.12697648388297011,0.25402331061567907,13.289748728181308,13.543772038796988,False
1190.100000000013,29.873199227202903,29.873199227202903,0.12680077279709678,0.25367179110292426,13.290383259081223,13.544055050184147,False
1190.6000000000126,29.873374695138352,29.873374695138352,0.1266253048616477,0.2533207580257226,13.291016911912145,13.544337669937867,False
1191.1000000000122,29.87354992025986,29.87354992025986,0.12645007974014177,0.2529702107109273,13.291649687889151,13.544619898600079,False
1191.6000000000117,29.873724902903426,29.873724902903426,0.12627509709657403,0.2526201484863293,13.29228158822564,13.544901736711969,False
1192.1000000000113,29.87389964340459,29.87389964340459,0.1261003565954084,0.25227057068067893,13.292912614133328,13.545183184814007,False
1192.6000000000108,29.874074142098436,29.874074142098436,0.12592585790156363,0.25192147662362885,13.293542766822263,13.545464243445892,False
1193.1000000000104,29.874248399319576,29.874248399319576,0.1257516006804238,0.25157286564576253,13.294172047500808,13.54574491314657,False
1193.60000000001,29.874422415402165,29.874422415402165,0.12557758459783486,0.25122473707858717,13.29480045737566,13.546025194454247,False
1194.1000000000095,29.874596190679892,29.874596190679892,0.1254038093201082,0.25087709025453364,13.295427997651837,13.54630508790637,False
1194.600000000009,29.874769725485976,29.874769725485976,0.12523027451402413,0.25052992450697786,13.296054669532703,13.54658459403968,False
1195.1000000000085,29.874943020153196,29.874943020153196,0.12505697984680353,0.25018323917019103,13.296680474219947,13.546863713390138,False
1195.600000000008,29.875116075013853,29.875116075013853,0.12488392498614687,0.24983703357937515,13.297305412913602,13.547142446492977,False
1196.1000000000076,29.875288890399794,29.875288890399794,0.12471110960020582,0.24949130707066303,13.297929486812038,13.5474207938827,False
1196.6000000000072,29.875461466642406,29.875461466642406,0.1245385333575939,0.24914605898108277,13.298552697111964,13.547698756093046,False
1197.1000000000067,29.87563380407262,29.87563380407262,0.12436619592737941,0.2488012886486004,13.299175045008433,13.547976333657033,False
1197.6000000000063,29.8758059030209,29.8758059030209,0.12419409697909956,0.24845699541209854,13.299796531694847,13.548253527106946,False
1198.1000000000058,29.875977763817268,29.875977763817268,0.12402223618273212,0.24811317861135507,13.300417158362958,13.548530336974313,False
1198.6000000000054,29.87614938679127,29.87614938679127,0.12385061320873092,0.24776983758709292,13.30103692620286,13.548806763789953,False
1199.100000000005,29.87632077227201,29.87632077227201,0.12367922772799034,0.2474269716809161,13.30165583640301,13.549082808083925,False
1199.6000000000045,29.876491920588137,29.876491920588137,0.12350807941186304,0.2470845802353594,13.30227389015022,13.54935847038558,False
1200.100000000004,29.87666283206784,29.87666283206784,0.12333716793215999,0.2467426625938458,13.302891088629652,13.549633751223498,False
1200.6000000000035,29.876833507038853,29.876833507038853,0.1231664929611469,0.24640121810074334,13.303507433024832,13.549908651125575,False
1201.100000000003,29.87700394582846,29.87700394582846,0.12299605417154069,0.24606024610128685,13.30412292451765,13.550183170618936,False
1201.6000000000026,29.877174148763487,29.877174148763487,0.12282585123651302,0.24571974594164914,13.30473756428836,13.550457310230009,False
1202.1000000000022,29.87734411617032,29.87734411617032,0.12265588382967962,0.24537971696888405,13.305351353515585,13.550731070484469,False
1202.6000000000017,29.877513848374882,29.877513848374882,0.12248615162511811,0.24504015853095495,13.305964293376308,13.551004451907263,False
1203.1000000000013,29.877683345702646,29.877683345702646,0.12231665429735372,0.2447010699767418,13.306576385045892,13.551277455022634,False
1203.6000000000008,29.87785260847863,29.87785260847863,0.12214739152137,0.2443624506560198,13.307187629698072,13.551550080354092,False
1204.1000000000004,29.87802163702742,29.87802163702742,0.12197836297258036,0.2440242999194524,13.307798028504953,13.551822328424405,False
1204.6,29.878190431673133,29.878190431673133,0.12180956832686718,0.2436866171186125,13.30840758263703,13.552094199755642,False
1205.0999999999995,29.87835899273945,29.87835899273945,0.12164100726054983,0.2433494016059683,13.309016293263165,13.552365694869133,False
1205.599999999999,29.8785273205496,29.8785273205496,0.12147267945039886,0.24301265273486905,13.30962416155061,13.55263681428548,False
1206.0999999999985,29.878695415426368,29.878695415426368,0.12130458457363247,0.24267636985958774,13.310231188664998,13.552907558524586,False
1206.599999999998,29.878863277692087,29.878863277692087,0.12113672230791295,0.2423405523352571,13.310837375770355,13.553177928105612,False
1207.0999999999976,29.879030907668636,29.879030907668636,0.12096909233136444,0.24200519951795485,13.311442724029087,13.553447923547042,False
1207.5999999999972,29.87919830567747,29.87919830567747,0.1208016943225303,0.2416703107645901,13.312047234602003,13.553717545366593,False
1208.0999999999967,29.879365472039584,29.879365472039584,0.12063452796041574,0.24133588543298856,13.312650908648298,13.553986794081286,False
1208.5999999999963,29.879532407075533,29.879532407075533,0.12046759292446652,0.24100192288187117,13.313253747325561,13.554255670207432,False
1209.0999999999958,29.879699111105428,29.879699111105428,0.12030088889457247,0.24066842247083287,13.313855751789784,13.554524174260617,False
1209.5999999999954,29.87986558444894,29.87986558444894,0.12013441555106041,0.24033538356036388,13.314456923195358,13.554792306755722,False
1210.099999999995,29.880031827425288,29.880031827425288,0.11996817257471193,0.2400028055118355,13.315057262695078,13.555060068206913,False
1210.5999999999945,29.88019784035326,29.88019784035326,0.11980215964673846,0.2396706876875001,13.31565677144014,13.555327459127641,False
1211.099999999994,29.8803636235512,29.8803636235512,0.1196363764487991,0.23933902945049823,13.31625545058015,13.555594480030647,False
1211.5999999999935,29.880529177337014,29.880529177337014,0.11947082266298636,0.2390078301648444,13.316853301263121,13.555861131427966,False
1212.099999999993,29.88069450202816,29.88069450202816,0.11930549797184042,0.23867708919544128,13.317450324635477,13.556127413830918,False
1212.5999999999926,29.880859597941658,29.880859597941658,0.11914040205834198,0.23834680590806556,13.318046521842062,13.556393327750127,False
1213.0999999999922,29.88102446539409,29.88102446539409,0.1189755346059087,0.23801697966938207,13.318641894026126,13.556658873695508,False
1213.5999999999917,29.881189104701612,29.881189104701612,0.11881089529838817,0.2376876098469225,13.319236442329345,13.556924052176267,False
1214.0999999999913,29.881353516179928,29.881353516179928,0.11864648382007204,0.2373586958090783,13.319830167891812,13.55718886370089,False
1214.5999999999908,29.881517700144308,29.881517700144308,0.11848229985569247,0.23703023692514336,13.320423071852042,13.557453308777186,False
1215.0999999999904,29.88168165690959,29.88168165690959,0.11831834309041156,0.23670223256527834,13.321015155346975,13.557717387912254,False
1215.59999999999,29.88184538679017,29.88184538679017,0.11815461320982834,0.2363746821004895,13.321606419511975,13.557981101612464,False
1216.0999999999894,29.88200889010002,29.88200889010002,0.11799110989997885,0.23604758490269262,13.322196865480837,13.55824445038353,False
1216.599999999989,29.88217216715267,29.88217216715267,0.117827832847329,0.23572094034463476,13.322786494385792,13.558507434730426,False
1217.0999999999885,29.88233521826121,29.88233521826121,0.1176647817387888,0.2353947477999654,13.323375307357496,13.558770055157462,False
1217.599999999988,29.882498043738313,29.882498043738313,0.11750195626168747,0.23506900664317243,13.323963305525046,13.559032312168219,False
1218.0999999999876,29.882660643896195,29.882660643896195,0.11733935610380541,0.23474371624963197,13.324550490015973,13.559294206265605,False
1218.5999999999872,29.88282301904666,29.88282301904666,0.11717698095333873,0.23441887599557987,13.325136861956251,13.55955573795183,False
1219.0999999999867,29.882985169501083,29.882985169501083,0.11701483049891692,0.2340944852580975,13.325722422470292,13.55981690772839,False
1219.5999999999863,29.883147095570394,29.883147095570394,0.1168529044296065,0.23377054341514025,13.326307172680954,13.560077716096094,False
1220.0999999999858,29.8833087975651,29.8833087975651,0.11669120243490028,0.23344704984552322,13.326891113709545,13.560338163555068,False
1220.5999999999854,29.88347027579528,29.88347027579528,0.11652972420472096,0.2331240039289284,13.327474246675818,13.560598250604746,False
1221.099999999985,29.883631530570575,29.883631530570575,0.11636846942942469,0.23280140504588331,13.32805657269797,13.560857977743852,False
1221.5999999999844,29.88379256220021,29.88379256220021,0.11620743779979037,0.23247925257778235,13.328638092892664,13.561117345470446,False
1222.099999999984,29.883953370992973,29.883953370992973,0.11604662900702678,0.23215754590687254,13.329218808375003,13.561376354281876,False
1222.5999999999835,29.884113957257227,29.884113957257227,0.11588604274277259,0.2318362844162607,13.329798720258562,13.561635004674823,False
1223.099999999983,29.88427432130091,29.88427432130091,0.11572567869908923,0.23151546748989205,13.330377829655362,13.561893297145254,False
1223.5999999999826,29.88443446343153,29.88443446343153,0.11556553656847157,0.2311950945125929,13.330956137675889,13.562151232188482,False
1224.0999999999822,29.88459438395617,29.88459438395617,0.11540561604383015,0.2308751648700138,13.331533645429104,13.562408810299118,False
1224.5999999999817,29.884754083181495,29.884754083181495,0.11524591681850538,0.23055567794866505,13.332110354022413,13.562666031971078,False
1225.0999999999813,29.884913561413743,29.884913561413743,0.11508643858625689,0.23023663313588827,13.332686264561705,13.562922897697593,False
1225.5999999999808,29.885072818958722,29.885072818958722,0.11492718104127775,0.22991802981991327,13.333261378151333,13.563179407971246,False
1226.0999999999804,29.88523185612182,29.88523185612182,0.11476814387818024,0.229599867389787,13.33383569589412,13.563435563283907,False
1226.59999999998,29.885390673208008,29.885390673208008,0.11460932679199232,0.2292821452354019,13.33440921889137,13.563691364126772,False
1227.0999999999794,29.88554927052182,29.88554927052182,0.11445072947817891,0.22896486274751027,13.334981948242856,13.563946810990366,False
1227.599999999979,29.885707648367394,29.885707648367394,0.11429235163260643,0.22864801931768852,13.335553885046828,13.564201904364516,False
1228.0999999999785,29.885865807048418,29.885865807048418,0.11413419295158178,0.2283316143383729,13.336125030400025,13.564456644738398,False
1228.599999999978,29.886023746868183,29.886023746868183,0.11397625313181692,0.22801564720282386,13.33669538539766,13.564711032600483,False
1229.0999999999776,29.88618146812955,29.88618146812955,0.1138185318704501,0.2277001173051474,13.337264951133434,13.564965068438582,False
1229.5999999999772,29.886338971134958,29.886338971134958,0.11366102886504237,0.22738502404030214,13.337833728699533,13.565218752739835,False
1230.0999999999767,29.88649625618643,29.88649625618643,0.11350374381357042,0.2270703668040639,13.338401719186635,13.565472085990699,False
1230.5999999999763,29.886653323585573,29.886653323585573,0.11334667641442664,0.22675614499306818,13.338968923683904,13.565725068676972,False
1231.0999999999758,29.88681017363358,29.88681017363358,0.11318982636641906,0.22644235800474632,13.339535343279,13.565977701283746,False
1231.5999999999754,29.88696680663122,29.88696680663122,0.11303319336877848,0.22612900523740365,13.340100979058075,13.566229984295479,False
1232.099999999975,29.887123222878852,29.887123222878852,0.11287677712114785,0.22581608609015547,13.340665832105783,13.566481918195938,False
1232.5999999999744,29.887279422676414,29.887279422676414,0.11272057732358576,0.22550359996294844,13.341229903505273,13.566733503468221,False
1233.099999999974,29.887435406323437,29.887435406323437,0.11256459367656291,0.22519154625657478,13.341793194338194,13.56698474059477,False
1233.5999999999735,29.88759117411902,29.88759117411902,0.11240882588097989,0.22487992437265092,13.342355705684705,13.567235630057356,False
1234.099999999973,29.88774672636187,29.88774672636187,0.11225327363813165,0.2245687337136104,13.342917438623463,13.567486172337073,False
1234.5999999999726,29.887902063350268,29.887902063350268,0.11209793664973233,0.22425797368271816,13.343478394231632,13.56773636791435,False
1235.0999999999722,29.88805718538208,29.88805718538208,0.11194281461791888,0.2239476436840775,13.344038573584893,13.56798621726897,False
1235.5999999999717,29.88821209275477,29.88821209275477,0.11178790724522969,0.22363774312260176,13.34459797775743,13.568235720880033,False
1236.0999999999713,29.88836678576539,29.88836678576539,0.1116332142346117,0.22332827140402856,13.345156607821949,13.568484879225977,False
1236.5999999999708,29.88852126471057,29.88852126471057,0.11147873528943109,0.22301922793491258,13.345714464849662,13.568733692784575,False
1237.0999999999704,29.88867552988653,29.88867552988653,0.11132447011346969,0.2227106121226612,13.346271549910309,13.56898216203297,False
1237.59999999997,29.888829581589093,29.888829581589093,0.11117041841090725,0.22240242337546334,13.34682786407214,13.569230287447603,False
1238.0999999999694,29.888983420113664,29.888983420113664,0.11101657988633562,0.22209466110235354,13.347383408401932,13.569478069504285,False
1238.599999999969,29.88913704575524,29.88913704575524,0.11086295424475878,0.2217873247131621,13.347938183964985,13.569725508678147,False
1239.0999999999685,29.889290458808414,29.889290458808414,0.11070954119158571,0.22148041361855064,13.348492191825128,13.56997260544368,False
1239.599999999968,29.88944365956736,29.88944365956736,0.11055634043264106,0.22117392722999796,13.34904543304471,13.570219360274708,False
1240.0999999999676,29.889596648325853,29.889596648325853,0.11040335167414739,0.22086786495979283,13.349597908684617,13.57046577364441,False
1240.5999999999672,29.889749425377268,29.889749425377268,0.11025057462273224,0.22056222622103405,13.350149619804258,13.570711846025292,False
1241.0999999999667,29.88990199101456,29.88990199101456,0.11009800898543887,0.22025701042763046,13.35070056746159,13.57095757788922,False
1241.5999999999663,29.890054345530288,29.890054345530288,0.10994565446971194,0.2199522169943222,13.351250752713097,13.57120296970742,False
1242.0999999999658,29.890206489216606,29.890206489216606,0.10979351078339405,0.21964784533663106,13.3518001766138,13.571448021950431,False
1242.5999999999653,29.89035842236526,29.89035842236526,0.10964157763473992,0.2193438948708959,13.352348840217262,13.571692735088158,False
1243.099999999965,29.89051014526759,29.89051014526759,0.10948985473240924,0.21904036501427981,13.352896744575592,13.571937109589872,False
1243.5999999999644,29.890661658214544,29.890661658214544,0.1093383417854561,0.21873725518473464,13.353443890739438,13.572181145924173,False
1244.099999999964,29.890812961496653,29.890812961496653,0.10918703850334666,0.2184345648010293,13.353990279757994,13.572424844559023,False
1244.5999999999635,29.890964055404062,29.890964055404062,0.1090359445959379,0.21813229328271433,13.354535912679005,13.572668205961719,False
1245.099999999963,29.891114940226498,29.891114940226498,0.10888505977350249,0.2178304400501716,13.355080790548767,13.572911230598939,False
1245.5999999999626,29.891265616253293,29.891265616253293,0.10873438374670741,0.2175290045245788,13.35562491441212,13.573153918936699,False
1246.0999999999622,29.891416083773382,29.891416083773382,0.10858391622661756,0.2172279861279094,13.356168285312465,13.573396271440375,False
1246.5999999999617,29.8915663430753,29.8915663430753,0.1084336569246993,0.21692738428293268,13.356710904291761,13.573638288574694,False
1247.0999999999613,29.891716394447183,29.891716394447183,0.10828360555281691,0.21662719841321376,13.357252772390526,13.57387997080374,False
1247.5999999999608,29.89186623817676,29.89186623817676,0.10813376182323964,0.21632742794313486,13.357793890647832,13.574121318590967,False
1248.0999999999603,29.892015874551372,29.892015874551372,0.10798412544862757,0.2160280722978598,13.358334260101316,13.574362332399176,False
1248.59999999996,29.892165303857958,29.892165303857958,0.10783469614204222,0.21572913090335533,13.358873881787176,13.574603012690531,False
1249.0999999999594,29.89231452638306,29.89231452638306,0.10768547361693948,0.21543060318636265,13.35941275674018,13.574843359926543,False
1249.599999999959,29.892463542412823,29.892463542412823,0.10753645758717667,0.21513248857444722,13.359950885993666,13.575083374568113,False
1250.0999999999585,29.892612352233,29.892612352233,0.10738764776699838,0.2148347864959419,13.360488270579534,13.575323057075476,False
1250.599999999958,29.892760956128942,29.892760956128942,0.10723904387105776,0.21453749637998243,13.361024911528267,13.575562407908249,False
1251.0999999999576,29.892909354385612,29.892909354385612,0.10709064561438808,0.21424061765649327,13.361560809868909,13.575801427525402,False
1251.5999999999572,29.893057547287576,29.893057547287576,0.10694245271242409,0.21394414975617337,13.362095966629093,13.576040116385267,False
1252.0999999999567,29.893205535119,29.893205535119,0.10679446488099842,0.2136480921105317,13.362630382835022,13.576278474945553,False
1252.5999999999563,29.89335331816367,29.89335331816367,0.10664668183633097,0.21335244415186594,13.363164059511478,13.576516503663344,False
1253.0999999999558,29.89350089670496,29.89350089670496,0.10649910329503953,0.21305720531323402,13.363696997681835,13.576754202995069,False
1253.5999999999553,29.89364827102587,29.89364827102587,0.10635172897412914,0.21276237502850393,13.364229198368035,13.576991573396539,False
1254.099999999955,29.893795441409008,29.893795441409008,0.10620455859099209,0.2124679527322968,13.364760662590621,13.577228615322918,False
1254.5999999999544,29.893942408136574,29.893942408136574,0.10605759186342567,0.2121739378600509,13.365291391368714,13.577465329228765,False
1255.099999999954,29.894089171490396,29.894089171490396,0.10591082850960376,0.2118803298479648,13.365821385720029,13.577701715567994,False
1255.5999999999535,29.894235731751902,29.894235731751902,0.10576426824809815,0.2115871281330186,13.366350646660871,13.57793777479389,False
1256.099999999953,29.89438208920213,29.89438208920213,0.10561791079787142,0.2112943321529812,13.366879175206144,13.578173507359125,False
1256.5999999999526,29.89452824412173,29.89452824412173,0.10547175587826985,0.21100194134639594,13.367406972369336,13.578408913715732,False
1257.0999999999522,29.894674196790973,29.894674196790973,0.10532580320902696,0.2107099551525735,13.367934039162545,13.578643994315119,False
1257.5999999999517,29.89481994748973,29.89481994748973,0.10518005251027063,0.21041837301160626,13.368460376596461,13.578878749608068,False
1258.0999999999513,29.894965496497495,29.894965496497495,0.10503450350250532,0.210127194364361,13.368985985680375,13.579113180044736,False
1258.5999999999508,29.895110844093363,29.895110844093363,0.10488915590663694,0.20983641865248615,13.369510867422184,13.57934728607467,False
1259.0999999999503,29.895255990556052,29.895255990556052,0.10474400944394802,0.2095460453183975,13.370035022828395,13.579581068146792,False
1259.59999999995,29.895400936163888,29.895400936163888,0.10459906383611184,0.20925607380527822,13.370558452904111,13.57981452670939,False
1260.0999999999494,29.895545681194825,29.895545681194825,0.10445431880517475,0.2089665035570789,13.371081158653054,13.580047662210132,False
1260.599999999949,29.895690225926415,29.895690225926415,0.10430977407358455,0.20867733401853172,13.371603141077554,13.580280475096085,False
1261.0999999999485,29.895834570635838,29.895834570635838,0.10416542936416207,0.20838856463512911,13.372124401178546,13.580512965813675,False
1261.599999999948,29.895978715599878,29.895978715599878,0.10402128440012248,0.20810019485314513,13.372644939955597,13.580745134808742,False
1262.0999999999476,29.896122661094953,29.896122661094953,0.10387733890504691,0.20781222411959988,13.373164758406876,13.580976982526476,False
1262.5999999999472,29.896266407397086,29.896266407397086,0.10373359260291437,0.20752465188228797,13.373683857529175,13.581208509411463,False
1263.0999999999467,29.896409954781923,29.896409954781923,0.10359004521807691,0.2072374775897572,13.374202238317908,13.581439715907665,False
1263.5999999999462,29.89655330352473,29.89655330352473,0.10344669647527027,0.20695070069133692,13.37471990176711,13.581670602458447,False
1264.0999999999458,29.896696453900386,29.896696453900386,0.1033035460996139,0.2066643206371097,13.375236848869443,13.581901169506553,False
1264.5999999999453,29.896839406183393,29.896839406183393,0.10316059381660736,0.2063783368779184,13.375753080616194,13.582131417494113,False
1265.0999999999449,29.896982160647877,29.896982160647877,0.10301783935212327,0.2060927488653661,13.376268597997276,13.582361346862642,False
1265.5999999999444,29.897124717567575,29.897124717567575,0.10287528243242505,0.20580755605181622,13.376783402001236,13.582590958053052,False
1266.099999999944,29.897267077215854,29.897267077215854,0.10273292278414559,0.20552275789039243,13.377297493615247,13.58282025150564,False
1266.5999999999435,29.8974092398657,29.8974092398657,0.10259076013430146,0.20523835383497158,13.377810873825124,13.583049227660096,False
1267.099999999943,29.897551205789725,29.897551205789725,0.1024487942102752,0.2049543433401695,13.378323543615311,13.58327788695548,False
1267.5999999999426,29.897692975260153,29.897692975260153,0.10230702473984721,0.20467072586139778,13.378835503968894,13.583506229830292,False
1268.0999999999422,29.89783454854884,29.89783454854884,0.1021654514511603,0.20438750085479285,13.379346755867596,13.583734256722389,False
1268.5999999999417,29.89797592592726,29.89797592592726,0.10202407407274094,0.20410466777724423,13.379857300291786,13.58396196806903,False
1269.0999999999412,29.898117107666522,29.898117107666522,0.10188289233347803,0.20382222608639466,13.38036713822047,13.584189364306864,False
1269.5999999999408,29.898258094037352,29.898258094037352,0.10174190596264765,0.20354017524064005,13.380876270631303,13.584416445871943,False
1270.0999999999403,29.898398885310105,29.898398885310105,0.10160111468989541,0.20325851469912948,13.381384698500582,13.584643213199712,False
1270.5999999999399,29.898539481754753,29.898539481754753,0.10146051824524704,0.20297724392175098,13.381892422803267,13.584869666725018,False
1271.0999999999394,29.898679883640902,29.898679883640902,0.10132011635909777,0.2026963623691529,13.38239944451295,13.585095806882103,False
1271.599999999939,29.898820091237784,29.898820091237784,0.10117990876221583,0.2024158695027225,13.38290576460189,13.585321634104613,False
1272.0999999999385,29.89896010481426,29.89896010481426,0.10103989518573897,0.20213576478458606,13.383411384040995,13.585547148825581,False
1272.599999999938,29.89909992463882,29.89909992463882,0.10090007536118151,0.2018560476776301,13.383916303799827,13.585772351477457,False
1273.0999999999376,29.89923955097957,29.89923955097957,0.1007604490204308,0.20157671764546592,13.384420524846613,13.585997242492079,False
1273.5999999999372,29.89937898410426,29.89937898410426,0.10062101589574013,0.20129777415246508,13.38492404814823,13.586221822300695,False
1274.0999999999367,29.89951822428026,29.89951822428026,0.10048177571973937,0.20101921666373102,13.385426874670232,13.586446091333963,False
1274.5999999999362,29.899657271774583,29.899657271774583,0.10034272822541723,0.200741044645099,13.385929005376823,13.586670050021922,False
1275.0999999999358,29.899796126853854,29.899796126853854,0.1002038731461461,0.20046325756316463,13.386430441230878,13.586893698794043,False
1275.5999999999353,29.899934789784346,29.899934789784346,0.10006521021565362,0.200185854885234,13.386931183193942,13.587117038079176,False
1276.0999999999349,29.900073260831956,29.900073260831956,0.09992673916804407,0.1999088360793735,13.387431232226222,13.587340068305595,False
1276.5999999999344,29.900211540262205,29.900211540262205,0.09978845973779471,0.19963220061438136,13.387930589286608,13.58756278990099,False
1277.099999999934,29.900349628340265,29.900349628340265,0.09965037165973456,0.19935594795977352,13.388429255332653,13.587785203292427,False
1277.5999999999335,29.90048752533092,29.90048752533092,0.09951247466907986,0.19908007758583324,13.38892723132059,13.588007308906423,False
1278.099999999933,29.900625231498605,29.900625231498605,0.09937476850139504,0.19880458896354725,13.389424518205324,13.588229107168871,False
1278.5999999999326,29.900762747107382,29.900762747107382,0.09923725289261753,0.19852948156464834,13.389921116940442,13.58845059850509,False
1279.0999999999322,29.900900072420946,29.900900072420946,0.09909992757905428,0.19825475486159405,13.390417028478215,13.588671783339809,False
1279.5999999999317,29.901037207702633,29.901037207702633,0.09896279229736749,0.1979804083275667,13.390912253769587,13.588892662097154,False
1280.0999999999312,29.901174153215404,29.901174153215404,0.09882584678459594,0.19770644143649463,13.39140679376419,13.589113235200685,False
1280.5999999999308,29.901310909221866,29.901310909221866,0.0986890907781337,0.19743285366303098,13.39190064941035,13.58933350307338,False
1281.0999999999303,29.90144747598426,29.90144747598426,0.09855252401574077,0.19715964448253942,13.39239382165507,13.589553466137609,False
1281.5999999999299,29.90158385376446,29.90158385376446,0.09841614623553951,0.19688681337112257,13.392886311444046,13.589773124815169,False
1282.0999999999294,29.901720042823992,29.901720042823992,0.09827995717600757,0.1966143598056007,13.39337811972167,13.58999247952727,False
1282.599999999929,29.901856043424004,29.901856043424004,0.09814395657599562,0.19634228326351888,13.393869247431017,13.590211530694535,False
1283.0999999999285,29.901991855825283,29.901991855825283,0.0980081441747167,0.19607058322316107,13.394359695513865,13.590430278737026,False
1283.599999999928,29.902127480288257,29.902127480288257,0.09787251971174271,0.1957992591635218,13.394849464910692,13.590648724074214,False
1284.0999999999276,29.902262917073006,29.902262917073006,0.09773708292699368,0.1955283105643133,13.395338556560661,13.590866867124975,False
1284.5999999999271,29.902398166439234,29.902398166439234,0.09760183356076624,0.19525773690596537,13.395826971401648,13.591084708307614,False
1285.0999999999267,29.902533228646295,29.902533228646295,0.09746677135370518,0.19498753766963972,13.396314710370225,13.591302248039865,False
1285.5999999999262,29.90266810395318,29.90266810395318,0.09733189604682124,0.19471771233720858,13.396801774401672,13.59151948673888,False
1286.0999999999258,29.90280279261852,29.90280279261852,0.09719720738148041,0.19444826039125473,13.39728816442997,13.591736424821224,False
1286.5999999999253,29.902937294900596,29.902937294900596,0.09706270509940396,0.1941791813150857,13.39777388138781,13.591953062702895,False
1287.0999999999249,29.903071611057328,29.903071611057328,0.09692838894267197,0.1939104745927196,13.398258926206593,13.592169400799312,False
1287.5999999999244,29.903205741346273,29.903205741346273,0.09679425865372693,0.1936421397088921,13.398743299816433,13.592385439525325,False
1288.099999999924,29.90333968602464,29.90333968602464,0.09666031397535946,0.1933741761490424,13.399227003146152,13.592601179295194,False
1288.5999999999235,29.903473445349277,29.903473445349277,0.09652655465072257,0.1931065833993344,13.399710037123292,13.592816620522626,False
1289.099999999923,29.90360701957668,29.90360701957668,0.096392980423321,0.19283936094664256,13.400192402674104,13.593031763620747,False
1289.5999999999226,29.90374040896299,29.90374040896299,0.0962595910370112,0.19257250827853767,13.400674100723563,13.593246609002101,False
1290.0999999999221,29.90387361376398,29.90387361376398,0.0961263862360191,0.19230602488331527,13.401155132195363,13.593461157078679,False
1290.5999999999217,29.904006634235092,29.904006634235092,0.09599336576490813,0.19203991024997435,13.40163549801192,13.593675408261895,False
1291.0999999999212,29.9041394706314,29.9041394706314,0.09586052936860057,0.19177416386821733,13.402115199094373,13.59388936296259,False
1291.5999999999208,29.904272123207626,29.904272123207626,0.09572787679237393,0.19150878522845716,13.402594236362587,13.594103021591044,False
1292.0999999999203,29.904404592218143,29.904404592218143,0.09559540778185749,0.19124377382180313,13.403072610735151,13.594316384556954,False
1292.5999999999199,29.90453687791697,29.90453687791697,0.09546312208302865,0.1909791291400822,13.403550323129387,13.59452945226947,False
1293.0999999999194,29.904668980557783,29.904668980557783,0.09533101944221656,0.1907148506758034,13.404027374461348,13.594742225137152,False
1293.599999999919,29.904800900393887,29.904800900393887,0.09519909960611272,0.19045093792220769,13.404503765645815,13.594954703568023,False
1294.0999999999185,29.90493263767826,29.90493263767826,0.09506736232173907,0.19018739037321097,13.404979497596308,13.595166887969519,False
1294.599999999918,29.90506419266351,29.90506419266351,0.09493580733649054,0.18992420752344685,13.405454571225075,13.595378778748522,False
1295.0999999999176,29.905195565601904,29.905195565601904,0.09480443439809605,0.18966138886824524,13.405928987443113,13.595590376311359,False
1295.5999999999171,29.905326756745367,29.905326756745367,0.09467324325463267,0.18939893390361817,13.406402747160149,13.595801681063767,False
1296.0999999999167,29.905457766345464,29.905457766345464,0.09454223365453629,0.18913684212630244,13.406875851284653,13.596012693410955,False
1296.5999999999162,29.905588594653413,29.905588594653413,0.09441140534658743,0.18887511303370275,13.407348300723848,13.596223413757551,False
1297.0999999999158,29.905719241920092,29.905719241920092,0.09428075807990766,0.18861374612394144,13.40782009638368,13.596433842507622,False
1297.5999999999153,29.90584970839603,29.90584970839603,0.09415029160397026,0.188352740895823,13.408291239168864,13.596643980064687,False
1298.0999999999149,29.9059799943314,29.9059799943314,0.09402000566860025,0.1880920968488553,13.408761729982848,13.596853826831703,False
1298.5999999999144,29.90611009997604,29.90611009997604,0.09388990002396014,0.1878318134832213,13.409231569727833,13.597063383211054,False
1299.099999999914,29.906240025579436,29.906240025579436,0.09375997442056416,0.18757189029981447,13.409700759304782,13.597272649604596,False
1299.5999999999135,29.90636977139073,29.90636977139073,0.09363022860927117,0.18731232680021748,13.410169299613397,13.597481626413614,False
1300.099999999913,29.906499337658715,29.906499337658715,0.09350066234128462,0.18705312248669514,13.410637191552139,13.597690314038834,False
1300.5999999999126,29.906628724631858,29.906628724631858,0.09337127536814194,0.1867942768621944,13.41110443601823,13.597898712880424,False
1301.0999999999121,29.906757932558257,29.906757932558257,0.0932420674417429,0.18653578943036564,13.411571033907647,13.598106823338012,False
1301.5999999999117,29.906886961685682,29.906886961685682,0.09311303831431772,0.18627765969553423,13.412036986115131,13.598314645810666,False
1302.0999999999112,29.907015812261555,29.907015812261555,0.09298418773844475,0.1860198871627219,13.41250229353418,13.598522180696902,False
1302.5999999999108,29.907144484532964,29.907144484532964,0.0928555154670363,0.18576247133761825,13.412966957057058,13.598729428394677,False
1303.0999999999103,29.907272978746636,29.907272978746636,0.09272702125336352,0.1855054117266235,13.413430977574794,13.598936389301418,False
1303.5999999999099,29.90740129514898,29.90740129514898,0.09259870485102084,0.1852487078367986,13.41389435597718,13.599143063813978,False
1304.0999999999094,29.907529433986042,29.907529433986042,0.09247056601395798,0.18499235917589374,13.414357093152782,13.599349452328676,False
1304.599999999909,29.907657395503545,29.907657395503545,0.09234260449645504,0.18473636525234838,13.41481918998894,13.599555555241288,False
1305.0999999999085,29.90778517994687,29.90778517994687,0.09221482005312964,0.18448072557525563,13.415280647371754,13.59976137294701,False
1305.599999999908,29.90791278756105,29.90791278756105,0.09208721243895113,0.18422543965441207,13.415741466186107,13.59996690584052,False
1306.0999999999076,29.908040218590777,29.908040218590777,0.09195978140922278,0.18397050700028927,13.416201647315656,13.600172154315946,False
1306.5999999999071,29.908167473280415,29.908167473280415,0.09183252671958542,0.18371592712404805,13.416661191642836,13.600377118766884,False
1307.0999999999067,29.908294551873986,29.908294551873986,0.09170544812601378,0.1834616995374887,13.417120100048859,13.600581799586347,False
1307.5999999999062,29.90842145461517,29.90842145461517,0.09157854538483079,0.18320782375312206,13.417578373413713,13.600786197166835,False
1308.0999999999058,29.908548181747307,29.908548181747307,0.09145181825269333,0.18295429928413398,13.418036012616176,13.60099031190031,False
1308.5999999999053,29.90867473351342,29.90867473351342,0.09132526648658157,0.18270112564434982,13.418493018533809,13.601194144178159,False
1309.0999999999049,29.90880111015617,29.90880111015617,0.09119888984383095,0.18244830234829834,13.418949392042956,13.601397694391254,False
1309.5999999999044,29.9089273119179,29.9089273119179,0.09107268808210023,0.18219582891116914,13.419405134018746,13.601600962929915,False
1310.099999999904,29.90905333904061,29.90905333904061,0.09094666095938919,0.18194370484882683,13.419860245335105,13.601803950183932,False
1310.5999999999035,29.909179191765976,29.909179191765976,0.0908208082340245,0.1816919296777968,13.42031472686474,13.602006656542537,False
1311.099999999903,29.909304870335312,29.909304870335312,0.09069512966468807,0.18144050291529368,13.420768579479159,13.602209082394452,False
1311.5999999999026,29.90943037498963,29.90943037498963,0.09056962501037091,0.1811894240791787,13.421221804048658,13.602411228127837,False
1312.0999999999021,29.90955570596959,29.90955570596959,0.09044429403040866,0.18093869268798812,13.42167440144233,13.602613094130318,False
1312.5999999999017,29.909680863515533,29.909680863515533,0.09031913648446732,0.18068830826091897,13.422126372528062,13.602814680788981,False
1313.0999999999012,29.90980584786745,29.90980584786745,0.09019415213255044,0.18043827031784332,13.422577718172551,13.603015988490395,False
1313.5999999999008,29.909930659265004,29.909930659265004,0.0900693407349955,0.18018857837930113,13.423028439241287,13.603217017620588,False
1314.0999999999003,29.910055297947544,29.910055297947544,0.0899447020524562,0.17993923196647899,13.423478536598559,13.603417768565038,False
1314.5999999998999,29.910179764154062,29.910179764154062,0.0898202358459379,0.17969023060124556,13.423928011107467,13.603618241708713,False
1315.0999999998994,29.910304058123238,29.910304058123238,0.08969594187676222,0.17944157380610903,13.42437686362991,13.603818437436018,False
1315.599999999899,29.910428180093415,29.910428180093415,0.0895718199065847,0.1791932611042597,13.424825095026602,13.604018356130862,False
1316.0999999998985,29.9105521303026,29.9105521303026,0.08944786969739837,0.17894529201954157,13.42527270615706,13.604217998176601,False
1316.599999999898,29.910675908988484,29.910675908988484,0.08932409101151606,0.17869766607645232,13.425719697879613,13.604417363956065,False
1317.0999999998976,29.910799516388423,29.910799516388423,0.0892004836115774,0.17845038280014336,13.426166071051403,13.604616453851547,False
1317.5999999998971,29.91092295273944,29.91092295273944,0.08907704726055954,0.17820344171643399,13.426611826528386,13.60481526824482,False
1318.0999999998967,29.911046218278234,29.911046218278234,0.08895378172176649,0.1779568423517972,13.427056965165333,13.60501380751713,False
1318.5999999998962,29.911169313241178,29.911169313241178,0.088830686758822,0.17771058423335262,13.427501487815832,13.605212072049184,False
1319.0999999998958,29.91129223786432,29.91129223786432,0.08870776213568021,0.17746466688888773,13.427945395332292,13.60541006222118,False
1319.5999999998953,29.911414992383367,29.911414992383367,0.0885850076166328,0.17721908984683665,13.428388688565938,13.605607778412775,False
1320.0999999998949,29.911537577033723,29.911537577033723,0.08846242296627693,0.17697385263628007,13.428831368366817,13.605805221003097,False
1320.5999999998944,29.911659992050446,29.911659992050446,0.08834000794955443,0.1767289547869595,13.42927343558381,13.606002390370769,False
1321.099999999894,29.91178223766828,29.91178223766828,0.08821776233171974,0.176484395829263,13.429714891064608,13.60619928689387,False
1321.5999999998935,29.91190431412164,29.91190431412164,0.08809568587836125,0.17624017529423242,13.43015573565574,13.606395910949972,False
1322.099999999893,29.912026221644613,29.912026221644613,0.08797377835538711,0.1759962927135561,13.430595970202562,13.606592262916118,False
1322.5999999998926,29.91214796047097,29.91214796047097,0.08785203952902876,0.17575274761956194,13.431035595549254,13.606788343168816,False
1323.0999999998921,29.912269530834156,29.912269530834156,0.08773046916584448,0.17550953954524573,13.431474612538832,13.606984152084078,False
1323.5999999998917,29.912390932967288,29.912390932967288,0.08760906703271232,0.17526666802422852,13.43191302201315,13.607179690037379,False
1324.0999999998912,29.912512167103163,29.912512167103163,0.08748783289683715,0.1750241325907922,13.432350824812888,13.60737495740368,False
1324.5999999998908,29.912633233474264,29.912633233474264,0.0873667665257365,0.17478193277984388,13.432788021777572,13.607569954557416,False
1325.0999999998903,29.91275413231274,29.91275413231274,0.08724586768725828,0.17454006812695155,13.433224613745557,13.607764681872508,False
1325.5999999998899,29.912874863850423,29.912874863850423,0.08712513614957729,0.17429853816833685,13.433660601554044,13.60795913972238,False
1326.0999999998894,29.912995428318826,29.912995428318826,0.08700457168117381,0.17405734244082538,13.434095986039072,13.608153328479897,False
1326.599999999889,29.913115825949145,29.913115825949145,0.08688417405085502,0.17381648048191778,13.434530768035529,13.608347248517447,False
1327.0999999998885,29.91323605697225,29.91323605697225,0.08676394302775137,0.17357595182973284,13.43496494837714,13.608540900206872,False
1327.599999999888,29.91335612161869,29.91335612161869,0.08664387838130949,0.17333575602304307,13.43539852789648,13.608734283919523,False
1328.0999999998876,29.913476020118697,29.913476020118697,0.08652397988130289,0.17309589260126046,13.435831507424972,13.608927400026232,False
1328.5999999998871,29.913595752702193,29.913595752702193,0.08640424729780705,0.17285636110442226,13.43626388779289,13.609120248897312,False
1329.0999999998867,29.91371531959877,29.91371531959877,0.08628468040123138,0.17261716107320524,13.436695669829358,13.609312830902564,False
1329.5999999998862,29.913834721037706,29.913834721037706,0.08616527896229442,0.17237829204893274,13.437126854362347,13.60950514641128,False
1330.0999999998858,29.91395395724797,29.91395395724797,0.08604604275203087,0.17213975357353917,13.437557442218692,13.609697195792231,False
1330.5999999998853,29.914073028458198,29.914073028458198,0.08592697154180229,0.17190154518961975,13.437987434224079,13.609888979413698,False
1331.0999999998849,29.914191934896724,29.914191934896724,0.08580806510327577,0.17166366644038789,13.43841683120305,13.610080497643438,False
1331.5999999998844,29.91431067679156,29.91431067679156,0.08568932320844169,0.17142611686969644,13.438845633979007,13.610271750848703,False
1332.099999999884,29.914429254370397,29.914429254370397,0.0855707456296031,0.17118889602202358,13.43927384337421,13.610462739396233,False
1332.5999999998835,29.91454766786062,29.91454766786062,0.0854523321393792,0.17095200344247985,13.439701460209788,13.610653463652268,False
1333.099999999883,29.9146659174893,29.9146659174893,0.0853340825106983,0.17071543867680106,13.440128485305728,13.610843923982529,False
1333.5999999998826,29.914784003483188,29.914784003483188,0.085215996516812,0.1704792012713625,13.440554919480881,13.611034120752244,False
1334.0999999998821,29.914901926068723,29.914901926068723,0.08509807393127744,0.1702432907731506,13.440980763552975,13.611224054326126,False
1334.5999999998817,29.91501968547203,29.91501968547203,0.0849803145279715,0.17000770672979826,13.4414060183386,13.611413725068399,False
1335.0999999998812,29.91513728191892,29.91513728191892,0.08486271808108015,0.16977244868954955,13.44183068465321,13.61160313334276,False
1335.5999999998808,29.915254715634894,29.915254715634894,0.08474528436510553,0.16953751620128088,13.442254763311137,13.611792279512418,False
1336.0999999998803,29.915371986845145,29.915371986845145,0.08462801315485535,0.16930290881449395,13.442678255125584,13.611981163940078,False
1336.5999999998799,29.91548909577454,29.91548909577454,0.08451090422546059,0.16906862607930861,13.443101160908633,13.612169786987941,False
1337.0999999998794,29.91560604264765,29.91560604264765,0.08439395735235067,0.16883466754647714,13.443523481471233,13.61235814901771,False
1337.599999999879,29.91572282768874,29.91572282768874,0.08427717231126053,0.1686010327673415,13.443945217623227,13.612546250390569,False
1338.0999999998785,29.91583945112174,29.91583945112174,0.08416054887825908,0.16836772129390454,13.444366370173318,13.612734091467223,False
1338.599999999878,29.915955913170293,29.915955913170293,0.08404408682970654,0.16813473267876589,13.444786939929104,13.61292167260787,False
1339.0999999998776,29.91607221405772,29.91607221405772,0.08392778594227934,0.1679020664751647,13.44520692769706,13.613108994172224,False
1339.5999999998771,29.916188354007037,29.916188354007037,0.08381164599296298,0.1676697222369441,13.44562633428254,13.613296056519484,False
1340.0999999998767,29.91630433324095,29.91630433324095,0.08369566675904849,0.16743769951855825,13.446045160489795,13.613482860008354,False
1340.5999999998762,29.916420151981868,29.916420151981868,0.08357984801813245,0.1672059978750795,13.446463407121957,13.613669404997037,False
1341.0999999998758,29.91653581045187,29.91653581045187,0.08346418954813117,0.1669746168622197,13.446881074981043,13.613855691843263,False
1341.5999999998753,29.91665130887274,29.91665130887274,0.0833486911272594,0.16674355603628044,13.447298164867966,13.614041720904247,False
1342.0999999998749,29.916766647465966,29.916766647465966,0.08323335253403386,0.16651281495417436,13.447714677582528,13.614227492536703,False
1342.5999999998744,29.916881826452713,29.916881826452713,0.08311817354728745,0.1662823931734465,13.448130613923427,13.614413007096873,False
1343.099999999874,29.916996846053845,29.916996846053845,0.0830031539461551,0.16605229025224588,13.44854597468825,13.614598264940495,False
1343.5999999998735,29.917111706489923,29.917111706489923,0.0828882935100772,0.16582250574933255,13.448960760673488,13.61478326642282,False
1344.099999999873,29.9172264079812,29.9172264079812,0.08277359201879975,0.16559303922406343,13.44937497267452,13.614968011898583,False
1344.5999999998726,29.917340950747626,29.917340950747626,0.08265904925237422,0.16536389023643494,13.449788611485634,13.615152501722068,False
1345.0999999998721,29.917455335008846,29.917455335008846,0.08254466499115409,0.16513505834702613,13.450201677900015,13.615336736247041,False
1345.5999999998717,29.917569560984195,29.917569560984195,0.08243043901580549,0.16490654311704844,13.45061417270975,13.615520715826799,False
1346.0999999998712,29.917683628892714,29.917683628892714,0.08231637110728585,0.16467834410829596,13.451026096705828,13.615704440814124,False
1346.5999999998708,29.917797538953142,29.917797538953142,0.08220246104685813,0.16445046088317383,13.451437450678148,13.615887911561321,False
1347.0999999998703,29.91791129138391,29.91791129138391,0.08208870861609086,0.16422289300469117,13.45184823541551,13.6160711284202,False
1347.5999999998699,29.918024886403142,29.918024886403142,0.08197511359685805,0.16399564003648237,13.452258451705632,13.616254091742114,False
1348.0999999998694,29.918138324228668,29.918138324228668,0.08186167577133219,0.16376870154277157,13.45266810033513,13.616436801877901,False
1348.599999999869,29.918251605078012,29.918251605078012,0.08174839492198771,0.16354207708838686,13.453077182089542,13.616619259177929,False
1349.0999999998685,29.9183647291684,29.9183647291684,0.08163527083160105,0.16331576623876032,13.453485697753313,13.616801463992074,False
1349.599999999868,29.918477696716753,29.918477696716753,0.08152230328324706,0.16308976855991375,13.453893648109801,13.616983416669715,False
1350.0999999998676,29.9185905079397,29.9185905079397,0.08140949206029902,0.16286408361848714,13.454301033941286,13.617165117559773,False
1350.5999999998671,29.918703163053564,29.918703163053564,0.08129683694643575,0.16263871098171023,13.454707856028959,13.617346567010669,False
1351.0999999998667,29.918815662274376,29.918815662274376,0.08118433772562383,0.1624136502174025,13.455114115152938,13.61752776537034,False
1351.5999999998662,29.918928005817854,29.918928005817854,0.08107199418214606,0.16218890089400162,13.45551981209225,13.617708712986252,False
1352.0999999998658,29.91904019389942,29.91904019389942,0.08095980610058007,0.1619644625805421,13.455924947624856,13.617889410205398,False
1352.5999999998653,29.919152226734212,29.919152226734212,0.08084777326578774,0.16174033484664108,13.456329522527634,13.618069857374275,False
1353.0999999998648,29.919264104537064,29.919264104537064,0.08073589546293647,0.1615165172625055,13.456733537576385,13.61825005483889,False
1353.5999999998644,29.919375827522508,29.919375827522508,0.0806241724774921,0.1612930093989533,13.457136993545845,13.618430002944798,False
1354.099999999864,29.919487395904778,29.919487395904778,0.08051260409522243,0.16106981082739225,13.45753989120967,13.618609702037062,False
1354.5999999998635,29.91959880989782,29.91959880989782,0.0804011901021795,0.1608469211198198,13.457942231340448,13.618789152460268,False
1355.099999999863,29.919710069715276,29.919710069715276,0.08028993028472442,0.1606243398488303,13.458344014709699,13.618968354558529,False
1355.5999999998626,29.919821175570494,29.919821175570494,0.08017882442950608,0.1604020665876007,13.458745242087868,13.619147308675469,False
1356.0999999998621,29.91993212767654,29.91993212767654,0.08006787232346113,0.16018010090990487,13.45914591424435,13.619326015154256,False
1356.5999999998617,29.920042926246154,29.920042926246154,0.07995707375384598,0.15995844239011348,13.459546031947454,13.619504474337568,False
1357.0999999998612,29.92015357149181,29.92015357149181,0.07984642850819057,0.15973709060318697,13.459945595964445,13.619682686567632,False
1357.5999999998608,29.920264063625684,29.920264063625684,0.0797359363743162,0.15951604512464712,13.460344607061513,13.61986065218616,False
1358.0999999998603,29.92037440285965,29.92037440285965,0.07962559714034967,0.15929530553061966,13.4607430660038,13.62003837153442,False
1358.5999999998598,29.92048458940529,29.92048458940529,0.07951541059470912,0.15907487139783427,13.461140973555377,13.620215844953211,False
1359.0999999998594,29.920594623473896,29.920594623473896,0.07940537652610402,0.1588547423035891,13.461538330479266,13.620393072782855,False
1359.599999999859,29.920704505276465,29.920704505276465,0.07929549472353514,0.158634917825772,13.461935137537425,13.620570055363197,False
1360.0999999998585,29.920814235023705,29.920814235023705,0.07918576497629459,0.1584153975428393,13.46233139549077,13.620746793033609,False
1360.599999999858,29.920923812926038,29.920923812926038,0.07907618707396225,0.15819618103385125,13.462727105099148,13.620923286133,False
1361.0999999998576,29.921033239193576,29.921033239193576,0.07896676080642351,0.1579772678784508,13.46312226712137,13.621099534999821,False
1361.5999999998571,29.921142514036166,29.921142514036166,0.0788574859638338,0.15775865765683506,13.463516882315192,13.621275539972027,False
1362.0999999998567,29.921251637663346,29.921251637663346,0.07874836233665405,0.15754034994981225,13.463910951437315,13.621451301387127,False
1362.5999999998562,29.921360610284367,29.921360610284367,0.078639389715633,0.15732234433875902,13.464304475243395,13.621626819582154,False
1363.0999999998558,29.92146943210819,29.92146943210819,0.07853056789181068,0.15710464040564176,13.464697454488048,13.62180209489369,False
1363.5999999998553,29.921578103343492,29.921578103343492,0.07842189665650778,0.15688723773298818,13.465089889924844,13.621977127657832,False
1364.0999999998548,29.92168662419866,29.92168662419866,0.0783133758013399,0.15667013590390866,13.465481782306304,13.622151918210212,False
1364.5999999998544,29.92179499488179,29.92179499488179,0.07820500511821038,0.1564533345021033,13.46587313238392,13.622326466886022,False
1365.099999999854,29.92190321560069,29.92190321560069,0.07809678439931034,0.15623683311183356,13.46626394090813,13.622500774019963,False
1365.5999999998535,29.92201128656289,29.92201128656289,0.07798871343711156,0.15602063131792931,13.466654208628341,13.62267483994627,False
1366.099999999853,29.922119207975612,29.922119207975612,0.0778807920243878,0.1558047287058244,13.46704393629292,13.622848664998745,False
1366.5999999998526,29.922226980045817,29.922226980045817,0.07777301995418284,0.15558912486149268,13.467433124649206,13.623022249510699,False
1367.0999999998521,29.922334602980158,29.922334602980158,0.07766539701984243,0.15537381937150485,13.467821774443493,13.623195593814998,False
1367.5999999998517,29.922442076985007,29.922442076985007,0.07755792301499298,0.15515881182300006,13.468209886421052,13.623368698244052,False
1368.0999999998512,29.92254940226646,29.92254940226646,0.07745059773354157,0.1549441018036859,13.468597461326114,13.6235415631298,False
1368.5999999998508,29.92265657903032,29.92265657903032,0.0773434209696795,0.15472968890182415,13.468984499901888,13.623714188803712,False
1369.0999999998503,29.922763607482107,29.922763607482107,0.07723639251789294,0.15451557270628058,13.46937100289055,13.623886575596831,False
1369.5999999998498,29.92287048782706,29.92287048782706,0.07712951217294162,0.15430175280645386,13.469756971033249,13.624058723839703,False
1370.0999999998494,29.92297722027012,29.92297722027012,0.07702277972988014,0.15408822879233952,13.47014240507011,13.62423063386245,False
1370.599999999849,29.923083805015963,29.923083805015963,0.07691619498403668,0.1538750002544873,13.470527305740232,13.62440230599472,False
1371.0999999998485,29.923190242268976,29.923190242268976,0.07680975773102361,0.15366206678400118,13.47091167378169,13.62457374056569,False
1371.599999999848,29.923296532233255,29.923296532233255,0.07670346776674464,0.153449427972582,13.47129550993154,13.624744937904122,False
1372.0999999998476,29.923402675112623,29.923402675112623,0.07659732488737703,0.15323708341246345,13.471678814925822,13.624915898338285,False
1372.5999999998471,29.923508671110618,29.923508671110618,0.07649132888938226,0.15302503269646195,13.47206158949955,13.625086622196012,False
1373.0999999998467,29.923614520430487,29.923614520430487,0.07638547956951314,0.1528132754179694,13.472443834386727,13.625257109804696,False
1373.5999999998462,29.92372022327521,29.92372022327521,0.07627977672478892,0.15260181117091065,13.472825550320335,13.625427361491246,False
1374.0999999998457,29.923825779847487,29.923825779847487,0.07617422015251307,0.15239063954978604,13.473206738032346,13.625597377582132,False
1374.5999999998453,29.923931190349723,29.923931190349723,0.07606880965027685,0.15217976014965728,13.473587398253715,13.625767158403372,False
1375.0999999998448,29.92403645498405,29.92403645498405,0.0759635450159486,0.1519691725661474,13.473967531714392,13.625936704280539,False
1375.5999999998444,29.92414157395233,29.92414157395233,0.07585842604767024,0.15175887639544072,13.474347139143308,13.626106015538749,False
1376.099999999844,29.924246547456125,29.924246547456125,0.075753452543875,0.15154887123428296,13.474726221268392,13.626275092502675,False
1376.5999999998435,29.924351375696737,29.924351375696737,0.07564862430326258,0.1513391566799669,13.475104778816565,13.626443935496532,False
1377.099999999843,29.924456058875183,29.924456058875183,0.07554394112481688,0.15112973233034666,13.47548281251374,13.626612544844086,False
1377.5999999998426,29.924560597192198,29.924560597192198,0.07543940280780248,0.1509205977838377,13.475860323084824,13.626780920868661,False
1378.099999999842,29.924664990848242,29.924664990848242,0.0753350091517575,0.15071175263940262,13.476237311253728,13.62694906389313,False
1378.5999999998417,29.924769240043506,29.924769240043506,0.07523075995649364,0.1505031964965653,13.476613777743351,13.627116974239916,False
1379.0999999998412,29.92487334497789,29.92487334497789,0.07512665502211036,0.15029492895540386,13.476989723275599,13.627284652231003,False
1379.5999999998407,29.924977305851023,29.924977305851023,0.07502269414897711,0.15008694961655067,13.477365148571378,13.627452098187929,False
1380.0999999998403,29.92508112286226,29.92508112286226,0.07491887713774048,0.1498792580811923,13.477740054350598,13.62761931243179,False
1380.5999999998398,29.92518479621067,29.92518479621067,0.07481520378933126,0.14967185395106952,13.478114441332163,13.627786295283233,False
1381.0999999998394,29.925288326095064,29.925288326095064,0.07471167390493605,0.14946473682845607,13.478488310233995,13.627953047062451,False
1381.599999999839,29.925391712713967,29.925391712713967,0.07460828728603275,0.14925790631618696,13.478861661773017,13.628119568089204,False
1382.0999999998385,29.92549495626563,29.92549495626563,0.07450504373436928,0.14905136201765856,13.479234496665157,13.628285858682816,False
1382.599999999838,29.92559805694803,29.92559805694803,0.07440194305197068,0.14884510353680724,13.479606815625354,13.628451919162162,False
1383.0999999998376,29.925701014958868,29.925701014958868,0.07429898504113197,0.1486391304781094,13.479978619367564,13.628617749845674,False
1383.599999999837,29.925803830495582,29.925803830495582,0.07419616950441821,0.14843344244659562,13.480349908604747,13.628783351051343,False
1384.0999999998367,29.92590650375533,29.92590650375533,0.07409349624467154,0.14822803904783655,13.48072068404888,13.628948723096716,False
1384.5999999998362,29.92600903493498,29.92600903493498,0.07399096506501834,0.14802291988796412,13.48109094641095,13.629113866298914,False
1385.0999999998357,29.926111424231156,29.926111424231156,0.07388857576884433,0.14781808457365742,13.481460696400971,13.629278780974628,False
1385.5999999998353,29.926213671840195,29.926213671840195,0.07378632815980524,0.1476135327121142,13.481829934727962,13.629443467440076,False
1386.0999999998348,29.92631577795817,29.92631577795817,0.07368422204183034,0.14740926391108644,13.482198662099966,13.629607926011053,False
1386.5999999998344,29.92641774278087,29.92641774278087,0.07358225721912959,0.14720527777887327,13.48256687922405,13.629772157002924,False
1387.099999999834,29.926519566503824,29.926519566503824,0.07348043349617583,0.147001573924328,13.482934586806298,13.629936160730626,False
1387.5999999998335,29.926621249322285,29.926621249322285,0.07337875067771549,0.14679815195682266,13.483301785551818,13.630099937508641,False
1388.099999999833,29.92672279143124,29.92672279143124,0.07327720856876141,0.1465950114862835,13.483668476164747,13.63026348765103,False
1388.5999999998326,29.926824193025404,29.926824193025404,0.07317580697459647,0.1463921521231697,13.484034659348236,13.630426811471406,False
1389.099999999832,29.92692545429922,29.92692545429922,0.07307454570078065,0.14618957347848038,13.484400335804473,13.630589909282953,False
1389.5999999998317,29.927026575446867,29.927026575446867,0.07297342455313327,0.14598727516376186,13.48476550623467,13.630752781398431,False
1390.0999999998312,29.927127556662253,29.927127556662253,0.07287244333774723,0.14578525679108623,13.485130171339069,13.630915428130155,False
1390.5999999998307,29.927228398139015,29.927228398139015,0.07277160186098541,0.14558351797306557,13.48549433181695,13.631077849790016,False
1391.0999999998303,29.927329100070526,29.927329100070526,0.07267089992947362,0.1453820583228591,13.485857988366611,13.63124004668947,False
1391.5999999998298,29.92742966264989,29.92742966264989,0.0725703373501112,0.14518087745414476,13.486221141685396,13.631402019139541,False
1392.0999999998294,29.92753008606994,29.92753008606994,0.07246991393006041,0.14497997498114756,13.48658379246968,13.631563767450828,False
1392.599999999829,29.92763037052325,29.92763037052325,0.07236962947674996,0.14477935051861124,13.486945941414874,13.631725291933485,False
1393.0999999998285,29.92773051620212,29.92773051620212,0.07226948379787856,0.14457900368184085,13.48730758921543,13.63188659289727,False
1393.599999999828,29.927830523298592,29.927830523298592,0.07216947670140783,0.14437893408663882,13.487668736564832,13.63204767065147,False
1394.0999999998276,29.927930392004434,29.927930392004434,0.07206960799556583,0.14417914134936183,13.488029384155608,13.63220852550497,False
1394.599999999827,29.928030122511156,29.928030122511156,0.07196987748884354,0.14397962508688522,13.488389532679328,13.632369157766213,False
1395.0999999998267,29.92812971500999,29.92812971500999,0.07187028499000903,0.14378038491663148,13.48874918282661,13.63252956774324,False
1395.5999999998262,29.928229169691924,29.928229169691924,0.07177083030807552,0.14358142045653466,13.489108335287108,13.632689755743643,False
1396.0999999998257,29.92832848674766,29.92832848674766,0.07167151325234045,0.14338273132507595,13.489466990749527,13.632849722074603,False
1396.5999999998253,29.92842766636765,29.92842766636765,0.07157233363234994,0.14318431714124102,13.489825149901614,13.633009467042855,False
1397.0999999998248,29.928526708742083,29.928526708742083,0.07147329125791657,0.14298617752455556,13.490182813430167,13.633168990954722,False
1397.5999999998244,29.928625614060877,29.928625614060877,0.07137438593912293,0.14278831209507814,13.490539982021035,13.633328294116113,False
1398.099999999824,29.928724382513693,29.928724382513693,0.0712756174863074,0.14259072047337185,13.490896656359116,13.633487376832488,False
1398.5999999998235,29.92882301428992,29.92882301428992,0.07117698571007836,0.14239340228056108,13.49125283712836,13.633646239408922,False
1399.099999999823,29.928921509578704,29.928921509578704,0.07107849042129644,0.1421963571382534,13.491608525011777,13.63380488215003,False
1399.5999999998226,29.9290198685689,29.9290198685689,0.07098013143109938,0.14199958466861773,13.491963720691421,13.633963305360039,False
1400.099999999822,29.929118091449133,29.929118091449133,0.07088190855086651,0.14180308449432033,13.492318424848412,13.634121509342732,False
1400.5999999998216,29.929216178407753,29.929216178407753,0.07078382159224716,0.14160685623854619,13.492672638162915,13.634279494401461,False
1401.0999999998212,29.929314129632843,29.929314129632843,0.07068587036715712,0.1414108995250274,13.493026361314172,13.6344372608392,False
1401.5999999998207,29.929411945312232,29.929411945312232,0.07058805468776796,0.14121521397799341,13.493379594980468,13.634594808958461,False
1402.0999999998203,29.929509625633496,29.929509625633496,0.07049037436650352,0.14101979922219954,13.493732339839159,13.634752139061359,False
1402.5999999998198,29.929607170783942,29.929607170783942,0.0703928292160576,0.14082465488292684,13.494084596566658,13.634909251449585,False
1403.0999999998194,29.92970458095062,29.92970458095062,0.07029541904937986,0.14062978058596798,13.49443636583845,13.635066146424418,False
1403.599999999819,29.929801856320317,29.929801856320317,0.0701981436796828,0.14043517595764143,13.494787648329078,13.63522282428672,False
1404.0999999998185,29.929898997079572,29.929898997079572,0.07010100292042765,0.14024084062477726,13.495138444712152,13.63537928533693,False
1404.599999999818,29.929996003414658,29.929996003414658,0.07000399658534207,0.14004677421471712,13.495488755660348,13.635535529875066,False
1405.0999999998176,29.93009287551159,29.93009287551159,0.06990712448840952,0.13985297635532845,13.495838581845424,13.635691558200753,False
1405.599999999817,29.930189613556134,29.930189613556134,0.06981038644386572,0.1396594466749832,13.496187923938194,13.635847370613178,False
1406.0999999998166,29.93028621773379,29.93028621773379,0.06971378226620928,0.139466184802572,13.496536782608548,13.63600296741112,False
1406.5999999998162,29.930382688229802,29.930382688229802,0.06961731177019814,0.13927319036750418,13.49688515852545,13.636158348892954,False
1407.0999999998157,29.93047902522916,29.93047902522916,0.06952097477083896,0.13908046299970067,13.49723305235694,13.63631351535664,False
1407.5999999998153,29.9305752289166,29.9305752289166,0.06942477108340128,0.13888800232958687,13.497580464770131,13.636468467099718,False
1408.0999999998148,29.930671299476597,29.930671299476597,0.06932870052340334,0.13869580798810688,13.497927396431214,13.63662320441932,False
1408.5999999998144,29.930767237093377,29.930767237093377,0.06923276290662272,0.1385038796067093,13.498273848005459,13.636777727612168,False
1409.099999999814,29.930863041950907,29.930863041950907,0.06913695804909281,0.1383122168173614,13.498619820157213,13.636932036974574,False
1409.5999999998135,29.930958714232897,29.930958714232897,0.06904128576710278,0.13812081925253494,13.4989653135499,13.637086132802436,False
1410.099999999813,29.93105425412281,29.93105425412281,0.06894574587719049,0.1379296865452062,13.499310328846034,13.63724001539124,False
1410.5999999998126,29.931149661803854,29.931149661803854,0.06885033819614605,0.13773881832886303,13.499654866707212,13.637393685036075,False
1411.099999999812,29.931244937458974,29.931244937458974,0.06875506254102604,0.13754821423749775,13.49999892779411,13.637547142031607,False
1411.5999999998116,29.93134008127087,29.93134008127087,0.06865991872912858,0.13735787390562137,13.500342512766489,13.63770038667211,False
1412.0999999998112,29.931435093421992,29.931435093421992,0.06856490657800762,0.13716779696823522,13.500685622283203,13.637853419251439,False
1412.5999999998107,29.931529974094527,29.931529974094527,0.06847002590547291,0.1369779830608593,13.501028257002192,13.638006240063051,False
1413.0999999998103,29.931624723470428,29.931624723470428,0.0683752765295722,0.13678843181948963,13.501370417580485,13.638158849399975,False
1413.5999999998098,29.93171934173137,29.93171934173137,0.06828065826863039,0.13659914288066943,13.501712104674203,13.638311247554872,False
1414.0999999998094,29.931813829058797,29.931813829058797,0.06818617094120327,0.13641011588141794,13.502053318938554,13.638463434819972,False
1414.599999999809,29.931908185633898,29.931908185633898,0.06809181436610245,0.13622135045925177,13.502394061027843,13.638615411487095,False
1415.0999999998085,29.932002411637608,29.932002411637608,0.06799758836239178,0.13603284625219914,13.502734331595473,13.638767177847672,False
1415.599999999808,29.93209650725061,29.93209650725061,0.06790349274939089,0.13584460289879985,13.50307413129394,13.63891873419274,False
1416.0999999998076,29.932190472653343,29.932190472653343,0.06780952734665746,0.13565662003806978,13.503413460774835,13.639070080812905,False
1416.599999999807,29.932284308025984,29.932284308025984,0.06771569197401561,0.1354688973095577,13.503752320688848,13.639221217998406,False
1417.0999999998066,29.932378013548483,29.932378013548483,0.06762198645151685,0.13528143435326712,13.50409071168577,13.639372146039037,False
1417.5999999998062,29.932471589400517,29.932471589400517,0.06752841059948267,0.1350942308097416,13.504428634414491,13.639522865224233,False
1418.0999999998057,29.932565035761534,29.932565035761534,0.06743496423846551,0.1349072863199865,13.504766089523004,13.63967337584299,False
1418.5999999998053,29.93265835281072,29.93265835281072,0.0673416471892807,0.13472060052552592,13.505103077658411,13.639823678183937,False
1419.0999999998048,29.932751540727015,29.932751540727015,0.06724845927298517,0.13453417306838844,13.505439599466909,13.639973772535297,False
1419.5999999998044,29.932844599689115,29.932844599689115,0.06715540031088452,0.13434800359107868,13.505775655593803,13.640123659184882,False
1420.099999999804,29.932937529875474,29.932937529875474,0.06706247012452593,0.13416209173659155,13.506111246683512,13.640273338420103,False
1420.5999999998035,29.93303033146429,29.93303033146429,0.06696966853570885,0.13397643714842644,13.506446373379557,13.640422810527983,False
1421.099999999803,29.93312300463352,29.93312300463352,0.0668769953664814,0.13379103947058724,13.506781036324563,13.64057207579515,False
1421.5999999998025,29.933215549560863,29.933215549560863,0.06678445043913683,0.13360589834755388,13.50711523616028,13.640721134507833,False
1422.099999999802,29.933307966423786,29.933307966423786,0.06669203357621356,0.13342101342431079,13.507448973527557,13.640869986951868,False
1422.5999999998016,29.93340025539951,29.93340025539951,0.06659974460049156,0.13323638434631846,13.507782249066368,13.641018633412687,False
1423.0999999998012,29.933492416665008,29.933492416665008,0.0665075833349924,0.13305201075952056,13.508115063415792,13.641167074175312,False
1423.5999999998007,29.933584450396992,29.933584450396992,0.06641554960300766,0.13286789231040075,13.508447417214025,13.641315309524426,False
1424.0999999998003,29.933676356771954,29.933676356771954,0.06632364322804563,0.13268402864587614,13.508779311098381,13.641463339744258,False
1424.5999999997998,29.933768135966133,29.933768135966133,0.06623186403386683,0.13250041941338253,13.509110745705296,13.641611165118679,False
1425.0999999997994,29.93385978815552,29.93385978815552,0.06614021184448049,0.13231706426082468,13.50944172167032,13.641758785931145,False
1425.599999999799,29.933951313515863,29.933951313515863,0.06604868648413742,0.13213396283661893,13.509772239628129,13.641906202464748,False
1426.0999999997985,29.934042712222677,29.934042712222677,0.0659572877773229,0.1319511147896364,13.510102300212507,13.642053415002144,False
1426.599999999798,29.93413398445122,29.93413398445122,0.06586601554878158,0.13176851976926685,13.510431904056379,13.642200423825646,False
1427.0999999997975,29.93422513037651,29.93422513037651,0.065774869623489,0.13158617742536194,13.510761051791786,13.642347229217147,False
1427.599999999797,29.934316150173338,29.934316150173338,0.06568384982666231,0.1314040874082636,13.511089744049894,13.642493831458157,False
1428.0999999997966,29.934407044016233,29.934407044016233,0.06559295598376735,0.131222249368804,13.511417981460996,13.6426402308298,False
1428.5999999997962,29.93449781207949,29.93449781207949,0.06550218792051155,0.13104066295829853,13.511745764654512,13.64278642761281,False
1429.0999999997957,29.934588454537163,29.934588454537163,0.06541154546283678,0.1308593278285457,13.512073094258993,13.642932422087538,False
1429.5999999997953,29.934678971563073,29.934678971563073,0.06532102843692655,0.1306782436318059,13.512399970902118,13.643078214533924,False
1430.0999999997948,29.93476936333079,29.93476936333079,0.06523063666920947,0.13049741002084403,13.5127263952107,13.643223805231544,False
1430.5999999997944,29.934859630013648,29.934859630013648,0.0651403699863522,0.13031682664889388,13.513052367810682,13.643369194459575,False
1431.099999999794,29.93494977178474,29.93494977178474,0.06505022821525941,0.13013649316967246,13.513377889327142,13.643514382496814,False
1431.5999999997935,29.935039788816923,29.935039788816923,0.06496021118307738,0.12995640923737994,13.513702960384293,13.643659369621673,False
1432.099999999793,29.935129681282802,29.935129681282802,0.0648703187171975,0.12977657450669255,13.514027581605486,13.643804156112179,False
1432.5999999997925,29.935219449354765,29.935219449354765,0.06478055064523502,0.12959698863275548,13.514351753613203,13.643948742245959,False
1433.099999999792,29.935309093204943,29.935309093204943,0.0646909067950574,0.1294176512712113,13.514675477029074,13.644093128300286,False
1433.5999999997916,29.935398613005233,29.935398613005233,0.06460138699476659,0.12923856207815732,13.514998752473865,13.644237314552022,False
1434.0999999997912,29.9354880089273,29.9354880089273,0.064511991072699,0.12905972071017402,13.515321580567477,13.644381301277651,False
1434.5999999997907,29.935577281142564,29.935577281142564,0.06442271885743622,0.12888112682433217,13.51564396192896,13.644525088753293,False
1435.0999999997903,29.93566642982222,29.93566642982222,0.06433357017778008,0.12870278007814306,13.515965897176512,13.644668677254655,False
1435.5999999997898,29.935755455137205,29.935755455137205,0.0642445448627953,0.1285246801296367,13.51628738692746,13.644812067057096,False
1436.0999999997894,29.93584435725824,29.93584435725824,0.06415564274175978,0.12834682663727648,13.516608431798286,13.644955258435562,False
1436.599999999789,29.9359331363558,29.9359331363558,0.06406686364420011,0.12816921926001612,13.516929032404626,13.645098251664642,False
1437.0999999997885,29.93602179260013,29.93602179260013,0.06397820739987026,0.12799185765728538,13.517249189361253,13.645241047018539,False
1437.599999999788,29.93611032616123,29.93611032616123,0.06388967383876931,0.12781474148896876,13.517568903282093,13.645383644771062,False
1438.0999999997875,29.93619873720887,29.93619873720887,0.06380126279113085,0.12763787041544816,13.51788817478022,13.645526045195668,False
1438.599999999787,29.93628702591259,29.93628702591259,0.06371297408740872,0.1274612440975389,13.518207004467866,13.645668248565405,False
1439.0999999997866,29.936375192441687,29.936375192441687,0.06362480755831257,0.12728486219656077,13.51852539295641,13.645810255152972,False
1439.5999999997862,29.936463236965228,29.936463236965228,0.06353676303477229,0.12710872437428833,13.518843340856385,13.645952065230674,False
1440.0999999997857,29.93655115965204,29.93655115965204,0.06344884034795939,0.126932830292958,13.519160848777485,13.646093679070443,False
1440.5999999997853,29.93663896067073,29.93663896067073,0.06336103932926918,0.1267571796152822,13.519477917328555,13.646235096943837,False
1441.0999999997848,29.93672664018966,29.93672664018966,0.06327335981033855,0.12658177200443532,13.519794547117597,13.646376319122032,False
1441.5999999997844,29.936814198376958,29.936814198376958,0.06318580162304244,0.1264066071240677,13.520110738751773,13.646517345875841,False
1442.099999999784,29.93690163540053,29.93690163540053,0.06309836459946894,0.12623168463827739,13.52042649283741,13.646658177475688,False
1442.5999999997834,29.93698895142804,29.93698895142804,0.06301104857195838,0.12605700421163135,13.520741809979986,13.646798814191618,False
1443.099999999783,29.937076146626932,29.937076146626932,0.06292385337306783,0.12588256550917265,13.521056690784151,13.646939256293324,False
1443.5999999997825,29.937163221164397,29.937163221164397,0.06283677883560301,0.12570836819639908,13.52137113585371,13.64707950405011,False
1444.099999999782,29.937250175207417,29.937250175207417,0.06274982479258284,0.1255344119392774,13.52168514579164,13.647219557730917,False
1444.5999999997816,29.937337008922725,29.937337008922725,0.06266299107727491,0.1253606964042291,13.521998721200074,13.647359417604303,False
1445.0999999997812,29.937423722476836,29.937423722476836,0.06257627752316353,0.12518722125815174,13.52231186268032,13.647499083938472,False
1445.5999999997807,29.93751031603603,29.93751031603603,0.06248968396397103,0.12501398616837633,13.522624570832852,13.647638557001228,False
1446.0999999997803,29.937596789766353,29.937596789766353,0.062403210233647144,0.12484099080273126,13.522936846257313,13.647777837060044,False
1446.5999999997798,29.937683143833627,29.937683143833627,0.0623168561663725,0.1246682348294712,13.523248689552513,13.647916924381985,False
1447.0999999997794,29.937769378403452,29.937769378403452,0.06223062159654802,0.12449571791731273,13.523560101316441,13.648055819233754,False
1447.599999999779,29.93785549364118,29.93785549364118,0.06214450635881974,0.12432343973545557,13.52387108214625,13.648194521881706,False
1448.0999999997784,29.93794148971194,29.93794148971194,0.062058510288061086,0.12415139995354707,13.524181632638273,13.64833303259182,False
1448.599999999778,29.938027366780645,29.938027366780645,0.06197263321935509,0.12397959824167515,13.52449175338801,13.648471351629684,False
1449.0999999997775,29.938113125011967,29.938113125011967,0.06188687498803347,0.12380803427041087,13.524801444990139,13.64860947926055,False
1449.599999999777,29.938198764570352,29.938198764570352,0.061801235429648216,0.12363670771075164,13.525110708038525,13.648747415749277,False
1450.0999999997766,29.93828428562003,29.93828428562003,0.06171571437997159,0.1234656182341709,13.525419543126205,13.648885161360376,False
1450.5999999997762,29.938369688324983,29.938369688324983,0.061630311675017424,0.12329476551258978,13.52572795084539,13.64902271635798,False
1451.0999999997757,29.93845497284898,29.93845497284898,0.06154502715101984,0.12312414921839121,13.526035931787476,13.649160081005867,False
1451.5999999997753,29.938540139355563,29.938540139355563,0.06145986064443676,0.1229537690244058,13.526343486543045,13.64929725556745,False
1452.0999999997748,29.938625188008043,29.938625188008043,0.061374811991957046,0.12278362460391179,13.526650615701852,13.649434240305764,False
1452.5999999997744,29.938710118969514,29.938710118969514,0.06128988103048627,0.12261371563064216,13.526957319852842,13.649571035483484,False
1453.099999999774,29.93879493240283,29.93879493240283,0.06120506759717159,0.12244404177878465,13.527263599584153,13.649707641362937,False
1453.5999999997734,29.93887962847063,29.93887962847063,0.06112037152936978,0.12227460272297463,13.52756945548309,13.649844058206064,False
1454.099999999773,29.938964207335328,29.938964207335328,0.06103579266467207,0.12210539813830223,13.527874888136155,13.649980286274458,False
1454.5999999997725,29.93904866915911,29.93904866915911,0.060951330840889995,0.12193642770029811,13.528179898129046,13.650116325829345,False
1455.099999999772,29.939133014103934,29.939133014103934,0.060866985896065984,0.12176769108496188,13.528484486046642,13.650252177131604,False
1455.5999999997716,29.93921724233154,29.93921724233154,0.0607827576684592,0.12159918796871949,13.528788652473013,13.650387840441732,False
1456.0999999997712,29.939301354003447,29.939301354003447,0.060698645996552614,0.12143091802844452,13.529092397991421,13.650523316019866,False
1456.5999999997707,29.939385349280943,29.939385349280943,0.060614650719056584,0.12126288094147242,13.529395723184326,13.650658604125798,False
1457.0999999997703,29.939469228325088,29.939469228325088,0.06053077167491239,0.12109507638559336,13.529698628633373,13.650793705018966,False
1457.5999999997698,29.93955299129673,29.93955299129673,0.06044700870327091,0.12092750403902386,13.530001114919408,13.650928618958432,False
1458.0999999997694,29.9396366383565,29.9396366383565,0.06036336164349976,0.12076016358041386,13.530303182622472,13.651063346202886,False
1458.599999999769,29.939720169664792,29.939720169664792,0.06027983033520812,0.12059305468888226,13.530604832321803,13.651197887010685,False
1459.0999999997684,29.939803585381785,29.939803585381785,0.06019641461821479,0.1204261770439814,13.530906064595843,13.651332241639825,False
1459.599999999768,29.939886885667434,29.939886885667434,0.06011311433256594,0.12025953032571834,13.531206880022223,13.651466410347942,False
1460.0999999997675,29.939970070681476,29.939970070681476,0.060029929318524466,0.12009311421452651,13.531507279177779,13.651600393392306,False
1460.599999999767,29.940053140583416,29.940053140583416,0.059946859416584175,0.11992692839130825,13.531807262638553,13.651734191029862,False
1461.0999999997666,29.94013609553256,29.94013609553256,0.05986390446744139,0.11976097253737095,13.53210683097979,13.651867803517161,False
1461.5999999997662,29.940218935687966,29.940218935687966,0.059781064312034005,0.11959524633449092,13.53240598477593,13.652001231110422,False
1462.0999999997657,29.940301661208498,29.940301661208498,0.05969833879150244,0.11942974946487084,13.53270472460063,13.6521344740655,False
1462.5999999997653,29.94038427225279,29.94038427225279,0.05961572774721091,0.11926448161115388,13.533003051026737,13.652267532637891,False
1463.0999999997648,29.940466768979245,29.940466768979245,0.059533231020754585,0.11909944245643089,13.533300964626326,13.652400407082757,False
1463.5999999997643,29.940549151546065,29.940549151546065,0.05945084845393467,0.11893463168422613,13.533598465970663,13.652533097654889,False
1464.099999999764,29.940631420111224,29.940631420111224,0.059368579888776196,0.1187700489784973,13.533895555630234,13.652665604608732,False
1464.5999999997634,29.940713574832476,29.940713574832476,0.05928642516752447,0.11860569402365684,13.53419223417473,13.652797928198387,False
1465.099999999763,29.94079561586736,29.94079561586736,0.05920438413264151,0.1184415665045293,13.534488502173057,13.652930068677586,False
1465.5999999997625,29.940877543373194,29.940877543373194,0.05912245662680604,0.1182776661063869,13.53478436019333,13.653062026299716,False
1466.099999999762,29.940959357507083,29.940959357507083,0.05904064249291707,0.11811399251494237,13.535079808802882,13.653193801317824,False
1466.5999999997616,29.94104105842591,29.94104105842591,0.05895894157409032,0.11795054541634897,13.535374848568257,13.653325393984606,False
1467.0999999997612,29.941122646286345,29.941122646286345,0.05887735371365466,0.117787324497165,13.535669480055216,13.65345680455238,False
1467.5999999997607,29.94120412124484,29.94120412124484,0.05879587875515924,0.11762432944441059,13.535963703828736,13.653588033273147,False
1468.0999999997603,29.941285483457627,29.941285483457627,0.058714516542373474,0.1174615599455322,13.536257520453018,13.65371908039855,False
1468.5999999997598,29.941366733080724,29.941366733080724,0.058633266919276394,0.11729901568840262,13.536550930491478,13.65384994617988,False
1469.0999999997593,29.941447870269936,29.941447870269936,0.05855212973006374,0.11713669636133517,13.536843934506756,13.65398063086809,False
1469.599999999759,29.941528895180852,29.941528895180852,0.05847110481914797,0.11697460165305529,13.537136533060705,13.65411113471376,False
1470.0999999997584,29.941609807968835,29.941609807968835,0.058390192031165356,0.11681273125275737,13.537428726714406,13.654241457967164,False
1470.599999999758,29.941690608789052,29.941690608789052,0.05830939121094758,0.11665108485001952,13.537720516028166,13.654371600878186,False
1471.0999999997575,29.941771297796443,29.941771297796443,0.05822870220355725,0.11648966213487455,13.538011901561513,13.654501563696387,False
1471.599999999757,29.94185187514573,29.94185187514573,0.05814812485427012,0.11632846279779585,13.538302883873198,13.654631346670994,False
1472.0999999997566,29.94193234099143,29.94193234099143,0.05806765900857158,0.1161674865296689,13.53859346352121,13.654760950050878,False
1472.5999999997562,29.942012695487836,29.942012695487836,0.05798730451216372,0.11600673302180553,13.538883641062752,13.654890374084557,False
1473.0999999997557,29.942092938789038,29.942092938789038,0.057907061210961785,0.11584620196595097,13.53917341705426,13.65501961902021,False
1473.5999999997553,29.942173071048916,29.942173071048916,0.057826928951083545,0.11568589305426258,13.539462792051411,13.655148685105674,False
1474.0999999997548,29.942253092421122,29.942253092421122,0.05774690757887768,0.11552580597934536,13.539751766609095,13.65527757258844,False
1474.5999999997543,29.942333003059105,29.942333003059105,0.05766699694089539,0.11536594043422355,13.540040341281447,13.65540628171567,False
1475.099999999754,29.9424128031161,29.9424128031161,0.057587196883901015,0.11520629611234057,13.540328516621836,13.655534812734176,False
1475.5999999997534,29.942492492745135,29.942492492745135,0.057507507254864976,0.11504687270754488,13.540616293182858,13.655663165890402,False
1476.099999999753,29.942572072099015,29.942572072099015,0.057427927900985054,0.11488766991415389,13.540903671516345,13.655791341430499,False
1476.5999999997525,29.94265154133034,29.94265154133034,0.05734845866966154,0.11472868742688291,13.541190652173366,13.65591933960025,False
1477.099999999752,29.9427309005915,29.9427309005915,0.05726909940850078,0.11456992494085227,13.541477235704233,13.656047160645086,False
1477.5999999997516,29.942810150034674,29.942810150034674,0.057189849965325834,0.11441138215163704,13.54176342265849,13.656174804810128,False
1478.0999999997512,29.942889289811824,29.942889289811824,0.05711071018817648,0.1142530587552244,13.542049213584926,13.65630227234015,False
1478.5999999997507,29.942968320074712,29.942968320074712,0.057031679925287904,0.11409495444800655,13.542334609031563,13.65642956347957,False
1479.0999999997503,29.943047240974884,29.943047240974884,0.05695275902511554,0.113937068926802,13.542619609545675,13.656556678472477,False
1479.5999999997498,29.943126052663676,29.943126052663676,0.05687394733632445,0.1137794018888556,13.54290421567377,13.656683617562626,False
1480.0999999997493,29.94320475529221,29.94320475529221,0.056795244707789294,0.11362195303184563,13.543188427961605,13.65681038099345,False
1480.599999999749,29.943283349011413,29.943283349011413,0.05671665098858725,0.11346472205383407,13.54347224695417,13.656936969008004,False
1481.0999999997484,29.943361833971988,29.943361833971988,0.05663816602801219,0.11330770865333051,13.543755673195719,13.65706338184905,False
1481.599999999748,29.94344021032444,29.94344021032444,0.05655978967556052,0.11315091252923537,13.544038707229738,13.657189619758974,False
1482.0999999997475,29.943518478219065,29.943518478219065,0.056481521780934685,0.1129943333808825,13.544321349598972,13.657315682979855,False
1482.599999999747,29.943596637805943,29.943596637805943,0.056403362194057394,0.11283797090801784,13.54460360084541,13.657441571753427,False
1483.0999999997466,29.943674689234953,29.943674689234953,0.056325310765046765,0.11268182481081368,13.54488546151029,13.657567286321104,False
1483.5999999997462,29.943752632655766,29.943752632655766,0.05624736734423408,0.1125258947898331,13.545166932134098,13.657692826923931,False
1484.0999999997457,29.94383046821784,29.94383046821784,0.05616953178216022,0.11237018054608683,13.54544801325658,13.657818193802667,False
1484.5999999997453,29.94390819607043,29.94390819607043,0.056091803929568584,0.11221468178096927,13.54572870541673,13.6579433871977,False
1485.0999999997448,29.9439858163626,29.9439858163626,0.056014183637401516,0.11205939819629407,13.5460090091528,13.658068407349093,False
1485.5999999997443,29.94406332924317,29.94406332924317,0.05593667075682873,0.11190432949430829,13.54628892500229,13.658193254496599,False
1486.0999999997439,29.944140734860795,29.944140734860795,0.055859265139204695,0.11174947537764268,13.546568453501962,13.658317928879605,False
1486.5999999997434,29.9442180333639,29.9442180333639,0.05578196663610058,0.11159483554935434,13.546847595187835,13.658442430737189,False
1487.099999999743,29.94429522490071,29.94429522490071,0.05570477509929006,0.11144040971291247,13.547126350595185,13.658566760308098,False
1487.5999999997425,29.944372309619244,29.944372309619244,0.055627690380756434,0.11128619757219838,13.547404720258548,13.658690917830747,False
1488.099999999742,29.944449287667325,29.944449287667325,0.055550712332674834,0.11113219883148417,13.547682704711715,13.658814903543199,False
1488.5999999997416,29.94452615919256,29.94452615919256,0.055473840807440666,0.11097841319547541,13.547960304487747,13.658938717683222,False
1489.0999999997412,29.944602924342355,29.944602924342355,0.055397075657644734,0.11082484036927553,13.548237520118962,13.659062360488237,False
1489.5999999997407,29.944679583263913,29.944679583263913,0.05532041673608745,0.1106714800584001,13.548514352136944,13.659185832195345,False
1490.0999999997402,29.944756136104232,29.944756136104232,0.055243863895768186,0.1105183319687626,13.548790801072542,13.659309133041305,False
1490.5999999997398,29.94483258301011,29.94483258301011,0.05516741698988881,0.11036539580669569,13.549066867455867,13.659432263262563,False
1491.0999999997393,29.944908924128146,29.944908924128146,0.05509107587185369,0.11021267127892287,13.549342551816297,13.65955522309522,False
1491.5999999997389,29.944985159604727,29.944985159604727,0.05501484039527327,0.11006015809258685,13.549617854682477,13.659678012775064,False
1492.0999999997384,29.945061289586036,29.945061289586036,0.05493871041396403,0.10990785595522823,13.54989277658232,13.659800632537548,False
1492.599999999738,29.94513731421806,29.94513731421806,0.05486268578194142,0.10975576457480685,13.550167318043014,13.659923082617821,False
1493.0999999997375,29.94521323364658,29.94521323364658,0.054786766353419836,0.10960388365967333,13.550441479591013,13.660045363250687,False
1493.599999999737,29.945289048017187,29.945289048017187,0.05471095198281262,0.109452212918562,13.550715261752046,13.660167474670608,False
1494.0999999997366,29.94536475747525,29.94536475747525,0.05463524252474983,0.10930075206066192,13.55098866505111,13.660289417111771,False
1494.5999999997362,29.945440362165957,29.945440362165957,0.05455963783404272,0.10914950079551033,13.551261690012472,13.660411190807983,False
1495.0999999997357,29.94551586223428,29.94551586223428,0.054484137765719254,0.10899845883309212,13.551534337159685,13.660532795992777,False
1495.5999999997352,29.945591257825,29.945591257825,0.05440874217499925,0.10884762588375452,13.55180660701557,13.660654232899324,False
1496.0999999997348,29.94566654908269,29.94566654908269,0.05433345091730857,0.10869700165827112,13.552078500102228,13.660775501760499,False
1496.5999999997343,29.94574173615173,29.94574173615173,0.054258263848268484,0.1085465858678134,13.552350016941027,13.66089660280884,False
1497.0999999997339,29.945816819176297,29.945816819176297,0.05418318082370277,0.10839637822394366,13.552621158052633,13.661017536276576,False
1497.5999999997334,29.94589179830036,29.94589179830036,0.054108201699641256,0.10824637843863627,13.55289192395697,13.661138302395607,False
1498.099999999733,29.945966673667705,29.945966673667705,0.05403332633229496,0.10809658622424223,13.553162315173259,13.6612589013975,False
1498.5999999997325,29.946041445421912,29.946041445421912,0.05395855457808807,0.10794700129352464,13.553432332219993,13.661379333513517,False
1499.099999999732,29.946116113706363,29.946116113706363,0.05388388629363661,0.10779762335964449,13.553701975614956,13.6614995989746,False
1499.5999999997316,29.946190678664237,29.946190678664237,0.05380932133576266,0.1076484521361536,13.553971245875205,13.661619698011359,False
1500.0999999997312,29.946265140438516,29.946265140438516,0.05373485956148372,0.10749948733701586,13.554240143517092,13.661739630854107,False
1500.5999999997307,29.94633949917199,29.94633949917199,0.053660500828009106,0.1073507286765718,13.554508669056245,13.661859397732817,False
1501.0999999997302,29.94641375500725,29.94641375500725,0.053586244992750665,0.10720217586956693,13.55477682300758,13.661978998877148,False
1501.5999999997298,29.94648790808668,29.94648790808668,0.05351209191331918,0.10705382863113755,13.555044605885312,13.66209843451645,False
1502.0999999997293,29.94656195855248,29.94656195855248,0.053438041447520845,0.10690568667681788,13.555312018202928,13.662217704879746,False
1502.5999999997289,29.946635906546646,29.946635906546646,0.05336409345335369,0.10675774972253294,13.55557906047322,13.662336810195752,False
1503.0999999997284,29.946709752210978,29.946709752210978,0.053290247789021805,0.10661001748460563,13.555845733208251,13.662455750692857,False
1503.599999999728,29.946783495687082,29.946783495687082,0.05321650431291758,0.10646248967974259,13.556112036919394,13.662574526599137,False
1504.0999999997275,29.946857137116368,29.946857137116368,0.05314286288363235,0.10631516602504831,13.556377972117312,13.66269313814236,False
1504.599999999727,29.94693067664005,29.94693067664005,0.053069323359949294,0.10616804623801812,13.556643539311949,13.662811585549967,False
1505.0999999997266,29.947004114399146,29.947004114399146,0.05299588560085411,0.10602113003653812,13.556908739012552,13.66292986904909,False
1505.5999999997262,29.947077450534476,29.947077450534476,0.05292254946552433,0.10587441713888524,13.557173571727667,13.663047988866552,False
1506.0999999997257,29.947150685186664,29.947150685186664,0.052849314813336434,0.10572790726373427,13.557438037965126,13.66316594522886,False
1506.5999999997252,29.94722381849615,29.94722381849615,0.05277618150385166,0.10558160013013662,13.557702138232065,13.663283738362201,False
1507.0999999997248,29.94729685060317,29.94729685060317,0.052703149396830185,0.1054354954575274,13.557965873034915,13.663401368492442,False
1507.5999999997243,29.947369781647772,29.947369781647772,0.05263021835222759,0.10528959296573959,13.558229242879415,13.663518835845155,False
1508.0999999997239,29.947442611769805,29.947442611769805,0.052557388230194846,0.1051438923750041,13.558492248270591,13.663636140645595,False
1508.5999999997234,29.947515341108925,29.947515341108925,0.05248465889107479,0.10499839340592843,13.558754889712782,13.66375328311871,False
1509.099999999723,29.947587969804598,29.947587969804598,0.05241203019540208,0.10485309577949664,13.559017167709618,13.663870263489114,False
1509.5999999997225,29.947660497996093,29.947660497996093,0.0523395020039068,0.10470799921709784,13.559279082764037,13.663987081981135,False
1510.099999999722,29.94773292582249,29.94773292582249,0.052267074177510864,0.10456310344050479,13.559540635378287,13.664103738818792,False
1510.5999999997216,29.947805253422672,29.947805253422672,0.05219474657732803,0.10441840817185266,13.559801826053913,13.664220234225766,False
1511.0999999997211,29.947877480935336,29.947877480935336,0.05212251906466392,0.10427391313369583,13.560062655291766,13.664336568425462,False
1511.5999999997207,29.947949608498984,29.947949608498984,0.05205039150101598,0.10412961804892973,13.560323123592006,13.664452741640936,False
1512.0999999997202,29.948021636251926,29.948021636251926,0.05197836374807352,0.10398552264087613,13.560583231454109,13.664568754094985,False
1512.5999999997198,29.948093564332286,29.948093564332286,0.051906435667714135,0.10384162663320495,13.560842979376849,13.664684606010054,False
1513.0999999997193,29.94816539287798,29.94816539287798,0.05183460712202148,0.10369792975000536,13.561102367858307,13.664800297608313,False
1513.5999999997189,29.948237122026747,29.948237122026747,0.051762877973253296,0.10355443171571466,13.56136139739589,13.664915829111605,False
1514.0999999997184,29.948308751916144,29.948308751916144,0.05169124808385561,0.10341113225516096,13.5616200684863,13.665031200741462,False
1514.599999999718,29.94838028268352,29.94838028268352,0.05161971731648052,0.1032680310935632,13.561878381625563,13.665146412719126,False
1515.0999999997175,29.94845171446604,29.94845171446604,0.05154828553396129,0.10312512795650974,13.562136337309013,13.665261465265523,False
1515.599999999717,29.94852304740068,29.94852304740068,0.0514769525993195,0.1029824225699727,13.562393936031304,13.665376358601277,False
1516.0999999997166,29.948594281624228,29.948594281624228,0.051405718375772125,0.10283991466030784,13.562651178286396,13.665491092946704,False
1516.5999999997161,29.948665417273283,29.948665417273283,0.051334582726717315,0.10269760395424044,13.562908064567573,13.665605668521813,False
1517.0999999997157,29.948736454484248,29.948736454484248,0.051263545515752185,0.10255549017887944,13.563164595367438,13.665720085546317,False
1517.5999999997152,29.948807393393352,29.948807393393352,0.05119260660664793,0.10241357306170329,13.563420771177904,13.665834344239608,False
1518.0999999997148,29.948878234136615,29.948878234136615,0.05112176586338535,0.10227185233058833,13.56367659249021,13.665948444820799,False
1518.5999999997143,29.948948976849888,29.948948976849888,0.05105102315011223,0.10213032771375907,13.563932059794919,13.666062387508678,False
1519.0999999997139,29.949019621668818,29.949019621668818,0.05098037833118241,0.10198899893985214,13.5641871735819,13.666176172521752,False
1519.5999999997134,29.949090168728876,29.949090168728876,0.05090983127112381,0.10184786573784521,13.56444193434036,13.666289800078205,False
1520.099999999713,29.949160618165347,29.949160618165347,0.05083938183465264,0.10170692783709256,13.564696342558817,13.666403270395909,False
1520.5999999997125,29.949230970113312,29.949230970113312,0.05076902988668763,0.10156618496736058,13.564950398725124,13.666516583692484,False
1521.099999999712,29.949301224707686,29.949301224707686,0.05069877529231448,0.10142563685874251,13.565204103326455,13.666629740185197,False
1521.5999999997116,29.949371382083186,29.949371382083186,0.05062861791681428,0.10128528324172947,13.565457456849304,13.666742740091033,False
1522.0999999997111,29.949441442374336,29.949441442374336,0.050558557625663525,0.10114512384719632,13.5657104597795,13.666855583626697,False
1522.5999999997107,29.94951140571549,29.94951140571549,0.05048859428450925,0.10100515840636604,13.565963112602194,13.66696827100856,False
1523.0999999997102,29.94958127224081,29.94958127224081,0.05041872775919032,0.10086538665083822,13.566215415801867,13.667080802452706,False
1523.5999999997098,29.949651042084263,29.949651042084263,0.05034895791573746,0.10072580831261035,13.56646736986233,13.66719317817494,False
1524.0999999997093,29.94972071537964,29.94972071537964,0.05027928462035902,0.10058642312400679,13.566718975266726,13.667305398390733,False
1524.5999999997089,29.94979029226055,29.94979029226055,0.05020970773945166,0.10044723081776397,13.566970232497527,13.66741746331529,False
1525.0999999997084,29.949859772860407,29.949859772860407,0.05014022713959321,0.10030823112695941,13.567221142036537,13.667529373163497,False
1525.599999999708,29.949929157312447,29.949929157312447,0.05007084268755335,0.10016942378504723,13.5674717043649,13.667641128149947,False
1526.0999999997075,29.94999844574972,29.94999844574972,0.05000155425027941,0.10003080852586521,13.567721919963082,13.667752728488948,False
1526.599999999707,29.950067638305093,29.950067638305093,0.049932361694907,0.09989238508359932,13.567971789310898,13.667864174394497,False
1527.0999999997066,29.95013673511125,29.95013673511125,0.04986326488874937,0.09975415319281211,13.568221312887488,13.6679754660803,False
1527.5999999997061,29.95020573630069,29.95020573630069,0.049794263699311614,0.09961611258842851,13.568470491171334,13.668086603759763,False
1528.0999999997057,29.950274642005724,29.950274642005724,0.049725357994276465,0.09947826300575002,13.568719324640254,13.668197587646004,False
1528.5999999997052,29.950343452358485,29.950343452358485,0.04965654764151495,0.09934060418044055,13.568967813771403,13.668308417951843,False
1529.0999999997048,29.950412167490924,29.950412167490924,0.049587832509075724,0.09920313584852636,13.569215959041284,13.66841909488981,False
1529.5999999997043,29.950480787534804,29.950480787534804,0.04951921246519575,0.0990658577464103,13.569463760925732,13.668529618672142,False
1530.0999999997039,29.950549312621717,29.950549312621717,0.04945068737828251,0.0989287696108363,13.56971121989993,13.668639989510766,False
1530.5999999997034,29.95061774288306,29.95061774288306,0.04938225711693889,0.09879187117892485,13.569958336438395,13.66875020761732,False
1531.099999999703,29.950686078450047,29.950686078450047,0.04931392154995251,0.09865516218818726,13.57020511101499,13.668860273203178,False
1531.5999999997025,29.95075431945373,29.95075431945373,0.049245680546270876,0.09851864237645458,13.570451544102935,13.66897018647939,False
1532.099999999702,29.95082246602496,29.95082246602496,0.04917753397504043,0.09838231148192733,13.570697636174776,13.669079947656703,False
1532.5999999997016,29.950890518294408,29.950890518294408,0.04910948170559237,0.09824616924321106,13.570943387702414,13.669189556945625,False
1533.0999999997011,29.95095847639258,29.95095847639258,0.04904152360742131,0.09811021539922393,13.571188799157106,13.66929901455633,False
1533.5999999997007,29.951026340449783,29.951026340449783,0.04897365955021726,0.09797444968926072,13.57143387100944,13.6694083206987,False
1534.0999999997002,29.951094110596156,29.951094110596156,0.04890588940384433,0.09783887185298568,13.57167860372936,13.669517475582346,False
1534.5999999996998,29.95116178696165,29.95116178696165,0.04883821303835134,0.09770348163042542,13.571922997786164,13.66962647941659,False
1535.0999999996993,29.95122936967604,29.95122936967604,0.04877063032396123,0.09756827876194762,13.572167053648494,13.669735332410442,False
1535.5999999996989,29.951296858868925,29.951296858868925,0.048703141131074545,0.09743326298828947,13.572410771784345,13.669844034772634,False
1536.0999999996984,29.951364254669723,29.951364254669723,0.04863574533027659,0.0972984340505505,13.57265415266107,13.66995258671162,False
1536.599999999698,29.95143155720766,29.95143155720766,0.04856844279234096,0.09716379169019262,13.572897196745362,13.670060988435555,False
1537.0999999996975,29.951498766611802,29.951498766611802,0.04850123338819756,0.09702933564902594,13.573139904503288,13.670169240152314,False
1537.599999999697,29.95156588301103,29.95156588301103,0.04843411698897171,0.09689506566920869,13.573382276400253,13.670277342069461,False
1538.0999999996966,29.951632906534037,29.951632906534037,0.048367093465962796,0.09676098149327572,13.573624312901027,13.670385294394302,False
1538.5999999996961,29.951699837309352,29.951699837309352,0.04830016269064785,0.09662708286411714,13.573866014469731,13.670493097333848,False
1539.0999999996957,29.95176667546532,29.95176667546532,0.04823332453468154,0.09649336952496412,13.57410738156985,13.670600751094813,False
1539.5999999996952,29.951833421130104,29.951833421130104,0.04816657886989617,0.09635984121941021,13.574348414664223,13.670708255883634,False
1540.0999999996948,29.9519000744317,29.9519000744317,0.04809992556830167,0.09622649769140423,13.574589114215051,13.670815611906455,False
1540.5999999996943,29.951966635497914,29.951966635497914,0.04803336450208562,0.09609333868525738,13.57482948068389,13.670922819369148,False
1541.0999999996939,29.95203310445639,29.95203310445639,0.04796689554360967,0.0959603639456148,13.575069514531668,13.671029878477283,False
1541.5999999996934,29.952099481434587,29.952099481434587,0.04790051856541311,0.09582757321748403,13.575309216218661,13.671136789436146,False
1542.099999999693,29.95216576655978,29.95216576655978,0.047834233440219975,0.09569496624624207,13.575548586204523,13.671243552450765,False
1542.5999999996925,29.95223195995908,29.95223195995908,0.04776804004092128,0.095562542777607,13.575787624948262,13.671350167725869,False
1543.099999999692,29.952298061759418,29.952298061759418,0.04770193824058211,0.09543030255763796,13.576026332908253,13.67145663546589,False
1543.5999999996916,29.952364072087555,29.952364072087555,0.0476359279124452,0.09529824533274933,13.576264710542237,13.671562955874986,False
1544.0999999996911,29.952429991070066,29.952429991070066,0.04757000892993446,0.0951663708497108,13.57650275830732,13.671669129157031,False
1544.5999999996907,29.95249581883335,29.95249581883335,0.04750418116665145,0.09503467885566153,13.576740476659982,13.671775155515643,False
1545.0999999996902,29.952561555503642,29.952561555503642,0.04743844449635759,0.0949031690980604,13.576977866056058,13.671881035154119,False
1545.5999999996898,29.952627201206997,29.952627201206997,0.0473727987930026,0.09477184132472871,13.577214926950772,13.6719867682755,False
1546.0999999996893,29.9526927560693,29.9526927560693,0.04730724393069963,0.09464069528382169,13.577451659798701,13.672092355082523,False
1546.5999999996889,29.95275822021625,29.95275822021625,0.047241779783750104,0.09450973072387825,13.5776880650538,13.672197795777679,False
1547.0999999996884,29.952823593773388,29.952823593773388,0.04717640622661179,0.09437894739374997,13.577924143169394,13.672303090563144,False
1547.599999999688,29.952888876866066,29.952888876866066,0.047111123133934285,0.09424834504265078,13.578159894598182,13.672408239640832,False
1548.0999999996875,29.952954069619473,29.952954069619473,0.04704593038052707,0.0941179234201428,13.578395319792232,13.672513243212375,False
1548.599999999687,29.95301917215862,29.95301917215862,0.0469808278413808,0.09398768227612919,13.578630419202996,13.672618101479125,False
1549.0999999996866,29.953084184608347,29.953084184608347,0.046915815391653126,0.09385762136086129,13.578865193281292,13.672722814642153,False
1549.5999999996861,29.95314910709332,29.95314910709332,0.04685089290667932,0.0937277404249457,13.57909964247732,13.672827382902266,False
1550.0999999996857,29.95321393973803,29.95321393973803,0.04678606026196874,0.09359803921932297,13.579333767240653,13.672931806459976,False
1550.5999999996852,29.953278682666806,29.953278682666806,0.04672131733319418,0.09346851749527474,13.579567568020241,13.673036085515516,False
1551.0999999996848,29.95334333600379,29.95334333600379,0.0466566639962096,0.09333917500443789,13.579801045264421,13.67314022026886,False
1551.5999999996843,29.953407899872968,29.953407899872968,0.04659210012703241,0.09321001149877617,13.580034199420904,13.67324421091968,False
1552.0999999996839,29.95347237439814,29.95347237439814,0.04652762560186119,0.0930810267306228,13.580267030936776,13.673348057667399,False
1552.5999999996834,29.953536759702942,29.953536759702942,0.04646324029705795,0.09295222045263785,13.580499540258513,13.673451760711151,False
1553.099999999683,29.95360105591084,29.95360105591084,0.04639894408915879,0.09282359241781535,13.580731727831969,13.673555320249784,False
1553.5999999996825,29.953665263145126,29.953665263145126,0.04633473685487388,0.0926951423795046,13.580963594102382,13.673658736481887,False
1554.099999999682,29.95372938152892,29.95372938152892,0.04627061847108038,0.09256687009141018,13.581195139514373,13.673762009605783,False
1554.5999999996816,29.953793411185174,29.953793411185174,0.04620658881482598,0.09243877530754219,13.58142636451195,13.673865139819492,False
1555.0999999996811,29.95385735223667,29.95385735223667,0.04614264776332888,0.0923108577822731,13.581657269538505,13.673968127320778,False
1555.5999999996807,29.95392120480603,29.95392120480603,0.046078795193970734,0.09218311727030226,13.581887855036815,13.674070972307117,False
1556.0999999996802,29.953984969015682,29.953984969015682,0.04601503098431792,0.09205555352668426,13.582118121449046,13.67417367497573,False
1556.5999999996798,29.954048644987907,29.954048644987907,0.04595135501209313,0.09192816630681477,13.582348069216753,13.674276235523568,False
1557.0999999996793,29.954112232844803,29.954112232844803,0.04588776715519671,0.0918009553664092,13.582577698780879,13.674378654147288,False
1557.5999999996789,29.954175732708308,29.954175732708308,0.04582426729169242,0.09167392046153822,13.582807010581755,13.674480931043293,False
1558.0999999996784,29.95423914470019,29.95423914470019,0.045760855299811,0.09154706134859225,13.583036005059105,13.674583066407697,False
1558.599999999678,29.954302468942043,29.954302468942043,0.045697531057957264,0.09142037778430989,13.583264682652045,13.674685060436355,False
1559.0999999996775,29.954365705555297,29.954365705555297,0.045634294444703016,0.0912938695257779,13.583493043799082,13.67478691332486,False
1559.599999999677,29.954428854661213,29.954428854661213,0.045571145338787034,0.09116753633039565,13.583721088938116,13.674888625268512,False
1560.0999999996766,29.95449191638089,29.95449191638089,0.04550808361911152,0.09104137795590361,13.583948818506437,13.67499019646234,False
1560.5999999996761,29.954554890835247,29.954554890835247,0.04544510916475275,0.09091539416039751,13.584176232940745,13.675091627101143,False
1561.0999999996757,29.954617778145042,29.954617778145042,0.04538222185495755,0.09078958470228571,13.584403332677114,13.6751929173794,False
1561.5999999996752,29.954680578430867,29.954680578430867,0.0453194215691326,0.09066394934032473,13.584630118151033,13.675294067491357,False
1562.0999999996748,29.954743291813156,29.954743291813156,0.04525670818684446,0.09053848783358376,13.584856589797376,13.67539507763096,False
1562.5999999996743,29.95480591841215,29.95480591841215,0.04519408158785154,0.09041319994150854,13.585082748050425,13.675495947991934,False
1563.0999999996739,29.954868458347953,29.954868458347953,0.04513154165204725,0.09028808542382194,13.585308593343854,13.675596678767675,False
1563.5999999996734,29.954930911740487,29.954930911740487,0.04506908825951328,0.09016314404061632,13.585534126110735,13.675697270151352,False
1564.099999999673,29.95499327870951,29.95499327870951,0.045006721290491214,0.09003837555231797,13.585759346783547,13.675797722335865,False
1564.5999999996725,29.955055559374618,29.955055559374618,0.0449444406253825,0.08991377971965164,13.585984255794173,13.675898035513825,False
1565.099999999672,29.955117753855237,29.955117753855237,0.04488224614476266,0.08978935630371154,13.58620885357389,13.675998209877601,False
1565.5999999996716,29.955179862270636,29.955179862270636,0.04482013772936355,0.08966510506589032,13.58643314055338,13.67609824561927,False
1566.0999999996711,29.955241884739902,29.955241884739902,0.04475811526009821,0.08954102576794298,13.586657117162733,13.676198142930676,False
1566.5999999996707,29.955303821381975,29.955303821381975,0.04469617861802533,0.0894171181719372,13.586880783831441,13.676297902003379,False
1567.0999999996702,29.95536567231562,29.95536567231562,0.04463432768438125,0.08929338204026038,13.587104140988401,13.676397523028662,False
1567.5999999996698,29.95542743765944,29.95542743765944,0.04457256234055862,0.08916981713564809,13.587327189061924,13.676497006197572,False
1568.0999999996693,29.955489117531883,29.955489117531883,0.044510882468117074,0.08904642322114853,13.587549928479717,13.676596351700866,False
1568.5999999996689,29.955550712051217,29.955550712051217,0.04444928794878322,0.08892320006014387,13.587772359668902,13.676695559729046,False
1569.0999999996684,29.955612221335556,29.955612221335556,0.044387778664443545,0.08880014741635023,13.587994483056004,13.676794630472354,False
1569.599999999668,29.95567364550285,29.95567364550285,0.0443263544971515,0.08867726505380347,13.58821629906697,13.676893564120773,False
1570.0999999996675,29.95573498467088,29.95573498467088,0.044265015329120416,0.0885545527368663,13.588437808127141,13.676992360864007,False
1570.599999999667,29.955796238957273,29.955796238957273,0.04420376104272705,0.08843201023022829,13.588659010661283,13.677091020891512,False
1571.0999999996666,29.95585740847949,29.95585740847949,0.04414259152051159,0.08830963729890584,13.58887990709357,13.677189544392476,False
1571.5999999996661,29.955918493354826,29.955918493354826,0.04408150664517407,0.08818743370823512,13.589100497847586,13.67728793155582,False
1572.0999999996657,29.955979493700426,29.955979493700426,0.044020506299574436,0.08806539922386492,13.589320783346333,13.677386182570197,False
1572.5999999996652,29.95604040963325,29.95604040963325,0.043959590366750234,0.0879435336118064,13.589540764012222,13.677484297624028,False
1573.0999999996648,29.95610124127011,29.95610124127011,0.04389875872988824,0.08782183663836918,13.589760440267087,13.677582276905456,False
1573.5999999996643,29.956161988727665,29.956161988727665,0.04383801127233511,0.08770030807018969,13.589979812532173,13.677680120602362,False
1574.0999999996639,29.956222652122396,29.956222652122396,0.043777347877604456,0.08757894767421703,13.590198881228142,13.677777828902359,False
1574.5999999996634,29.956283231570623,29.956283231570623,0.043716768429376884,0.08745775521776267,13.590417646775077,13.67787540199284,False
1575.099999999663,29.95634372718853,29.95634372718853,0.04365627281147155,0.08733673046839385,13.590636109592479,13.677972840060873,False
1575.5999999996625,29.956404139092104,29.956404139092104,0.04359586090789591,0.08721587319405444,13.59085427009927,13.678070143293324,False
1576.099999999662,29.956464467397197,29.956464467397197,0.04353553260280307,0.0870951831629938,13.591072128713781,13.678167311876775,False
1576.5999999996616,29.956524712219498,29.956524712219498,0.04347528778050247,0.08697466014377397,13.59128968585378,13.678264345997555,False
1577.0999999996611,29.956584873674526,29.956584873674526,0.04341512632547406,0.08685430390527671,13.591506941936448,13.678361245841725,False
1577.5999999996607,29.956644951877642,29.956644951877642,0.04335504812235769,0.08673411421671773,13.591723897378388,13.678458011595106,False
1578.0999999996602,29.956704946944058,29.956704946944058,0.04329505305594239,0.08661409084762539,13.591940552595634,13.67855464344326,False
1578.5999999996598,29.956764858988812,29.956764858988812,0.04323514101118775,0.0864942335678478,13.592156908003638,13.678651141571486,False
1579.0999999996593,29.956824688126797,29.956824688126797,0.04317531187320256,0.08637454214753149,13.592372964017278,13.67874750616481,False
1579.5999999996588,29.956884434472734,29.956884434472734,0.04311556552726614,0.08625501635718535,13.592588721050857,13.678843737408043,False
1580.0999999996584,29.95694409814119,29.95694409814119,0.043055901858810586,0.08613565596759543,13.592804179518108,13.678939835485703,False
1580.599999999658,29.957003679246583,29.957003679246583,0.042996320753417194,0.08601646074987457,13.593019339832187,13.679035800582062,False
1581.0999999996575,29.957063177903162,29.957063177903162,0.0429368220968378,0.0858974304754554,13.593234202405686,13.679131632881141,False
1581.599999999657,29.957122594225016,29.957122594225016,0.04287740577498411,0.08577856491609737,13.593448767650615,13.679227332566713,False
1582.0999999996566,29.957181928326083,29.957181928326083,0.042818071673917046,0.08565986384386548,13.593663035978421,13.679322899822287,False
1582.5999999996561,29.957241180320143,29.957241180320143,0.042758819679857396,0.08554132703113027,13.593877007799982,13.679418334831112,False
1583.0999999996557,29.957300350320814,29.957300350320814,0.042699649679185825,0.0854229542505962,13.594090683525605,13.679513637776202,False
1583.5999999996552,29.95735943844156,29.95735943844156,0.042640561558439316,0.08530474527527332,13.59430406356503,13.679608808840303,False
1584.0999999996548,29.95741844479568,29.95741844479568,0.04258155520431828,0.08518669987849137,13.59451714832743,13.679703848205921,False
1584.5999999996543,29.957477369496335,29.957477369496335,0.042522630503665226,0.08506881783388565,13.594729938221413,13.679798756055298,False
1585.0999999996538,29.95753621265651,29.95753621265651,0.042463787343489656,0.0849510989154112,13.594942433655016,13.679893532570427,False
1585.5999999996534,29.957594974389046,29.957594974389046,0.04240502561095383,0.08483354289732148,13.595154635035716,13.679988177933037,False
1586.099999999653,29.957653654806624,29.957653654806624,0.04234634519337632,0.08471614955419682,13.59536654277043,13.680082692324627,False
1586.5999999996525,29.95771225402176,29.95771225402176,0.042287745978239144,0.08459891866093727,13.59557815726551,13.680177075926448,False
1587.099999999652,29.957770772146834,29.957770772146834,0.04222922785316641,0.08448184999272712,13.59578947892674,13.680271328919467,False
1587.5999999996516,29.957829209294047,29.957829209294047,0.042170790705952754,0.0843649433250988,13.596000508159346,13.680365451484445,False
1588.0999999996511,29.957887565575465,29.957887565575465,0.04211243442453494,0.08424819843385478,13.596211245367986,13.68045944380184,False
1588.5999999996507,29.957945841102987,29.957945841102987,0.04205415889701314,0.08413161509514566,13.596421690956772,13.680553306051918,False
1589.0999999996502,29.958004035988363,29.958004035988363,0.041995964011636744,0.08401519308539918,13.59663184532925,13.68064703841465,False
1589.5999999996498,29.958062150343185,29.958062150343185,0.04193784965681502,0.0838989321813699,13.596841708888407,13.680740641069777,False
1590.0999999996493,29.958120184278894,29.958120184278894,0.04187981572110644,0.08378283216012505,13.597051282036677,13.680834114196802,False
1590.5999999996488,29.95817813790677,29.95817813790677,0.041821862093229356,0.08366689279903028,13.597260565175926,13.680927457974956,False
1591.0999999996484,29.958236011337952,29.958236011337952,0.04176398866204778,0.08355111387575676,13.597469558707473,13.68102067258323,False
1591.599999999648,29.95829380468341,29.95829380468341,0.041706195316589145,0.0834354951682883,13.59767826303208,13.681113758200368,False
1592.0999999996475,29.95835151805397,29.95835151805397,0.0416484819460301,0.08332003645492847,13.597886678549953,13.681206715004882,False
1592.599999999647,29.9584091515603,29.9584091515603,0.04159084843970007,0.08320473751427215,13.598094805660748,13.68129954317502,False
1593.0999999996466,29.95846670531292,29.95846670531292,0.041533294687081224,0.08308959812521266,13.598302644763562,13.681392242888775,False
1593.5999999996461,29.958524179422184,29.958524179422184,0.041475820577815625,0.08297461806698436,13.598510196256946,13.68148481432393,False
1594.0999999996457,29.958581573998313,29.958581573998313,0.041418426001687436,0.08285979711909164,13.598717460538893,13.681577257657985,False
1594.5999999996452,29.958638889151366,29.958638889151366,0.04136111084863359,0.0827451350613515,13.598924438006845,13.681669573068197,False
1595.0999999996448,29.958696124991246,29.958696124991246,0.04130387500875443,0.08263063167389362,13.599131129057705,13.681761760731598,False
1595.5999999996443,29.958753281627708,29.958753281627708,0.041246718372292435,0.08251628673714606,13.59933753408782,13.681853820824966,False
1596.0999999996438,29.95881035917035,29.95881035917035,0.04118964082964993,0.08240210003185666,13.599543653492981,13.681945753524838,False
1596.5999999996434,29.958867357728632,29.958867357728632,0.041132642271367814,0.08228807133904326,13.59974948766844,13.682037559007483,False
1597.099999999643,29.958924277411846,29.958924277411846,0.04107572258815395,0.08217420044006474,13.599955037008899,13.682129237448963,False
1597.5999999996425,29.95898111832914,29.95898111832914,0.04101888167085832,0.08206048711655711,13.60016030190852,13.682220789025077,False
1598.099999999642,29.959037880589516,29.959037880589516,0.040962119410483666,0.08194693115046192,13.600365282760912,13.682312213911374,False
1598.5999999996416,29.959094564301818,29.959094564301818,0.04090543569818195,0.08183353232403334,13.60056997995914,13.682403512283173,False
1599.099999999641,29.959151169574742,29.959151169574742,0.04084883042525789,0.08172029041980977,13.600774393895732,13.682494684315541,False
1599.5999999996407,29.959207696516824,29.959207696516824,0.040792303483176084,0.08160720522066356,13.600978524962661,13.682585730183325,False
1600.0999999996402,29.95926414523647,29.95926414523647,0.040735854763529034,0.08149427650972285,13.601182373551369,13.682676650061092,False
1600.5999999996397,29.95932051584192,29.95932051584192,0.04067948415807976,0.08138150407044975,13.60138594005275,13.6827674441232,False
1601.0999999996393,29.959376808441267,29.959376808441267,0.040623191558733396,0.08126888768659768,13.60158922485716,13.682858112543757,False
1601.5999999996388,29.95943302314246,29.95943302314246,0.04056697685754074,0.08115642714220428,13.601792228354412,13.682948655496617,False
1602.0999999996384,29.959489160053298,29.959489160053298,0.04051083994670179,0.08104412222161983,13.601994950933781,13.6830390731554,False
1602.599999999638,29.95954521928142,29.95954521928142,0.04045478071858,0.08093197270950014,13.602197392984008,13.683129365693508,False
1603.0999999996375,29.95960120093433,29.95960120093433,0.04039879906567023,0.08081997839077815,13.602399554893287,13.683219533284065,False
1603.599999999637,29.959657105119376,29.959657105119376,0.0403428948806237,0.0807081390507065,13.602601437049277,13.683309576099983,False
1604.0999999996366,29.95971293194376,29.95971293194376,0.04028706805624083,0.0805964544748079,13.602803039839111,13.68339949431392,False
1604.599999999636,29.95976868151453,29.95976868151453,0.040231318485471235,0.08048492444893895,13.60300436364937,13.68348928809831,False
1605.0999999996357,29.959824353938597,29.959824353938597,0.040175646061403114,0.0803735487592121,13.603205408866112,13.683578957625324,False
1605.5999999996352,29.95987994932271,29.95987994932271,0.04012005067729163,0.08026232719207371,13.603406175874852,13.683668503066926,False
1606.0999999996347,29.95993546777348,29.95993546777348,0.040064532226519844,0.08015125953424018,13.603606665060589,13.683757924594829,False
1606.5999999996343,29.95999090939737,29.95999090939737,0.04000909060263069,0.08004034557272632,13.603806876807765,13.683847222380491,False
1607.0999999996338,29.96004627430069,29.96004627430069,0.03995372569930922,0.07992958509485248,13.604006811500303,13.683936396595156,False
1607.5999999996334,29.960101562589614,29.960101562589614,0.03989843741038612,0.07981897788821612,13.604206469521596,13.684025447409812,False
1608.099999999633,29.96015677437016,29.96015677437016,0.03984322562984133,0.07970852374072734,13.604405851254505,13.684114374995232,False
1608.5999999996325,29.96021190974819,29.96021190974819,0.03978809025181107,0.07959822244058756,13.604604957081358,13.684203179521946,False
1609.099999999632,29.96026696882944,29.96026696882944,0.039733031170559485,0.07948807377627531,13.604803787383958,13.684291861160233,False
1609.5999999996316,29.96032195171949,29.96032195171949,0.03967804828051058,0.07937807753657466,13.605002342543576,13.684380420080151,False
1610.099999999631,29.960376858523766,29.960376858523766,0.039623141476234025,0.07926823351056811,13.60520062294096,13.684468856451527,False
1610.5999999996307,29.960431689347566,29.960431689347566,0.03956831065243449,0.07915854148760815,13.605398628956323,13.68455717044393,False
1611.0999999996302,29.960486444296023,29.960486444296023,0.03951355570397652,0.07904900125736702,13.605596360969358,13.684645362226725,False
1611.5999999996297,29.96054112347414,29.96054112347414,0.039458876525859665,0.07893961260977989,13.605793819359233,13.684733431969013,False
1612.0999999996293,29.960595726986767,29.960595726986767,0.03940427301323268,0.07883037533509452,13.605991004504592,13.684821379839686,False
1612.5999999996288,29.960650254938614,29.960650254938614,0.03934974506138644,0.0787212892238287,13.606187916783552,13.684909206007381,False
1613.0999999996284,29.960704707434243,29.960704707434243,0.03929529256575748,0.07861235406679867,13.606384556573705,13.684996910640503,False
1613.599999999628,29.96075908457806,29.96075908457806,0.03924091542193864,0.07850356965513328,13.606580924252128,13.685084493907262,False
1614.0999999996275,29.96081338647435,29.96081338647435,0.03918661352565067,0.07839493578021006,13.606777020195366,13.685171955975576,False
1614.599999999627,29.960867613227236,29.960867613227236,0.03913238677276354,0.07828645223372632,13.606972844779452,13.685259297013179,False
1615.0999999996266,29.960921764940704,29.960921764940704,0.03907823505929642,0.07817811880764225,13.607168398379896,13.685346517187538,False
1615.599999999626,29.960975841718593,29.960975841718593,0.03902415828140704,0.07806993529423778,13.60736368137168,13.685433616665918,False
1616.0999999996257,29.961029843664598,29.961029843664598,0.03897015633540235,0.07796190148604865,13.607558694129281,13.68552059561533,False
1616.5999999996252,29.961083770882272,29.961083770882272,0.03891622911772785,0.07785401717592322,13.607753437026654,13.685607454202577,False
1617.0999999996247,29.961137623475025,29.961137623475025,0.03886237652497471,0.07774628215697987,13.607947910437229,13.685694192594209,False
1617.5999999996243,29.961191401546127,29.961191401546127,0.038808598453872634,0.07763869622262831,13.608142114733921,13.68578081095655,False
1618.0999999996238,29.961245105198703,29.961245105198703,0.03875489480129701,0.07753125916654824,13.60833605028914,13.685867309455688,False
1618.5999999996234,29.961298734535728,29.961298734535728,0.03870126546427244,0.07742397078274621,13.608529717474768,13.685953688257515,False
1619.099999999623,29.96135228966004,29.96135228966004,0.03864771033995851,0.07731683086547037,13.60872311666218,13.68603994752765,False
1619.5999999996225,29.96140577067434,29.96140577067434,0.03859422932566048,0.07720983920928859,13.608916248222227,13.686126087431516,False
1620.099999999622,29.96145917768118,29.96145917768118,0.03854082231881861,0.07710299560901746,13.609109112525257,13.686212108134274,False
1620.5999999996216,29.961512510782974,29.961512510782974,0.03848748921702594,0.07699629985977907,13.609301709941104,13.686298009800883,False
1621.099999999621,29.961565770081986,29.961565770081986,0.03843422991801404,0.07688975175699397,13.60949404083909,13.686383792596084,False
1621.5999999996206,29.961618955680347,29.961618955680347,0.03838104431965306,0.0767833510963456,13.609686105588024,13.68646945668437,False
1622.0999999996202,29.96167206768005,29.96167206768005,0.038327932319951685,0.07667709767378028,13.609877904556201,13.686555002229982,False
1622.5999999996197,29.961725106182936,29.961725106182936,0.03827489381706428,0.0765709912855641,13.610069438111418,13.686640429396983,False
1623.0999999996193,29.961778071290713,29.961778071290713,0.03822192870928731,0.07646503172821895,13.61026070662095,13.68672573834917,False
1623.5999999996188,29.961830963104944,29.961830963104944,0.0381690368950558,0.07635921879857932,13.61045171045157,13.68681092925015,False
1624.0999999996184,29.961883781727057,29.961883781727057,0.038116218272943314,0.07625355229372133,13.610642449969545,13.686896002263266,False
1624.599999999618,29.961936527258334,29.961936527258334,0.03806347274166555,0.0761480320110195,13.610832925540631,13.68698095755165,False
1625.0999999996175,29.961989199799913,29.961989199799913,0.0380108002000874,0.07604265774815389,13.611023137530081,13.687065795278235,False
1625.599999999617,29.962041799452813,29.962041799452813,0.03795820054718746,0.07593742930303193,13.611213086302637,13.68715051560567,False
1626.0999999996166,29.962094326317885,29.962094326317885,0.03790567368211484,0.07583234647388082,13.611402772222547,13.687235118696428,False
1626.599999999616,29.962146780495857,29.962146780495857,0.037853219504143,0.07572740905919773,13.61159219565355,13.687319604712748,False
1627.0999999996156,29.962199162087305,29.962199162087305,0.03780083791269462,0.07562261685777116,13.611781356958872,13.687403973816643,False
1627.5999999996152,29.962251471192683,29.962251471192683,0.03774852880731672,0.07551796966864543,13.61197025650125,13.687488226169895,False
1628.0999999996147,29.9623037079123,29.9623037079123,0.037696292087698424,0.07541346729114196,13.612158894642912,13.687572361934054,False
1628.5999999996143,29.962355872346325,29.962355872346325,0.03764412765367453,0.07530910952486636,13.61234727174559,13.687656381270456,False
1629.0999999996138,29.962407964594778,29.962407964594778,0.037592035405221935,0.0752048961697298,13.612535388170507,13.687740284340236,False
1629.5999999996134,29.96245998475756,29.96245998475756,0.03754001524243833,0.07510082702586374,13.612723244278394,13.687824071304258,False
1630.099999999613,29.962511932934422,29.962511932934422,0.037488067065577724,0.07499690189371933,13.612910840429477,13.687907742323196,False
1630.5999999996125,29.962563809224974,29.962563809224974,0.03743619077502558,0.07489312057401776,13.61309817698349,13.687991297557508,False
1631.099999999612,29.962615613728698,29.962615613728698,0.03738438627130236,0.07478948286774312,13.613285254299665,13.688074737167408,False
1631.5999999996116,29.962667346544926,29.962667346544926,0.037332653455074194,0.07468598857617081,13.613472072736734,13.688158061312905,False
1632.099999999611,29.96271900777286,29.96271900777286,0.037280992227138654,0.07458263750083916,13.613658632652937,13.688241270153776,False
1632.5999999996106,29.962770597511575,29.962770597511575,0.03722940248842477,0.07447942944356356,13.61384493440602,13.688324363849583,False
1633.0999999996102,29.962822115859993,29.962822115859993,0.03717788414000722,0.07437636420642235,13.614030978353226,13.688407342559648,False
1633.5999999996097,29.962873562916904,29.962873562916904,0.03712643708309571,0.07427344159179228,13.614216764851315,13.688490206443108,False
1634.0999999996093,29.962924938780958,29.962924938780958,0.03707506121904203,0.07417066140231299,13.614402294256543,13.688572955658856,False
1634.5999999996088,29.96297624355068,29.96297624355068,0.03702375644931877,0.07406802344087993,13.61458756692468,13.68865559036556,False
1635.0999999996084,29.96302747732445,29.96302747732445,0.03697252267555129,0.07396552751069407,13.614772583211002,13.688738110721696,False
1635.599999999608,29.9630786402005,29.9630786402005,0.03692135979949995,0.0738631734152122,13.614957343470289,13.688820516885501,False
1636.0999999996075,29.96312973227695,29.96312973227695,0.036870267723049466,0.07376096095815399,13.615141848056835,13.688902809014989,False
1636.599999999607,29.96318075365177,29.96318075365177,0.036819246348230195,0.07365888994352332,13.615326097324438,13.688984987267961,False
1637.0999999996066,29.9632317044228,29.9632317044228,0.036768295577200405,0.073556960175587,13.615510091626412,13.689067051801999,False
1637.599999999606,29.963282584687747,29.963282584687747,0.036717415312253365,0.07345517145888181,13.615693831315584,13.689149002774466,False
1638.0999999996056,29.96333339454416,29.96333339454416,0.03666660545583866,0.07335352359823588,13.615877316744289,13.689230840342525,False
1638.5999999996052,29.96338413408949,29.96338413408949,0.036615865910508916,0.07325201639871892,13.616060548264372,13.68931256466309,False
1639.0999999996047,29.963434803421027,29.963434803421027,0.03656519657897306,0.07315064966568485,13.616243526227194,13.689394175892879,False
1639.5999999996043,29.963485402635936,29.963485402635936,0.03651459736406437,0.0730494232047505,13.616426250983633,13.689475674188383,False
1640.0999999996038,29.963535931831238,29.963535931831238,0.0364640681687618,0.0729483368218169,13.616608722884074,13.68955705970589,False
1640.5999999996034,29.96358639110383,29.96358639110383,0.036413608896168626,0.07284739032303378,13.616790942278424,13.689638332601458,False
1641.099999999603,29.96363678055047,29.96363678055047,0.03636321944953025,0.0727465835148422,13.616972909516099,13.68971949303094,False
1641.5999999996025,29.96368710026779,29.96368710026779,0.0363128997322093,0.0726459162039248,13.617154624946036,13.68980054114996,False
1642.099999999602,29.96373735035228,29.96373735035228,0.03626264964772119,0.07254538819724132,13.617336088916698,13.68988147711394,False
1642.5999999996016,29.96378753090029,29.96378753090029,0.03621246909970921,0.07244499930202863,13.617517301776045,13.689962301078074,False
1643.099999999601,29.96383764200806,29.96383764200806,0.03616235799194101,0.07234474932577939,13.617698263871569,13.690043013197348,False
1643.5999999996006,29.963887683771667,29.963887683771667,0.03611231622833344,0.07224463807626336,13.617878975550282,13.690123613626545,False
1644.0999999996002,29.96393765628708,29.96393765628708,0.03606234371292061,0.072144665361499,13.618059437158713,13.690204102520212,False
1644.5999999995997,29.963987559650118,29.963987559650118,0.03601244034988227,0.07204483098978898,13.61823964904291,13.690284480032698,False
1645.0999999995993,29.964037393956477,29.964037393956477,0.03596260604352253,0.07194513476969888,13.618419611548443,13.690364746318142,False
1645.5999999995988,29.964087159301723,29.964087159301723,0.03591284069827694,0.07184557651003587,13.618599325020405,13.69044490153044,False
1646.0999999995984,29.964136855781284,29.964136855781284,0.03586314421871606,0.07174615601989842,13.618778789803407,13.690524945823306,False
1646.599999999598,29.96418648349045,29.96418648349045,0.035813516509549004,0.07164687310864082,13.618958006241595,13.690604879350236,False
1647.0999999995975,29.964236042524394,29.964236042524394,0.03576395747560568,0.07154772758588024,13.619136974678625,13.690684702264505,False
1647.599999999597,29.964285532978145,29.964285532978145,0.035714467021854546,0.07144871926148966,13.619315695457683,13.690764414719172,False
1648.0999999995965,29.96433495494661,29.96433495494661,0.03566504505338841,0.07134984794561916,13.619494168921479,13.690844016867098,False
1648.599999999596,29.96438430852455,29.96438430852455,0.035615691475449296,0.07125111344868174,13.619672395412254,13.690923508860935,False
1649.0999999995956,29.96443359380661,29.96443359380661,0.035566406193389355,0.07115251558133906,13.619850375271767,13.691002890853106,False
1649.5999999995952,29.964482810887297,29.964482810887297,0.03551718911270285,0.07105405415452282,13.620028108841314,13.691082162995837,False
1650.0999999995947,29.96453195986099,29.96453195986099,0.035468040139008394,0.07095572897942759,13.620205596461705,13.691161325441133,False
1650.5999999995943,29.964581040821933,29.964581040821933,0.0354189591780667,0.07085753986751087,13.620382838473292,13.691240378340803,False
1651.0999999995938,29.964630053864248,29.964630053864248,0.03536994613575217,0.07075948663047882,13.62055983521595,13.691319321846429,False
1651.5999999995934,29.964678999081915,29.964678999081915,0.03532100091808488,0.07066156908030763,13.62073658702908,13.691398156109388,False
1652.099999999593,29.964727876568794,29.964727876568794,0.03527212343120567,0.07056378702923638,13.620913094251625,13.691476881280861,False
1652.5999999995925,29.96477668641861,29.96477668641861,0.035223313581390414,0.07046614028976705,13.621089357222047,13.691555497511814,False
1653.099999999592,29.964825428724964,29.964825428724964,0.03517457127503576,0.07036862867463611,13.621265376278345,13.69163400495298,False
1653.5999999995915,29.964874103581327,29.964874103581327,0.035125896418673364,0.07027125199685713,13.621441151758047,13.691712403754904,False
1654.099999999591,29.964922711081023,29.964922711081023,0.03507728891897699,0.0701740100697208,13.621616683998216,13.691790694067937,False
1654.5999999995906,29.96497125131727,29.96497125131727,0.03502874868273054,0.07007690270674516,13.621791973335453,13.691868876042198,False
1655.0999999995902,29.965019724383144,29.965019724383144,0.03498027561685646,0.0699799297217325,13.621967020105885,13.691946949827617,False
1655.5999999995897,29.965068130371595,29.965068130371595,0.03493186962840511,0.06988309092871958,13.62214182464518,13.6920249155739,False
1656.0999999995893,29.96511646937545,29.96511646937545,0.034883530624551184,0.06978638614201316,13.62231638728854,13.692102773430554,False
1656.5999999995888,29.965164741487403,29.965164741487403,0.03483525851259728,0.06968981517616157,13.622490708370702,13.692180523546863,False
1657.0999999995884,29.965212946800015,29.965212946800015,0.03478705319998454,0.0695933778459974,13.622664788225936,13.692258166071934,False
1657.599999999588,29.96526108540572,29.96526108540572,0.03473891459427847,0.06949707396660187,13.62283862718806,13.692335701154661,False
1658.0999999995875,29.965309157396838,29.965309157396838,0.0346908426031618,0.06940090335329074,13.623012225590424,13.692413128943715,False
1658.599999999587,29.965357162865544,29.965357162865544,0.03464283713445582,0.06930486582164974,13.623185583765913,13.692490449587563,False
1659.0999999995865,29.9654051019039,29.9654051019039,0.03459489809609906,0.0692089611875133,13.623358702046954,13.692567663234467,False
1659.599999999586,29.965452974603817,29.965452974603817,0.03454702539618282,0.06911318926700005,13.623531580765514,13.692644770032514,False
1660.0999999995856,29.965500781057113,29.965500781057113,0.03449921894288721,0.06901754987643471,13.623704220253108,13.692721770129543,False
1660.5999999995852,29.965548521355444,29.965548521355444,0.03445147864455578,0.06892204283244752,13.62387662084078,13.692798663673228,False
1661.0999999995847,29.96559619559037,29.96559619559037,0.03440380440963153,0.06882666795186765,13.624048782859127,13.692875450810995,False
1661.5999999995843,29.9656438038533,29.9656438038533,0.0343561961466996,0.06873142505182273,13.62422070663828,13.692952131690102,False
1662.0999999995838,29.96569134623553,29.96569134623553,0.034308653764469454,0.06863631394967484,13.624392392507916,13.693028706457591,False
1662.5999999995834,29.965738822828232,29.965738822828232,0.0342611771717678,0.06854133446303479,13.624563840797258,13.693105175260293,False
1663.099999999583,29.96578623372244,29.96578623372244,0.0342137662775599,0.06844648640977624,13.624735051835069,13.693181538244845,False
1663.5999999995825,29.965833579009068,29.965833579009068,0.03416642099093181,0.06835176960802158,13.624906025949661,13.693257795557683,False
1664.099999999582,29.965880858778906,29.965880858778906,0.03411914122109394,0.06825718387614188,13.625076763468888,13.69333394734503,False
1664.5999999995815,29.965928073122612,29.965928073122612,0.03407192687738814,0.0681627290327711,13.625247264720153,13.693409993752924,False
1665.099999999581,29.96597522213073,29.96597522213073,0.03402477786926994,0.06806840489677768,13.62541753003041,13.693485934927187,False
1665.5999999995806,29.966022305893667,29.966022305893667,0.033977694106333445,0.06797421128728587,13.625587559726151,13.693561771013437,False
1666.0999999995802,29.96606932450171,29.96606932450171,0.033930675498289986,0.0678801480236757,13.625757354133421,13.693637502157097,False
1666.5999999995797,29.96611627804502,29.96611627804502,0.033883721954978796,0.0677862149255759,13.625926913577816,13.693713128503392,False
1667.0999999995793,29.966163166613644,29.966163166613644,0.033836833386356346,0.06769241181284258,13.626096238384484,13.693788650197327,False
1667.5999999995788,29.96620999029749,29.96620999029749,0.03379000970251056,0.06759873850561604,13.626265328878112,13.693864067383728,False
1668.0999999995784,29.966256749186336,29.966256749186336,0.03374325081366436,0.06750519482427819,13.626434185382946,13.693939380207224,False
1668.599999999578,29.966303443369856,29.966303443369856,0.033696556630143704,0.06741178058944541,13.626602808222781,13.694014588812227,False
1669.0999999995774,29.96635007293759,29.96635007293759,0.033649927062409546,0.06731849562197567,13.626771197720966,13.694089693342942,False
1669.599999999577,29.966396637978946,29.966396637978946,0.033603362021054295,0.06722533974301115,13.626939354200406,13.694164693943417,False
1670.0999999995765,29.966443138583223,29.966443138583223,0.03355686141677694,0.06713231277389298,13.627107277983544,13.694239590757437,False
1670.599999999576,29.966489574839585,29.966489574839585,0.033510425160415025,0.06703941453626072,13.627274969392392,13.694314383928653,False
1671.0999999995756,29.966535946837084,29.966535946837084,0.03346405316291623,0.0669466448519529,13.627442428748514,13.694389073600467,False
1671.5999999995752,29.966582254664637,29.966582254664637,0.033417745335363236,0.06685400354308513,13.627609656373023,13.694463659916108,False
1672.0999999995747,29.966628498411044,29.966628498411044,0.033371501588955965,0.06676149043200752,13.627776652586592,13.6945381430186,False
1672.5999999995743,29.966674678164978,29.966674678164978,0.03332532183502224,0.06666910534132597,13.627943417709448,13.694612523050774,False
1673.0999999995738,29.966720794014993,29.966720794014993,0.03327920598500711,0.06657684809388797,13.62810995206138,13.694686800155267,False
1673.5999999995734,29.966766846049527,29.966766846049527,0.03323315395047288,0.06648471851276128,13.628276255961728,13.69476097447449,False
1674.099999999573,29.96681283435688,29.96681283435688,0.03318716564312041,0.06639271642130495,13.628442329729392,13.694835046150697,False
1674.5999999995724,29.96685875902524,29.96685875902524,0.03314124097476068,0.06630084164308414,13.628608173682833,13.694909015325917,False
1675.099999999572,29.96690462014267,29.96690462014267,0.03309537985732902,0.06620909400192687,13.628773788140068,13.694982882141995,False
1675.5999999995715,29.96695041779712,29.96695041779712,0.03304958220288157,0.06611747332189566,13.628939173418681,13.695056646740577,False
1676.099999999571,29.966996152076405,29.966996152076405,0.03300384792359523,0.0660259794273017,13.629104329835805,13.695130309263106,False
1676.5999999995706,29.967041823068218,29.967041823068218,0.032958176931781935,0.06593461214270491,13.629269257708144,13.695203869850848,False
1677.0999999995702,29.967087430860147,29.967087430860147,0.032912569139853076,0.06584337129289253,13.629433957351955,13.695277328644847,False
1677.5999999995697,29.96713297553965,29.96713297553965,0.0328670244603515,0.06575225670290052,13.629598429083067,13.695350685785968,False
1678.0999999995693,29.967178457194052,29.967178457194052,0.032821542805947956,0.06566126819802065,13.629762673216867,13.695423941414887,False
1678.5999999995688,29.967223875910573,29.967223875910573,0.03277612408942687,0.06557040560376493,13.629926690068308,13.695497095672073,False
1679.0999999995684,29.967269231776303,29.967269231776303,0.03273076822369703,0.06547966874591538,13.630090479951903,13.695570148697819,False
1679.599999999568,29.96731452487822,29.96731452487822,0.03268547512178088,0.06538905745046009,13.63025404318173,13.69564310063219,False
1680.0999999995674,29.967359755303175,29.967359755303175,0.03264024469682525,0.06529857154365004,13.630417380071433,13.695715951615083,False
1680.599999999567,29.96740492313791,29.96740492313791,0.03259507686209062,0.0652082108519565,13.630580490934229,13.695788701786185,False
1681.0999999995665,29.967450028469028,29.967450028469028,0.0325499715309725,0.0651179752021207,13.63074337608289,13.69586135128501,False
1681.599999999566,29.96749507138302,29.96749507138302,0.03250492861698007,0.0650278644211113,13.630906035829767,13.695933900250878,False
1682.0999999995656,29.967540051966264,29.967540051966264,0.0324599480337362,0.0649378783361314,13.63106847048677,13.696006348822902,False
1682.5999999995652,29.967584970305012,29.967584970305012,0.03241502969498811,0.0648480167746257,13.631230680365379,13.696078697140004,False
1683.0999999995647,29.967629826485403,29.967629826485403,0.0323701735145967,0.06475827956427338,13.63139266577665,13.696150945340923,False
1683.5999999995643,29.967674620593446,29.967674620593446,0.03232537940655433,0.0646686665330023,13.631554427031194,13.696223093564196,False
1684.0999999995638,29.967719352715037,29.967719352715037,0.03228064728496349,0.06457917750896769,13.63171596443921,13.696295141948177,False
1684.5999999995634,29.967764022935956,29.967764022935956,0.03223597706404391,0.06448981232057349,13.631877278310451,13.696367090631025,False
1685.099999999563,29.967808631341864,29.967808631341864,0.0321913686581361,0.064400570796451,13.63203836895425,13.696438939750701,False
1685.5999999995624,29.9678531780183,29.9678531780183,0.03214682198170138,0.06431145276546602,13.632199236679512,13.696510689444978,False
1686.099999999562,29.967897663050685,29.967897663050685,0.03210233694931475,0.06422245805672588,13.632359881794716,13.696582339851442,False
1686.5999999995615,29.96794208652432,29.96794208652432,0.0320579134756791,0.06413358649959378,13.632520304607908,13.696653891107502,False
1687.099999999561,29.967986448524393,29.967986448524393,0.03201355147560747,0.06404483792364601,13.632680505426713,13.696725343350359,False
1687.5999999995606,29.96803074913597,29.96803074913597,0.03196925086403013,0.0639562121586934,13.632840484558331,13.696796696717024,False
1688.0999999995602,29.968074988444005,29.968074988444005,0.03192501155599459,0.06386770903478123,13.633000242309532,13.696867951344313,False
1688.5999999995597,29.96811916653333,29.96811916653333,0.031880833466669145,0.06377932838221056,13.633159778986663,13.696939107368873,False
1689.0999999995593,29.968163283488654,29.968163283488654,0.03183671651134645,0.06369107003150987,13.63331909489565,13.69701016492716,False
1689.5999999995588,29.968207339394578,29.968207339394578,0.031792660605422185,0.06360293381342075,13.633478190341997,13.697081124155417,False
1690.0999999995583,29.968251334335584,29.968251334335584,0.031748665664416365,0.06351491955894772,13.633637065630769,13.697151985189716,False
1690.599999999558,29.968295268396034,29.968295268396034,0.03170473160396625,0.06342702709931558,13.633795721066635,13.69722274816595,False
1691.0999999995574,29.968339141660177,29.968339141660177,0.031660858339822795,0.06333925626597647,13.633954156953829,13.697293413219805,False
1691.599999999557,29.968382954212142,29.968382954212142,0.031617045787857734,0.06325160689062415,13.634112373596153,13.697363980486777,False
1692.0999999995565,29.968426706135944,29.968426706135944,0.031573293864056495,0.06316407880518682,13.634270371297012,13.697434450102199,False
1692.599999999556,29.96847039751548,29.96847039751548,0.031529602484521746,0.06307667184182009,13.63442815035937,13.69750482220119,False
1693.0999999995556,29.968514028434527,29.968514028434527,0.03148597156547339,0.06298938583292113,13.634585711085785,13.697575096918706,False
1693.5999999995552,29.96855759897676,29.96855759897676,0.03144240102324147,0.0629022206111074,13.634743053778395,13.697645274389503,False
1694.0999999995547,29.968601109225723,29.968601109225723,0.03139889077427682,0.06281517600923081,13.634900178738913,13.697715354748144,False
1694.5999999995543,29.968644559264852,29.968644559264852,0.03135544073514751,0.06272825186037778,13.635057086268636,13.697785338129014,False
1695.0999999995538,29.96868794917746,29.96868794917746,0.03131205082253885,0.06264144799786919,13.635213776668456,13.697855224666325,False
1695.5999999995533,29.968731279046757,29.968731279046757,0.031268720953242735,0.0625547642552533,13.635370250238832,13.697925014494086,False
1696.099999999553,29.96877454895583,29.96877454895583,0.031225451044168295,0.06246820046629864,13.635526507279815,13.697994707746114,False
1696.5999999995524,29.968817758987658,29.968817758987658,0.031182241012341905,0.062381756465015314,13.635682548091038,13.698064304556054,False
1697.099999999552,29.968860909225093,29.968860909225093,0.031139090774907174,0.062295432085633706,13.635838372971726,13.69813380505736,False
1697.5999999995515,29.968903999750875,29.968903999750875,0.031096000249124955,0.06220922716263999,13.63599398222068,13.69820320938332,False
1698.099999999551,29.968947030647644,29.968947030647644,0.031052969352355575,0.06212314153069798,13.636149376136295,13.698272517666993,False
1698.5999999995506,29.968990001997906,29.968990001997906,0.031009998002094363,0.06203717502476991,13.636304555016554,13.698341730041324,False
1699.0999999995502,29.969032913884067,29.969032913884067,0.030967086115932574,0.06195132747997434,13.636459519159024,13.698410846638998,False
1699.5999999995497,29.969075766388418,29.969075766388418,0.030924233611582252,0.06186559873170694,13.636614268860859,13.698479867592566,False
1700.0999999995493,29.969118559593124,29.969118559593124,0.030881440406876237,0.06177998861556944,13.636768804418804,13.698548793034373,False
1700.5999999995488,29.969161293580246,29.969161293580246,0.030838706419753947,0.06169449696741225,13.63692312612919,13.698617623096602,False
1701.0999999995483,29.969203968431728,29.969203968431728,0.030796031568272042,0.06160912362329185,13.637077234287949,13.69868635791124,False
1701.599999999548,29.969246584229406,29.969246584229406,0.03075341577059376,0.061523868419499195,13.637231129190589,13.698754997610088,False
1702.0999999995474,29.969289141055,29.969289141055,0.030710858944999586,0.0614387311925384,13.637384811132215,13.698823542324753,False
1702.599999999547,29.969331638990116,29.969331638990116,0.030668361009883682,0.06135371177916227,13.637538280407533,13.698891992186695,False
1703.0999999995465,29.969374078116243,29.969374078116243,0.030625921883757456,0.06126881001634388,13.637691537310824,13.698960347327167,False
1703.599999999546,29.969416458514765,29.969416458514765,0.030583541485235344,0.061184025741269465,13.637844582135969,13.699028607877239,False
1704.0999999995456,29.96945878026695,29.96945878026695,0.03054121973304902,0.06109935879135264,13.637997415176452,13.699096773967804,False
1704.5999999995452,29.969501043453953,29.969501043453953,0.030498956546047395,0.061014809004248605,13.638150036725332,13.69916484572958,False
1705.0999999995447,29.969543248156814,29.969543248156814,0.03045675184318597,0.06093037621782571,13.638302447075278,13.699232823293103,False
1705.5999999995443,29.96958539445647,29.96958539445647,0.03041460554353037,0.060846060270172586,13.638454646518548,13.699300706788721,False
1706.0999999995438,29.96962748243373,29.96962748243373,0.030372517566270574,0.06076186099961234,13.638606635347,13.699368496346612,False
1706.5999999995433,29.969669512169308,29.969669512169308,0.030330487830692476,0.06067777824468834,13.638758413852079,13.699436192096767,False
1707.099999999543,29.969711483743794,29.969711483743794,0.03028851625620632,0.060593811844164236,13.638909982324833,13.699503794168997,False
1707.5999999995424,29.969753397237678,29.969753397237678,0.030246602762321828,0.06050996163701683,13.63906134105591,13.699571302692927,False
1708.099999999542,29.969795252731327,29.969795252731327,0.03020474726867306,0.06042622746247872,13.639212490335552,13.699638717798031,False
1708.5999999995415,29.969837050305006,29.969837050305006,0.030162949694993557,0.06034260915996015,13.639363430453594,13.699706039613554,False
1709.099999999541,29.96987879003887,29.96987879003887,0.030121209961130546,0.060259106569120036,13.639514161699479,13.699773268268599,False
1709.5999999995406,29.96992047201295,29.96992047201295,0.030079527987048493,0.06017571952983758,13.639664684362248,13.699840403892086,False
1710.0999999995402,29.96996209630718,29.96996209630718,0.030037903692818446,0.060092447882219346,13.63981499873054,13.699907446612759,False
1710.5999999995397,29.97000366300137,29.97000366300137,0.029996336998628692,0.06000929146658507,13.639965105092593,13.699974396559178,False
1711.0999999995392,29.97004517217524,29.97004517217524,0.02995482782475989,0.059926250123460534,13.640115003736243,13.700041253859704,False
1711.5999999995388,29.97008662390838,29.97008662390838,0.02991337609162059,0.059843323693613115,13.640264694948941,13.700108018642554,False
1712.0999999995383,29.970128018280267,29.970128018280267,0.029871981719733043,0.059760512018044665,13.640414179017728,13.700174691035773,False
1712.5999999995379,29.97016935537029,29.97016935537029,0.029830644629708303,0.059677814937941775,13.64056345622925,13.700241271167192,False
1713.0999999995374,29.970210635257715,29.970210635257715,0.02978936474228533,0.05959523229472552,13.640712526869759,13.700307759164485,False
1713.599999999537,29.970251858021694,29.970251858021694,0.02974814197830611,0.05951276393004434,13.640861391225108,13.700374155155153,False
1714.0999999995365,29.97029302374128,29.97029302374128,0.02970697625871921,0.05943040968575275,13.641010049580759,13.700440459266511,False
1714.599999999536,29.970334132495417,29.970334132495417,0.029665867504583332,0.059348169403918405,13.641158502221774,13.700506671625693,False
1715.0999999995356,29.97037518436292,29.97037518436292,0.029624815637081525,0.05926604292686477,13.641306749432822,13.700572792359687,False
1715.5999999995352,29.970416179422514,29.970416179422514,0.029583820577485653,0.05918403009709294,13.641454791498179,13.700638821595271,False
1716.0999999995347,29.970457117752815,29.970457117752815,0.02954288224718482,0.059102130757345606,13.641602628701731,13.700704759459077,False
1716.5999999995342,29.970497999432325,29.970497999432325,0.029502000567674713,0.059020344750557285,13.641750261326965,13.700770606077523,False
1717.0999999995338,29.970538824539435,29.970538824539435,0.029461175460564704,0.0589386719199112,13.641897689656975,13.700836361576886,False
1717.5999999995333,29.970579593152436,29.970579593152436,0.02942040684756364,0.05885711210877531,13.642044913974471,13.700902026083247,False
1718.0999999995329,29.970620305349495,29.970620305349495,0.029379694650504717,0.05877566516078048,13.642191934561765,13.700967599722546,False
1718.5999999995324,29.970660961208687,29.970660961208687,0.0293390387913135,0.058694330919735194,13.642338751700779,13.701033082620514,False
1719.099999999532,29.970701560807967,29.970701560807967,0.029298439192032788,0.058613109229668225,13.642485365673052,13.70109847490272,False
1719.5999999995315,29.9707421042252,29.9707421042252,0.029257895774801312,0.05853199993483571,13.64263177675972,13.701163776694555,False
1720.099999999531,29.97078259153812,29.97078259153812,0.02921740846187859,0.05845100287969274,13.642777985241542,13.701228988121235,False
1720.5999999995306,29.970823022824373,29.970823022824373,0.029176977175627172,0.05837011790893598,13.642923991398884,13.70129410930782,False
1721.0999999995302,29.97086339816148,29.97086339816148,0.029136601838519738,0.05828934486745396,13.643069795511725,13.701359140379179,False
1721.5999999995297,29.97090371762687,29.97090371762687,0.029096282373128446,0.058208683600362576,13.643215397859654,13.701424081460017,False
1722.0999999995292,29.97094398129786,29.97094398129786,0.02905601870213914,0.058128133952983774,13.643360798721874,13.701488932674858,False
1722.5999999995288,29.970984189251652,29.970984189251652,0.029015810748347803,0.05804769577086688,13.643505998377208,13.701553694148075,False
1723.0999999995283,29.971024341565357,29.971024341565357,0.02897565843464278,0.057967368899745964,13.64365099710408,13.701618366003826,False
1723.5999999995279,29.971064438315963,29.971064438315963,0.02893556168403677,0.05788715318560378,13.643795795180543,13.701682948366146,False
1724.0999999995274,29.97110447958036,29.97110447958036,0.028895520419638387,0.05780704847461493,13.643940392884254,13.701747441358869,False
1724.599999999527,29.971144465435337,29.971144465435337,0.028855534564662833,0.05772705461317429,13.644084790492494,13.701811845105668,False
1725.0999999995265,29.97118439595756,29.97118439595756,0.02881560404243899,0.05764717144788278,13.644228988282155,13.701876159730038,False
1725.599999999526,29.97122427122361,29.97122427122361,0.028775728776391674,0.057567398825554505,13.644372986529747,13.701940385355302,False
1726.0999999995256,29.971264091309937,29.971264091309937,0.028735908690062928,0.057487736593238026,13.644516785511401,13.70200452210464,False
1726.5999999995252,29.971303856292906,29.971303856292906,0.02869614370709428,0.057408184598166656,13.64466038550286,13.702068570101027,False
1727.0999999995247,29.971343566248773,29.971343566248773,0.02865643375122673,0.057328742687779766,13.644803786779487,13.702132529467267,False
1727.5999999995242,29.971383221253678,29.971383221253678,0.02861677874632207,0.05724941070975831,13.644946989616273,13.70219640032603,False
1728.0999999995238,29.97142282138367,29.97142282138367,0.02857717861633091,0.05717018851196798,13.645089994287808,13.702260182799776,False
1728.5999999995233,29.97146236671468,29.97146236671468,0.028537633285321107,0.05709107594249474,13.645232801068323,13.702323877010818,False
1729.0999999995229,29.97150185732254,29.97150185732254,0.02849814267745998,0.05701207284963061,13.645375410231662,13.702387483081292,False
1729.5999999995224,29.97154129328298,29.97154129328298,0.028458706717021443,0.05693317908189499,13.645517822051284,13.702451001133179,False
1730.099999999522,29.971580674671614,29.971580674671614,0.02841932532838598,0.05685439448799201,13.645660036800278,13.70251443128827,False
1730.5999999995215,29.971620001563966,29.971620001563966,0.02837999843603356,0.056775718916846074,13.645802054751353,13.7025777736682,False
1731.099999999521,29.971659274035453,29.971659274035453,0.028340725964547175,0.05669715221758054,13.645943876176837,13.702641028394417,False
1731.5999999995206,29.97169849216137,29.97169849216137,0.028301507838630613,0.05661869423956034,13.646085501348683,13.702704195588243,False
1732.0999999995202,29.971737656016927,29.971737656016927,0.028262343983072924,0.056540344832320955,13.64622693053847,13.70276727537079,False
1732.5999999995197,29.971776765677223,29.971776765677223,0.028223234322776847,0.05646210384563233,13.6463681640174,13.702830267863032,False
1733.0999999995192,29.97181582121726,29.97181582121726,0.028184178782741043,0.05638397112944915,13.6465092020563,13.70289317318575,False
1733.5999999995188,29.971854822711926,29.971854822711926,0.028145177288074308,0.05630594653393928,13.646650044925618,13.702955991459557,False
1734.0999999995183,29.971893770236,29.971893770236,0.028106229763999124,0.05622802990950504,13.646790692895436,13.703018722804941,False
1734.5999999995179,29.971932663864177,29.971932663864177,0.02806733613582324,0.05615022110673351,13.646931146235454,13.703081367342188,False
1735.0999999995174,29.97197150367104,29.97197150367104,0.028028496328960983,0.05607251997641072,13.647071405215009,13.70314392519142,False
1735.599999999517,29.97201028973106,29.97201028973106,0.02798971026894037,0.05599492636953585,13.64721147010305,13.703206396472586,False
1736.0999999995165,29.972049022118618,29.972049022118618,0.02795097788138179,0.055917440137328356,13.647351341168164,13.703268781305493,False
1736.599999999516,29.972087700907988,29.972087700907988,0.027912299092012205,0.05584006113118534,13.647491018678569,13.703331079809754,False
1737.0999999995156,29.972126326173335,29.972126326173335,0.02787367382666517,0.05576278920273836,13.6476305029021,13.703393292104838,False
1737.5999999995151,29.972164897988723,29.972164897988723,0.027835102011277257,0.05568562420381795,13.647769794106237,13.703455418310055,False
1738.0999999995147,29.972203416428123,29.972203416428123,0.02779658357187742,0.055608565986453584,13.647908892558078,13.703517458544532,False
1738.5999999995142,29.97224188156539,29.97224188156539,0.027758118434608292,0.05553161440286658,13.648047798524356,13.703579412927223,False
1739.0999999995138,29.972280293474295,29.972280293474295,0.02771970652570488,0.055454769305505636,13.648186512271437,13.703641281576942,False
1739.5999999995133,29.972318652228484,29.972318652228484,0.027681347771515874,0.0553780305470184,13.64832503406531,13.703703064612329,False
1740.0999999995129,29.97235695790153,29.97235695790153,0.027643042098471682,0.05530139798023015,13.648463364171604,13.703764762151835,False
1740.5999999995124,29.972395210566866,29.972395210566866,0.027604789433134158,0.055224871458214864,13.648601502855579,13.703826374313794,False
1741.099999999512,29.97243341029786,29.97243341029786,0.027566589702139765,0.055148450834217044,13.648739450382124,13.70388790121634,False
1741.5999999995115,29.972471557167758,29.972471557167758,0.027528442832242206,0.05507213596169436,13.648877207015762,13.703949342977456,False
1742.099999999511,29.972509651249705,29.972509651249705,0.027490348750294658,0.054995926694310526,13.649014773020658,13.704010699714969,False
1742.5999999995106,29.972547692616757,29.972547692616757,0.02745230738324267,0.05491982288592823,13.649152148660605,13.704071971546533,False
1743.0999999995101,29.972585681341855,29.972585681341855,0.027414318658145476,0.05484382439061619,13.649289334199029,13.704133158589645,False
1743.5999999995097,29.972623617497845,29.972623617497845,0.027376382502154684,0.054767931062635,13.649426329898997,13.704194260961632,False
1744.0999999995092,29.972661501157475,29.972661501157475,0.027338498842524928,0.054692142756458395,13.649563136023206,13.704255278779664,False
1744.5999999995088,29.97269933239339,29.97269933239339,0.027300667606610318,0.05461645932675907,13.649699752833993,13.704316212160752,False
1745.0999999995083,29.972737111278136,29.972737111278136,0.027262888721864442,0.05454088062839446,13.64983618059333,13.704377061221724,False
1745.5999999995079,29.972774837884153,29.972774837884153,0.027225162115847468,0.05446540651645648,13.64997241956283,13.704437826079287,False
1746.0999999995074,29.972812512283785,29.972812512283785,0.027187487716215486,0.054390036846200474,13.650108470003746,13.704498506849946,False
1746.599999999507,29.972850134549287,29.972850134549287,0.027149865450713406,0.054314771473094936,13.650244332176959,13.704559103650054,False
1747.0999999995065,29.97288770475279,29.97288770475279,0.027112295247210483,0.054239610252821535,13.650380006342992,13.704619616595814,False
1747.599999999506,29.972925222966342,29.972925222966342,0.027074777033657682,0.05416455304125378,13.650515492762018,13.704680045803272,False
1748.0999999995056,29.972962689261884,29.972962689261884,0.027037310738116105,0.054089599694471246,13.65065079169384,13.704740391388311,False
1748.5999999995051,29.973000103711268,29.973000103711268,0.026999896288732117,0.05401475006872403,13.650785903397907,13.70480065346663,False
1749.0999999995047,29.973037466386234,29.973037466386234,0.02696253361376577,0.053940004020489596,13.650920828133305,13.704860832153795,False
1749.5999999995042,29.97307477735843,29.97307477735843,0.02692522264156949,0.05386536140644438,13.651055566158762,13.704920927565206,False
1750.0999999995038,29.973112036699394,29.973112036699394,0.026887963300605833,0.05379082208346375,13.65119011773265,13.704980939816114,False
1750.5999999995033,29.973149244480584,29.973149244480584,0.026850755519415515,0.05371638590859362,13.651324483112978,13.705040869021571,False
1751.0999999995029,29.973186400773344,29.973186400773344,0.026813599226656493,0.053642052739114376,13.65145866255741,13.705100715296524,False
1751.5999999995024,29.973223505648928,29.973223505648928,0.02677649435107199,0.05356782243246272,13.651592656323237,13.7051604787557,False
1752.099999999502,29.97326055917848,29.97326055917848,0.02673944082151891,0.05349369484631694,13.651726464667409,13.705220159513726,False
1752.5999999995015,29.973297561433057,29.973297561433057,0.026702438566942988,0.05341966983853297,13.651860087846513,13.705279757685046,False
1753.099999999501,29.97333451248362,29.97333451248362,0.02666548751637876,0.05334574726714436,13.651993526116781,13.705339273383926,False
1753.5999999995006,29.973371412401022,29.973371412401022,0.026628587598978015,0.05327192699040495,13.65212677973409,13.705398706724495,False
1754.0999999995001,29.97340826125601,29.97340826125601,0.026591738743988458,0.05319820886677462,13.652259848953964,13.705458057820739,False
1754.5999999994997,29.973445059119257,29.973445059119257,0.02655494088074306,0.05312459275488379,13.652392734031576,13.70551732678646,False
1755.0999999994992,29.97348180606133,29.97348180606133,0.02651819393867072,0.05305107851354762,13.652525435221737,13.705576513735284,False
1755.5999999994988,29.973518502152682,29.973518502152682,0.02648149784731757,0.052977666001822854,13.652657952778924,13.705635618780747,False
1756.0999999994983,29.973555147463685,29.973555147463685,0.02644485253631501,0.05290435507892255,13.652790286957242,13.705694642036164,False
1756.5999999994979,29.973591742064613,29.973591742064613,0.026408257935386814,0.05283114560427293,13.652922438010451,13.705753583614724,False
1757.0999999994974,29.973628286025637,29.973628286025637,0.02637171397436333,0.05275803743747787,13.653054406191965,13.705812443629442,False
1757.599999999497,29.973664779416833,29.973664779416833,0.026335220583167285,0.05268503043836148,13.65318619175484,13.7058712221932,False
1758.0999999994965,29.973701222308176,29.973701222308176,0.026298777691824426,0.05261212446691843,13.653317794951786,13.705929919418704,False
1758.599999999496,29.97373761476955,29.97373761476955,0.026262385230449325,0.05253931938335654,13.653449216035163,13.70598853541852,False
1759.0999999994956,29.973773956870744,29.973773956870744,0.026226043129256027,0.052466615048054166,13.653580455256984,13.706047070305038,False
1759.5999999994951,29.973810248681446,29.973810248681446,0.0261897513185545,0.05239401132159571,13.653711512868906,13.706105524190502,False
1760.0999999994947,29.973846490271242,29.973846490271242,0.02615350972875774,0.052321508064764544,13.653842389122245,13.70616389718701,False
1760.5999999994942,29.973882681709632,29.973882681709632,0.026117318290367564,0.05224910513853587,13.653973084267964,13.7062221894065,False
1761.0999999994938,29.97391882306602,29.97391882306602,0.02608117693398171,0.05217680240405542,13.654103598556686,13.706280400960742,False
1761.5999999994933,29.973954914409706,29.973954914409706,0.026045085590293837,0.052104599722675005,13.654233932238677,13.706338531961352,False
1762.0999999994929,29.973990955809903,29.973990955809903,0.026009044190097086,0.05203249695595247,13.654364085563865,13.706396582519817,False
1762.5999999994924,29.974026947335712,29.974026947335712,0.02597305266428762,0.051960493965630405,13.654494058781827,13.706454552747457,False
1763.099999999492,29.97406288905616,29.97406288905616,0.02593711094383977,0.05188859061362194,13.6546238521418,13.706512442755422,False
1763.5999999994915,29.974098781040162,29.974098781040162,0.02590121895983799,0.05181678676205337,13.65475346589267,13.706570252654723,False
1764.099999999491,29.974134623356548,29.974134623356548,0.02586537664345201,0.051745082273242815,13.654882900282983,13.706627982556226,False
1764.5999999994906,29.974170416074045,29.974170416074045,0.02582958392595458,0.05167347700967895,13.655012155560941,13.70668563257062,False
1765.0999999994901,29.97420615926129,29.97420615926129,0.025793840738710827,0.05160197083406359,13.655141231974401,13.706743202808465,False
1765.5999999994897,29.97424185298682,29.97424185298682,0.025758147013178245,0.05153056360926911,13.655270129770873,13.706800693380142,False
1766.0999999994892,29.974277497319086,29.974277497319086,0.025722502680913806,0.05145925519837391,13.65539884919753,13.706858104395904,False
1766.5999999994888,29.974313092326437,29.974313092326437,0.025686907673563297,0.05138804546463405,13.655527390501202,13.706915435965836,False
1767.0999999994883,29.97434863807713,29.97434863807713,0.025651361922868432,0.051316934271497416,13.655655753928379,13.706972688199876,False
1767.5999999994879,29.974384134639326,29.974384134639326,0.02561586536067395,0.05124592148260376,13.655783939725207,13.707029861207811,False
1768.0999999994874,29.974419582081094,29.974419582081094,0.025580417918906306,0.05117500696177757,13.655911948137492,13.70708695509927,False
1768.599999999487,29.974454980470405,29.974454980470405,0.02554501952959498,0.051104190573042274,13.6560397794107,13.707143969983742,False
1769.0999999994865,29.974490329875135,29.974490329875135,0.02550967012486538,0.05103347218059895,13.656167433789959,13.707200905970558,False
1769.599999999486,29.974525630363075,29.974525630363075,0.02547436963692462,0.05096285164884051,13.656294911520053,13.707257763168894,False
1770.0999999994856,29.974560882001914,29.974560882001914,0.025439117998086402,0.050892328842344625,13.656422212845433,13.707314541687778,False
1770.5999999994851,29.974596084859247,29.974596084859247,0.02540391514075324,0.05082190362588079,13.656549338010208,13.707371241636089,False
1771.0999999994847,29.974631239002587,29.974631239002587,0.02536876099741292,0.05075157586439616,13.656676287258154,13.70742786312255,False
1771.5999999994842,29.974666344499333,29.974666344499333,0.025333655500666907,0.05068134542304392,13.656803060832706,13.70748440625575,False
1772.0999999994838,29.974701401416812,29.974701401416812,0.025298598583187726,0.05061121216714071,13.656929658976956,13.707540871144097,False
1772.5999999994833,29.974736409822246,29.974736409822246,0.02526359017775448,0.05054117596220209,13.657056081933668,13.70759725789587,False
1773.0999999994829,29.97477136978276,29.97477136978276,0.025228630217238646,0.05047123667393549,13.657182329945272,13.707653566619207,False
1773.5999999994824,29.9748062813654,29.9748062813654,0.025193718634600515,0.05040139416822598,13.657308403253857,13.707709797422083,False
1774.099999999482,29.974841144637107,29.974841144637107,0.02515885536289275,0.05033164831114334,13.657434302101178,13.707765950412321,False
1774.5999999994815,29.97487595966474,29.97487595966474,0.02512404033526039,0.05026199896893502,13.657560026728651,13.707822025697586,False
1775.099999999481,29.974910726515052,29.974910726515052,0.025089273484947938,0.0501924460080545,13.657685577377368,13.707878023385422,False
1775.5999999994806,29.97494544525472,29.97494544525472,0.02505455474528162,0.050122989295118714,13.657810954288085,13.707933943583203,False
1776.0999999994801,29.97498011595031,29.97498011595031,0.025019884049690688,0.050053628696950625,13.657936157701213,13.707989786398164,False
1776.5999999994797,29.975014738668314,29.975014738668314,0.024985261331686104,0.049984364080536636,13.65806118785685,13.708045551937387,False
1777.0999999994792,29.97504931347512,29.97504931347512,0.024950686524878307,0.049915195313054994,13.658186044994746,13.708101240307801,False
1777.5999999994788,29.97508384043703,29.97508384043703,0.024916159562970108,0.04984612226187579,13.658310729354321,13.708156851616197,False
1778.0999999994783,29.97511831962025,29.97511831962025,0.024881680379749582,0.04977714479454676,13.658435241174672,13.708212385969219,False
1778.5999999994779,29.975152751090896,29.975152751090896,0.02484724890910428,0.04970826277880036,13.658559580694558,13.708267843473358,False
1779.0999999994774,29.975187134914993,29.975187134914993,0.02481286508500702,0.0496394760825396,13.65868374815241,13.708323224234949,False
1779.599999999477,29.97522147115848,29.97522147115848,0.02477852884151943,0.04957078457385933,13.658807743786328,13.708378528360187,False
1780.0999999994765,29.975255759887194,29.975255759887194,0.024744240112806182,0.04950218812104623,13.658931567834086,13.708433755955133,False
1780.599999999476,29.975290001166886,29.975290001166886,0.024709998833113644,0.04943368659256464,13.659055220533123,13.708488907125687,False
1781.0999999994756,29.97532419506322,29.97532419506322,0.024675804936780565,0.04936527985705652,13.659178702120558,13.708543981977614,False
1781.5999999994751,29.975358341641762,29.975358341641762,0.02464165835823806,0.04929696778333437,13.659302012833168,13.708598980616502,False
1782.0999999994747,29.975392440967994,29.975392440967994,0.024607559032006066,0.04922875024041673,13.65942515290742,13.708653903147837,False
1782.5999999994742,29.975426493107303,29.975426493107303,0.024573506892696884,0.04916062709747848,13.65954812257944,13.70870874967692,False
1783.0999999994738,29.97546049812499,29.97546049812499,0.024539501875011638,0.04909259822390055,13.65967092208503,13.708763520308931,False
1783.5999999994733,29.975494456086253,29.975494456086253,0.024505543913747374,0.049024663489227294,13.659793551659675,13.708818215148902,False
1784.0999999994729,29.975528367056217,29.975528367056217,0.02447163294378285,0.0489568227631878,13.659916011538519,13.708872834301706,False
1784.5999999994724,29.975562231099904,29.975562231099904,0.0244377689000963,0.04888907591570302,13.660038301956392,13.708927377872095,False
1785.099999999472,29.975596048282252,29.975596048282252,0.024403951717747674,0.0488214228168502,13.660160423147795,13.708981845964646,False
1785.5999999994715,29.975629818668114,29.975629818668114,0.024370181331885732,0.04875386333689846,13.660282375346908,13.709036238683806,False
1786.099999999471,29.975663542322238,29.975663542322238,0.02433645767776227,0.04868639734630875,13.660404158787578,13.709090556133887,False
1786.5999999994706,29.9756972193093,29.9756972193093,0.024302780690700132,0.048619024715698345,13.66052577370334,13.709144798419038,False
1787.0999999994701,29.97573084969387,29.97573084969387,0.02426915030612875,0.048551745315883466,13.660647220327396,13.70919896564328,False
1787.5999999994697,29.975764433540448,29.975764433540448,0.02423556645955216,0.04848455901783666,13.660768498892633,13.70925305791047,False
1788.0999999994692,29.975797970913423,29.975797970913423,0.024202029086577426,0.04841746569274363,13.660889609631607,13.70930707532435,False
1788.5999999994688,29.97583146187711,29.97583146187711,0.02416853812288977,0.04835046521193931,13.661010552776562,13.7093610179885,False
1789.0999999994683,29.975864906495733,29.975864906495733,0.02413509350426679,0.04828355744692914,13.661131328559415,13.709414886006345,False
1789.5999999994679,29.975898304833418,29.975898304833418,0.024101695166582005,0.04821674226943884,13.661251937211762,13.709468679481201,False
1790.0999999994674,29.975931656954216,29.975931656954216,0.024068343045783536,0.04815001955132914,13.661372378964879,13.709522398516208,False
1790.599999999467,29.97596496292208,29.97596496292208,0.024035037077918986,0.048083389164645496,13.661492654049724,13.70957604321437,False
1791.0999999994665,29.97599822280088,29.97599822280088,0.02400177719912122,0.04801685098163233,13.661612762696933,13.709629613678565,False
1791.599999999466,29.976031436654388,29.976031436654388,0.023968563345611926,0.04795040487469748,13.661732705136822,13.70968311001152,False
1792.0999999994656,29.97606460454629,29.97606460454629,0.023935395453708708,0.047884050716433535,13.661852481599395,13.709736532315828,False
1792.5999999994651,29.9760977265402,29.9760977265402,0.023902273459800227,0.04781778837958228,13.661972092314329,13.709789880693911,False
1793.0999999994647,29.976130802699625,29.976130802699625,0.023869197300374623,0.04775161773709158,13.662091537510987,13.709843155248079,False
1793.5999999994642,29.976163833088,29.976163833088,0.023836166912001744,0.047685538662065596,13.662210817418417,13.709896356080483,False
1794.0999999994638,29.976196817768646,29.976196817768646,0.02380318223135447,0.04761955102780746,13.662329932265346,13.709949483293153,False
1794.5999999994633,29.976229756804827,29.976229756804827,0.02377024319517318,0.04755365470776951,13.662448882280188,13.710002536987957,False
1795.0999999994629,29.976262650259706,29.976262650259706,0.023737349740294178,0.047487849575588825,13.662567667691032,13.710055517266621,False
1795.5999999994624,29.976295498196357,29.976295498196357,0.023704501803642586,0.04742213550508012,13.662686288725666,13.710108424230746,False
1796.099999999462,29.97632830067776,29.97632830067776,0.023671699322239448,0.047356512370242854,13.66280474561155,13.710161257981794,False
1796.5999999994615,29.976361057766827,29.976361057766827,0.02363894223317331,0.0472909800452328,13.662923038575839,13.710214018621071,False
1797.099999999461,29.97639376952637,29.97639376952637,0.023606230473628642,0.047225538404376266,13.663041167845368,13.710266706249744,False
1797.5999999994606,29.97642643601912,29.97642643601912,0.02357356398087873,0.0471601873221843,13.663159133646657,13.710319320968841,False
1798.0999999994601,29.976459057307714,29.976459057307714,0.023540942692285682,0.04709492667335269,13.663276936205914,13.710371862879267,False
1798.5999999994597,29.9764916334547,29.9764916334547,0.02350836654530042,0.047029756332740646,13.663394575749038,13.710424332081779,False
1799.0999999994592,29.976524164522548,29.976524164522548,0.023475835477452023,0.04696467617537081,13.663512052501607,13.710476728676978,False
1799.5999999994588,29.976556650573645,29.976556650573645,0.023443349426354843,0.046899686076450564,13.6636293666889,13.71052905276535,False
1800.0999999994583,29.97658909167028,29.97658909167028,0.02341090832971915,0.04683478591135071,13.663746518535866,13.710581304447217,False
